stratum_spec,stratum,target_id,model,fold,n_train_local,n_test,MAE_global,MAE_local,MAE_dummy,Skill_global,Skill_local,delta_skill
depth_q4,Q1,Sq_um,ridge,0,33,12,1.3937963174240187,1.3142287189575896,1.3401234653601737,-0.040050677009390245,0.019322657256527154,0.0593733342659174
depth_q4,Q1,rms_DCT_8_16_um,ridge,0,33,12,0.3661763655740326,0.32624860472636136,0.36659550323601287,0.001143324613314789,0.11005835629051974,0.10891503167720495
depth_q4,Q1,rms_DCT_16_32_um,ridge,0,33,12,0.4399661011826092,0.41636914685533816,0.49306226378748064,0.107686526640694,0.1555444871059909,0.04785796046529689
depth_q4,Q1,rms_DCT_32_64_um,ridge,0,33,12,0.4968464344223626,0.4497609147227761,0.48656197497427756,-0.02113699790993473,0.07563488752578129,0.09677188543571602
depth_q4,Q1,rms_DCT_64_inf_um,ridge,0,33,12,1.158475801200736,1.0407164789522312,1.034433975658876,-0.11991275273306079,-0.006073372918125042,0.11383937981493575
depth_q4,Q1,Sq_um,extratrees,0,33,12,1.0608607165457695,1.2479484122752005,1.3401234653601737,0.20838583610604045,0.06878101568067096,-0.13960482042536948
depth_q4,Q1,rms_DCT_8_16_um,extratrees,0,33,12,0.21953279257724115,0.24892938995194547,0.36659550323601287,0.40115797755460536,0.3209698761861637,-0.08018810136844168
depth_q4,Q1,rms_DCT_16_32_um,extratrees,0,33,12,0.23424603396991572,0.3321849600590901,0.49306226378748064,0.5249159159523912,0.3262819232861264,-0.1986339926662648
depth_q4,Q1,rms_DCT_32_64_um,extratrees,0,33,12,0.32145382965325225,0.43001683839518295,0.48656197497427756,0.33933631030199973,0.11621363667410278,-0.22312267362789695
depth_q4,Q1,rms_DCT_64_inf_um,extratrees,0,33,12,0.9725679675610609,1.1490730995293281,1.034433975658876,0.059806628120861904,-0.110823045808635,-0.1706296739294969
depth_q4,Q2,Sq_um,ridge,0,33,9,0.5210728749017186,0.639802971480247,1.1354761906735835,0.5410974891577344,0.4365333445691141,-0.10456414458862029
depth_q4,Q2,rms_DCT_8_16_um,ridge,0,33,9,0.254439494506522,0.2013717257964358,0.35533701613719265,0.28394880648098586,0.4332936996389707,0.14934489315798483
depth_q4,Q2,rms_DCT_16_32_um,ridge,0,33,9,0.32252426704830695,0.33452008052446874,0.48993013850398515,0.34169335237643583,0.3172086094847425,-0.024484742891693334
depth_q4,Q2,rms_DCT_32_64_um,ridge,0,33,9,0.3803858912834723,0.5531556321047142,0.6220586247761895,0.38850475480453095,0.11076607561910401,-0.27773867918542694
depth_q4,Q2,rms_DCT_64_inf_um,ridge,0,33,9,0.18616661755734246,0.41175819589785406,0.7376535800695602,0.7476232440439222,0.44180004405452,-0.3058231999894022
depth_q4,Q2,Sq_um,extratrees,0,33,9,0.5375505788889533,0.4849803072646252,1.1354761906735835,0.5265857766950892,0.5728837722463147,0.04629799555122549
depth_q4,Q2,rms_DCT_8_16_um,extratrees,0,33,9,0.17856338715657855,0.150688064249046,0.35533701613719265,0.4974816046532098,0.5759291675065268,0.078447562853317
depth_q4,Q2,rms_DCT_16_32_um,extratrees,0,33,9,0.31578526006535523,0.32227474328479944,0.48993013850398515,0.35544838896905995,0.34220265716072495,-0.013245731808334993
depth_q4,Q2,rms_DCT_32_64_um,extratrees,0,33,9,0.3777722809410371,0.34334354389516875,0.6220586247761895,0.3927063046879933,0.4480527554477677,0.0553464507597744
depth_q4,Q2,rms_DCT_64_inf_um,extratrees,0,33,9,0.25701609563163375,0.3113358798135464,0.7376535800695602,0.6515761563749243,0.5779375465320895,-0.07363860984283477
depth_q4,Q3,Sq_um,ridge,0,46,3,0.8359171129117242,0.4452528699586562,0.4654925259004348,-0.795769139998008,0.04348008789749647,0.8392492278955045
depth_q4,Q3,rms_DCT_8_16_um,ridge,0,46,3,0.09904674155571586,0.12831676378450732,0.16351776451975455,0.3942753446598761,0.21527325082159254,-0.17900209383828358
depth_q4,Q3,rms_DCT_16_32_um,ridge,0,46,3,0.19235633036112385,0.16419763124369996,0.2221109555441847,0.13396288854892502,0.26074051213995153,0.1267776235910265
depth_q4,Q3,rms_DCT_32_64_um,ridge,0,46,3,0.39734726152124905,0.21826028694055286,0.18124813375246215,-1.1922833261495653,-0.20420708573275403,0.9880762404168113
depth_q4,Q3,rms_DCT_64_inf_um,ridge,0,46,3,0.690808878064881,0.2931841097527525,0.28000552961239183,-1.4671258421973277,-0.04706542816709236,1.4200604140302353
depth_q4,Q3,Sq_um,extratrees,0,46,3,0.6485859824251325,0.17784385074712963,0.4654925259004348,-0.3933327525947432,0.6179447770872071,1.0112775296819503
depth_q4,Q3,rms_DCT_8_16_um,extratrees,0,46,3,0.03217784161957211,0.057324449551250885,0.16351776451975455,0.8032150102218116,0.6494298358370383,-0.15378517438477335
depth_q4,Q3,rms_DCT_16_32_um,extratrees,0,46,3,0.1990693839271369,0.17989349529683174,0.2221109555441847,0.10373901440653654,0.19007374104495534,0.08633472663841879
depth_q4,Q3,rms_DCT_32_64_um,extratrees,0,46,3,0.16152663616302565,0.07927818095167634,0.18124813375246215,0.10880938292236952,0.5625986358571298,0.45378925293476025
depth_q4,Q3,rms_DCT_64_inf_um,extratrees,0,46,3,0.40085270272116835,0.06498126970971692,0.28000552961239183,-0.4315885235411734,0.7679286198395093,1.1995171433806826
depth_q4,Q4,Sq_um,ridge,0,48,16,0.8671054863165394,1.0598321293899635,1.1886909448291179,0.27053748487905616,0.10840396824733833,-0.16213351663171782
depth_q4,Q4,rms_DCT_8_16_um,ridge,0,48,16,0.2523470144551159,0.2759599903229361,0.2991610999568055,0.1564845346151249,0.07755389867606222,-0.07893063593906269
depth_q4,Q4,rms_DCT_16_32_um,ridge,0,48,16,0.2959832645210355,0.36417925420661,0.47531777448611084,0.3772939275392396,0.23381940723689132,-0.1434745203023483
depth_q4,Q4,rms_DCT_32_64_um,ridge,0,48,16,0.39966286889417635,0.5322566014771348,0.5805806094344736,0.31161519623696,0.08323393370717258,-0.2283812625297874
depth_q4,Q4,rms_DCT_64_inf_um,ridge,0,48,16,0.6423393888999563,0.750053972441125,0.8484171351256933,0.24289672814682894,0.11593726554096018,-0.12695946260586877
depth_q4,Q4,Sq_um,extratrees,0,48,16,0.730079530253996,0.9945715201766135,1.1886909448291179,0.38581215459755214,0.16330521023730882,-0.22250694436024332
depth_q4,Q4,rms_DCT_8_16_um,extratrees,0,48,16,0.1882518467166937,0.26090013967414594,0.2991610999568055,0.37073420727536266,0.1278941690219213,-0.24284003825344136
depth_q4,Q4,rms_DCT_16_32_um,extratrees,0,48,16,0.2425915063184244,0.3601415385780141,0.47531777448611084,0.489622481337455,0.2423141781992465,-0.2473083031382085
depth_q4,Q4,rms_DCT_32_64_um,extratrees,0,48,16,0.38766010433762366,0.5493391788826176,0.5805806094344736,0.3322889224370895,0.0538106682244992,-0.2784782542125903
depth_q4,Q4,rms_DCT_64_inf_um,extratrees,0,48,16,0.49111037372462457,0.7246346936139387,0.8484171351256933,0.4211451497241785,0.14589809232626605,-0.27524705739791244
sq_q4,Q1,median_depth_um,ridge,0,36,8,8.78573071774695,9.310531555346849,19.737962500000002,0.5548815781898992,0.5282931784196647,-0.026588399770234528
sq_q4,Q1,rms_DCT_8_16_um,ridge,0,36,8,0.30570014291994996,0.269666906744396,0.4169766552896974,0.26686508934759745,0.3532805654142843,0.08641547606668687
sq_q4,Q1,rms_DCT_16_32_um,ridge,0,36,8,0.36111157336989497,0.3932007966663316,0.5644003612940379,0.36018543194772124,0.3033300053798438,-0.056855426567877454
sq_q4,Q1,rms_DCT_32_64_um,ridge,0,36,8,0.6792295026922397,0.8553513062520134,0.870771861406247,0.2199684753302401,0.017709064610023417,-0.2022594107202167
sq_q4,Q1,rms_DCT_64_inf_um,ridge,0,36,8,1.3928559510821517,1.7137396544846206,1.7175157356328068,0.1890287103722147,0.0021985715005952144,-0.18683013887161948
sq_q4,Q1,median_depth_um,extratrees,0,36,8,3.832082887539636,15.610082946845234,19.737962500000002,0.805852154824003,0.20913402551832627,-0.5967181293056767
sq_q4,Q1,rms_DCT_8_16_um,extratrees,0,36,8,0.27609410923659633,0.30936695566870365,0.4169766552896974,0.33786674689311313,0.2580712811038095,-0.07979546578930363
sq_q4,Q1,rms_DCT_16_32_um,extratrees,0,36,8,0.2481715732389405,0.29143006648501646,0.5644003612940379,0.5602916116673966,0.48364656284621166,-0.07664504882118495
sq_q4,Q1,rms_DCT_32_64_um,extratrees,0,36,8,0.6288688689682633,0.7043323013656853,0.870771861406247,0.2778029506457915,0.19114026005821005,-0.08666269058758147
sq_q4,Q1,rms_DCT_64_inf_um,extratrees,0,36,8,1.5280510829023763,1.4069824872079777,1.7175157356328068,0.11031319760259639,0.18080372830494928,0.0704905307023529
sq_q4,Q2,median_depth_um,ridge,0,39,9,8.583933097240182,9.01063738025139,13.62133789173789,0.3698171820224192,0.338491016677822,-0.0313261653445972
sq_q4,Q2,rms_DCT_8_16_um,ridge,0,39,9,0.20280857426123078,0.25408837591774036,0.2823494670607618,0.2817107948796439,0.10009259602016407,-0.18161819885947983
sq_q4,Q2,rms_DCT_16_32_um,ridge,0,39,9,0.24566049004642643,0.33097786351631403,0.371460856528468,0.3386638572304064,0.10898320051941035,-0.22968065671099602
sq_q4,Q2,rms_DCT_32_64_um,ridge,0,39,9,0.29797250160955024,0.4447109345464422,0.4602457429864955,0.3525795596151916,0.03375329088162604,-0.31882626873356557
sq_q4,Q2,rms_DCT_64_inf_um,ridge,0,39,9,0.4350139192098885,0.698742839476524,0.7579296405046009,0.4260497334287221,0.07809009948294476,-0.34795963394577734
sq_q4,Q2,median_depth_um,extratrees,0,39,9,2.0650380385718186,4.345739805925913,13.62133789173789,0.8483968274640349,0.6809608688613584,-0.16743595860267646
sq_q4,Q2,rms_DCT_8_16_um,extratrees,0,39,9,0.11207741939283686,0.15087113178651176,0.2823494670607618,0.6030542555664973,0.4656581669621349,-0.13739608860436237
sq_q4,Q2,rms_DCT_16_32_um,extratrees,0,39,9,0.2678206583237916,0.2899899167350175,0.371460856528468,0.2790070511688858,0.2193257737971288,-0.05968127737175699
sq_q4,Q2,rms_DCT_32_64_um,extratrees,0,39,9,0.2598889753657621,0.292073646067686,0.4602457429864955,0.43532562913159256,0.3653963116042206,-0.06992931752737197
sq_q4,Q2,rms_DCT_64_inf_um,extratrees,0,39,9,0.3369553763411526,0.4361646216361532,0.7579296405046009,0.5554265747981297,0.42453151542434553,-0.1308950593737842
sq_q4,Q3,median_depth_um,ridge,0,42,12,7.583869294657347,6.331046709159996,18.562442460317463,0.5914401183534959,0.6589324533829843,0.06749233502948848
sq_q4,Q3,rms_DCT_8_16_um,ridge,0,42,12,0.3339864803744506,0.3449299065080573,0.361228990505271,0.07541617878652207,0.04512119576674967,-0.030294983019772403
sq_q4,Q3,rms_DCT_16_32_um,ridge,0,42,12,0.4624442198385114,0.46844493313692803,0.5522256173492427,0.1625810079975899,0.15171459197143589,-0.010866416026154013
sq_q4,Q3,rms_DCT_32_64_um,ridge,0,42,12,0.43948625343691744,0.42807519665702976,0.4865314629281145,0.09669510211747201,0.12014899492681264,0.023453892809340626
sq_q4,Q3,rms_DCT_64_inf_um,ridge,0,42,12,0.5866374031355145,0.5154799745311678,0.5460131343142485,-0.07440163297955649,0.05592019287489858,0.13032182585445506
sq_q4,Q3,median_depth_um,extratrees,0,42,12,2.124054049391509,3.825417322222238,18.562442460317463,0.8855724911238225,0.7939162731197598,-0.09165621800406276
sq_q4,Q3,rms_DCT_8_16_um,extratrees,0,42,12,0.19987352315927379,0.2638099348638476,0.361228990505271,0.4466847113248037,0.2696878107849484,-0.17699690053985528
sq_q4,Q3,rms_DCT_16_32_um,extratrees,0,42,12,0.2995644631189252,0.3574934882155256,0.5522256173492427,0.4575324763873234,0.3526314662265353,-0.10490101016078812
sq_q4,Q3,rms_DCT_32_64_um,extratrees,0,42,12,0.3289443417074483,0.317859600794795,0.4865314629281145,0.32389913752391764,0.34668233194662046,0.022783194422702824
sq_q4,Q3,rms_DCT_64_inf_um,extratrees,0,42,12,0.3400819477497374,0.5189568353367401,0.5460131343142485,0.37715427271387014,0.04955246912052591,-0.32760180359334423
sq_q4,Q4,median_depth_um,ridge,0,43,11,8.129464041327052,9.896682103064972,15.822029598308665,0.48619334891169264,0.3744998363469816,-0.11169351256471105
sq_q4,Q4,rms_DCT_8_16_um,ridge,0,43,11,0.24909529247200057,0.24447495520222526,0.25526592009481386,0.024173331169790813,0.0422734256440519,0.018100094474261086
sq_q4,Q4,rms_DCT_16_32_um,ridge,0,43,11,0.2587222914188069,0.33256211034815386,0.3591760711254763,0.27967837443039556,0.07409725456912464,-0.20558111986127092
sq_q4,Q4,rms_DCT_32_64_um,ridge,0,43,11,0.3257140312930265,0.37456609664184926,0.40180647881484116,0.1893758601062261,0.06779478084410062,-0.12158107926212547
sq_q4,Q4,rms_DCT_64_inf_um,ridge,0,43,11,0.5299494827133157,0.520510246721024,0.5637584654332491,0.05997068743606582,0.07671409187441447,0.016743404438348652
sq_q4,Q4,median_depth_um,extratrees,0,43,11,3.3187720269840995,4.110100443290062,15.822029598308665,0.790243596350062,0.7402292532855949,-0.05001434306446717
sq_q4,Q4,rms_DCT_8_16_um,extratrees,0,43,11,0.15764501284748442,0.19606809979963583,0.25526592009481386,0.38242828189156597,0.23190647726570823,-0.15052180462585774
sq_q4,Q4,rms_DCT_16_32_um,extratrees,0,43,11,0.1946509029864215,0.32923280106881525,0.3591760711254763,0.4580627201124954,0.08336655045764585,-0.37469616965484953
sq_q4,Q4,rms_DCT_32_64_um,extratrees,0,43,11,0.23884129378837005,0.39152529168644856,0.40180647881484116,0.4055812776019674,0.025587410035591618,-0.37999386756637576
sq_q4,Q4,rms_DCT_64_inf_um,extratrees,0,43,11,0.3369358305353364,0.5726265543767373,0.5637584654332491,0.4023400956358132,-0.015730298500569617,-0.4180703941363828
consensus_half,lower,median_depth_um,ridge,0,83,20,9.143713213827493,8.926810013198414,15.527329999999997,0.4111213445049796,0.4250904686640642,0.013969124159084578
consensus_half,lower,Sq_um,ridge,0,83,20,0.7720337568179049,0.9202271391477648,1.036912004967939,0.2554491093564145,0.11253111668215476,-0.14291799267425975
consensus_half,lower,rms_DCT_8_16_um,ridge,0,83,20,0.24459273242312113,0.23548070067776278,0.3036395014103437,0.19446339726208983,0.2244727725345258,0.030009375272435967
consensus_half,lower,rms_DCT_16_32_um,ridge,0,83,20,0.2471503346171494,0.3117687791189515,0.3729172964543693,0.3372516186108544,0.16397340085001932,-0.17327821776083507
consensus_half,lower,rms_DCT_32_64_um,ridge,0,83,20,0.35273638780085925,0.41243890133404826,0.46090084126666786,0.23468052947906604,0.10514613034646325,-0.12953439913260278
consensus_half,lower,rms_DCT_64_inf_um,ridge,0,83,20,0.5532258318724048,0.6503109279085156,0.7362663310462567,0.24860636899387456,0.11674498685223844,-0.13186138214163612
consensus_half,lower,median_depth_um,extratrees,0,83,20,2.758142966095225,4.017378540904776,15.527329999999997,0.8223684969601841,0.7412704862391166,-0.08109801072106748
consensus_half,lower,Sq_um,extratrees,0,83,20,0.6103664700269511,0.7756877690103501,1.036912004967939,0.4113613622924315,0.2519251727302221,-0.1594361895622094
consensus_half,lower,rms_DCT_8_16_um,extratrees,0,83,20,0.13060903403631,0.1505014607137653,0.3036395014103437,0.5698549318199456,0.5043416287580613,-0.0655133030618843
consensus_half,lower,rms_DCT_16_32_um,extratrees,0,83,20,0.2003522781282508,0.22428418693570765,0.3729172964543693,0.46274340173232964,0.3985685591197795,-0.06417484261255013
consensus_half,lower,rms_DCT_32_64_um,extratrees,0,83,20,0.26638908942767026,0.33764868214522054,0.46090084126666786,0.42202516121348765,0.26741578249829256,-0.1546093787151951
consensus_half,lower,rms_DCT_64_inf_um,extratrees,0,83,20,0.37096409652134804,0.542224154416324,0.7362663310462567,0.4961550177173023,0.2635488931759149,-0.2326061245413874
consensus_half,upper,median_depth_um,ridge,0,77,20,7.254875766553653,7.854147361815793,17.746480000000002,0.5911935343485777,0.5574250577119636,-0.033768476636614086
consensus_half,upper,Sq_um,ridge,0,77,20,1.1177987833322696,1.1579519215081242,1.275731897446116,0.12379804442454745,0.09232345461752212,-0.03147458980702533
consensus_half,upper,rms_DCT_8_16_um,ridge,0,77,20,0.30634548224668345,0.32188940365728536,0.34311437237063647,0.1071621974617688,0.061859748301139716,-0.04530244916062909
consensus_half,upper,rms_DCT_16_32_um,ridge,0,77,20,0.4276053074351512,0.4718002855873647,0.5093126643456374,0.1604267135502382,0.0736529471664884,-0.08677376638374978
consensus_half,upper,rms_DCT_32_64_um,ridge,0,77,20,0.4958775082736492,0.5421873864124696,0.5525303284576913,0.10253341267651372,0.01871922953820948,-0.08381418313830424
consensus_half,upper,rms_DCT_64_inf_um,ridge,0,77,20,0.8431274695785381,0.8864422233884708,0.9185636299457011,0.08212404444058186,0.0349691687217456,-0.04715487571883625
consensus_half,upper,median_depth_um,extratrees,0,77,20,2.8037143507541087,3.066817411214268,17.746480000000002,0.8420129315360506,0.8271872838323844,-0.014825647703666234
consensus_half,upper,Sq_um,extratrees,0,77,20,0.9493992419675061,0.8803041080471772,1.275731897446116,0.25580034185230793,0.30996151322275833,0.0541611713704504
consensus_half,upper,rms_DCT_8_16_um,extratrees,0,77,20,0.23689231934678587,0.2102857550963507,0.34311437237063647,0.30958205653101645,0.3871263577697137,0.07754430123869727
consensus_half,upper,rms_DCT_16_32_um,extratrees,0,77,20,0.30623232192691857,0.3103183098179244,0.5093126643456374,0.398734130594682,0.3907115775009836,-0.00802255309369837
consensus_half,upper,rms_DCT_32_64_um,extratrees,0,77,20,0.43083781368230056,0.38209440982384013,0.5525303284576913,0.22024585530911556,0.3084643681182144,0.08821851280909887
consensus_half,upper,rms_DCT_64_inf_um,extratrees,0,77,20,0.7812501314373985,0.7387843298919634,0.9185636299457011,0.14948719286482037,0.19571785142893683,0.046230658564116456
depth_q4,Q1,Sq_um,ridge,1,34,13,1.3339768392873124,0.9255865349976953,0.886101401730095,-0.5054449035773441,-0.04456051326688604,0.460884390310458
depth_q4,Q1,rms_DCT_8_16_um,ridge,1,34,13,0.2851464270712758,0.27022136733702734,0.281287192792364,-0.013719907545739263,0.03933995481801078,0.05305986236375004
depth_q4,Q1,rms_DCT_16_32_um,ridge,1,34,13,0.4120600123768589,0.3728143220242851,0.3484570504783103,-0.18252740706851478,-0.06990035504387326,0.11262705202464152
depth_q4,Q1,rms_DCT_32_64_um,ridge,1,34,13,0.5488734044291034,0.4521367163189686,0.4471190064345614,-0.22757788537319623,-0.011222313997384603,0.21635557137581163
depth_q4,Q1,rms_DCT_64_inf_um,ridge,1,34,13,1.0091468140685764,0.6293919667804958,0.6207921710500325,-0.6255791569691762,-0.013852938441406781,0.6117262185277694
depth_q4,Q1,Sq_um,extratrees,1,34,13,1.524465455305897,1.1184689879648824,0.886101401730095,-0.7204187380015528,-0.2622358860747702,0.45818285192678254
depth_q4,Q1,rms_DCT_8_16_um,extratrees,1,34,13,0.29434193176622503,0.28953787304136075,0.281287192792364,-0.046410712284002065,-0.02933187311904062,0.017078839164961446
depth_q4,Q1,rms_DCT_16_32_um,extratrees,1,34,13,0.5061933711791076,0.42744995306982975,0.3484570504783103,-0.4526707681313382,-0.2266933686177095,0.22597739951362872
depth_q4,Q1,rms_DCT_32_64_um,extratrees,1,34,13,0.6807353819640246,0.5432657831805419,0.4471190064345614,-0.5224926074880569,-0.21503621041001786,0.30745639707803907
depth_q4,Q1,rms_DCT_64_inf_um,extratrees,1,34,13,1.1635789089009132,0.6911701726954316,0.6207921710500325,-0.8743453335321381,-0.11336805605386258,0.7609772774782755
depth_q4,Q2,Sq_um,ridge,1,33,8,0.6844296519640163,1.0173480210494596,0.9139026917845282,0.2510913272095001,-0.1131907479809906,-0.3642820751904907
depth_q4,Q2,rms_DCT_8_16_um,ridge,1,33,8,0.23404183102144457,0.2504918255406103,0.2964580285009424,0.21053974417595978,0.15505130082920315,-0.05548844334675662
depth_q4,Q2,rms_DCT_16_32_um,ridge,1,33,8,0.33415197551000597,0.3872580053488902,0.4159620263738798,0.19667672930879598,0.06900634963055385,-0.12767037967824213
depth_q4,Q2,rms_DCT_32_64_um,ridge,1,33,8,0.35566717790087266,0.4096048546948331,0.4186482152646164,0.15043904420788012,0.02160133553672794,-0.12883770867115218
depth_q4,Q2,rms_DCT_64_inf_um,ridge,1,33,8,0.5660754378213249,0.8600447532631816,0.6560161241280933,0.13710133485866371,-0.31101160723185184,-0.44811294209051555
depth_q4,Q2,Sq_um,extratrees,1,33,8,0.7364545134563137,0.929443381244322,0.9139026917845282,0.19416528687722878,-0.01700475291242265,-0.21117003978965143
depth_q4,Q2,rms_DCT_8_16_um,extratrees,1,33,8,0.18258071329676256,0.17290310310188706,0.2964580285009424,0.3841262649556405,0.4167703806971197,0.032644115741479185
depth_q4,Q2,rms_DCT_16_32_um,extratrees,1,33,8,0.2742503482994099,0.2241281970188238,0.4159620263738798,0.34068417088413483,0.46118111075511903,0.1204969398709842
depth_q4,Q2,rms_DCT_32_64_um,extratrees,1,33,8,0.3460467674185008,0.3614372529100766,0.4186482152646164,0.17341874442299032,0.13665641048625576,-0.03676233393673456
depth_q4,Q2,rms_DCT_64_inf_um,extratrees,1,33,8,0.4971186188387877,0.920916317606149,0.6560161241280933,0.24221585330771433,-0.40380134532536505,-0.6460171986330794
depth_q4,Q3,Sq_um,ridge,1,42,3,0.6528368420855774,0.7297667478588862,0.6354194119815735,-0.027410919111972243,-0.1484804116750036,-0.12106949256303134
depth_q4,Q3,rms_DCT_8_16_um,ridge,1,42,3,0.18446336262577545,0.21077323122985034,0.2481756342155139,0.25672250940803953,0.15070940829422275,-0.10601310111381679
depth_q4,Q3,rms_DCT_16_32_um,ridge,1,42,3,0.35682837781833676,0.35237401037516874,0.4557190509221097,0.21699920796305494,0.2267735797698841,0.009774371806829163
depth_q4,Q3,rms_DCT_32_64_um,ridge,1,42,3,0.37401271659474294,0.34549731598400907,0.24414416056450836,-0.531933902207423,-0.4151365127273685,0.11679738948005447
depth_q4,Q3,rms_DCT_64_inf_um,ridge,1,42,3,0.5516304406324194,0.4122762951287764,0.29128975111720523,-0.8937516288050307,-0.4153477544182125,0.4784038743868182
depth_q4,Q3,Sq_um,extratrees,1,42,3,0.1120255152008192,0.2321313302810609,0.6354194119815735,0.8236983115585587,0.6346801405434677,-0.189018171015091
depth_q4,Q3,rms_DCT_8_16_um,extratrees,1,42,3,0.07606122884957539,0.10753607638491942,0.2481756342155139,0.6935185474996132,0.5666936573977448,-0.12682489010186837
depth_q4,Q3,rms_DCT_16_32_um,extratrees,1,42,3,0.17157575383652204,0.21603695875985188,0.4557190509221097,0.6235054174510529,0.5259426650636636,-0.09756275238738932
depth_q4,Q3,rms_DCT_32_64_um,extratrees,1,42,3,0.11803991102329013,0.060955937271407856,0.24414416056450836,0.5165155261122809,0.7503280966029825,0.2338125704907016
depth_q4,Q3,rms_DCT_64_inf_um,extratrees,1,42,3,0.07266071258141543,0.1917409086266012,0.29128975111720523,0.7505552038726581,0.34175195697341554,-0.4088032468992425
depth_q4,Q4,Sq_um,ridge,1,51,16,1.1741910689250352,1.1082874215962017,1.1438727340525547,-0.026504989558644,0.031109503178976983,0.05761449273762098
depth_q4,Q4,rms_DCT_8_16_um,ridge,1,51,16,0.45287089949945825,0.46798461515131484,0.4851127257541934,0.06646254477164981,0.035307485649340276,-0.031155059122309536
depth_q4,Q4,rms_DCT_16_32_um,ridge,1,51,16,0.3596949233635788,0.3666047151227791,0.45076887241887525,0.20204134452892386,0.1867124427746354,-0.015328901754288471
depth_q4,Q4,rms_DCT_32_64_um,ridge,1,51,16,0.4526765844852936,0.478254031247239,0.5446424116759393,0.16885542737601777,0.1218935195010139,-0.04696190787500387
depth_q4,Q4,rms_DCT_64_inf_um,ridge,1,51,16,0.8260262181317672,0.8026128452316128,0.8182140240944817,-0.009547861326296925,0.019067356954844183,0.028615218281141108
depth_q4,Q4,Sq_um,extratrees,1,51,16,0.8845524355074432,0.9151473503236559,1.1438727340525547,0.22670380263928658,0.1999570204969936,-0.02674678214229298
depth_q4,Q4,rms_DCT_8_16_um,extratrees,1,51,16,0.35756733077815733,0.3948176911209301,0.4851127257541934,0.2629190870590835,0.18613206753725886,-0.07678701952182465
depth_q4,Q4,rms_DCT_16_32_um,extratrees,1,51,16,0.2950632350167544,0.32683797585100627,0.45076887241887525,0.3454223370983611,0.2749322416670925,-0.0704900954312686
depth_q4,Q4,rms_DCT_32_64_um,extratrees,1,51,16,0.3612814470303258,0.33595366146446526,0.5446424116759393,0.33666303011803056,0.38316654329087263,0.04650351317284207
depth_q4,Q4,rms_DCT_64_inf_um,extratrees,1,51,16,0.5098034468376565,0.5716029346615925,0.8182140240944817,0.3769314240221481,0.3014016897422578,-0.07552973427989029
sq_q4,Q1,median_depth_um,ridge,1,31,8,11.239406645285957,13.121203186878764,21.736512499999996,0.4829250255630493,0.39635195908824994,-0.08657306647479934
sq_q4,Q1,rms_DCT_8_16_um,ridge,1,31,8,0.3127514878591471,0.23699050619895842,0.4171677746789444,0.2502980650894161,0.43190600860445616,0.18160794351504006
sq_q4,Q1,rms_DCT_16_32_um,ridge,1,31,8,0.6188842169967896,0.598056582668129,0.7327609465450291,0.15540774939653745,0.18383125426106794,0.02842350486453049
sq_q4,Q1,rms_DCT_32_64_um,ridge,1,31,8,0.7002461066635312,0.7266819369910462,0.7956599261319995,0.11991783968850944,0.08669280288663161,-0.03322503680187783
sq_q4,Q1,rms_DCT_64_inf_um,ridge,1,31,8,1.0632176728102052,1.2568867941041602,1.2142034562215993,0.12434965708402523,-0.03515336549558534,-0.15950302257961058
sq_q4,Q1,median_depth_um,extratrees,1,31,8,7.545672885476209,15.40199266750004,21.736512499999996,0.6528572426015347,0.2914230069106053,-0.36143423569092936
sq_q4,Q1,rms_DCT_8_16_um,extratrees,1,31,8,0.2994573394870568,0.2284950386494048,0.4171677746789444,0.2821656952828595,0.45227063901266973,0.17010494372981022
sq_q4,Q1,rms_DCT_16_32_um,extratrees,1,31,8,0.5425017049046887,0.3117960516983792,0.7327609465450291,0.2596470820905692,0.5744914447631265,0.31484436267255733
sq_q4,Q1,rms_DCT_32_64_um,extratrees,1,31,8,0.7440234693868074,0.5316424687812855,0.7956599261319995,0.06489764665692821,0.33182198660450535,0.26692433994757714
sq_q4,Q1,rms_DCT_64_inf_um,extratrees,1,31,8,1.2716727283622231,1.1316459629476017,1.2142034562215993,-0.04733084216335426,0.06799312985889772,0.11532397202225197
sq_q4,Q2,median_depth_um,ridge,1,41,7,7.626469479067865,7.946942295401216,15.355211149825779,0.5033302111801703,0.48245958861390303,-0.02087062256626726
sq_q4,Q2,rms_DCT_8_16_um,ridge,1,41,7,0.42056839539678437,0.4340550999449477,0.44537629275990104,0.055700983115619995,0.02541938805228805,-0.030281595063331945
sq_q4,Q2,rms_DCT_16_32_um,ridge,1,41,7,0.28490450847562715,0.39668801661308534,0.34391863575881254,0.1715932815125829,-0.15343565415652427,-0.3250289356691072
sq_q4,Q2,rms_DCT_32_64_um,ridge,1,41,7,0.3949848541310127,0.6336561244064275,0.39830816501613064,0.008343567059398205,-0.5908690307183779,-0.5992125977777761
sq_q4,Q2,rms_DCT_64_inf_um,ridge,1,41,7,1.024325826683207,1.3650924516222456,0.9658512446137362,-0.060542016584402614,-0.41335682822272934,-0.35281481163832673
sq_q4,Q2,median_depth_um,extratrees,1,41,7,3.7234504690187324,5.619866916122483,15.355211149825779,0.7575122586926473,0.6340091411777007,-0.12350311751494658
sq_q4,Q2,rms_DCT_8_16_um,extratrees,1,41,7,0.300976609089607,0.35841826190418186,0.44537629275990104,0.32421951059738785,0.19524620476958698,-0.12897330582780087
sq_q4,Q2,rms_DCT_16_32_um,extratrees,1,41,7,0.22754209138747644,0.310848900438771,0.34391863575881254,0.33838394396560134,0.09615569463712659,-0.24222824932847475
sq_q4,Q2,rms_DCT_32_64_um,extratrees,1,41,7,0.35745808893941644,0.50334464835699,0.39830816501613064,0.10255897233505085,-0.26370657838913636,-0.3662655507241872
sq_q4,Q2,rms_DCT_64_inf_um,extratrees,1,41,7,0.8864639824615954,1.2002770865917545,0.9658512446137362,0.0821940879559454,-0.24271423087700228,-0.3249083188329477
sq_q4,Q3,median_depth_um,ridge,1,41,11,12.339497274204966,12.2714873483518,16.930308869179605,0.27115935275887837,0.27517640444876057,0.004017051689882201
sq_q4,Q3,rms_DCT_8_16_um,ridge,1,41,11,0.28060102203248655,0.26665572274980265,0.2817268955368115,0.003996329502654272,0.053495683322289045,0.04949935381963477
sq_q4,Q3,rms_DCT_16_32_um,ridge,1,41,11,0.2996815524914688,0.2762433789896241,0.3060521031865053,0.020815248870073466,0.09739754730166328,0.07658229843158981
sq_q4,Q3,rms_DCT_32_64_um,ridge,1,41,11,0.35979934289538135,0.28881810514106826,0.29139553583557515,-0.23474555594566215,0.008845127593036461,0.24359068353869862
sq_q4,Q3,rms_DCT_64_inf_um,ridge,1,41,11,0.6337517604693795,0.3350758143012916,0.3426867200886212,-0.8493618903746454,0.022209514816802445,0.8715714051914478
sq_q4,Q3,median_depth_um,extratrees,1,41,11,4.191793916051413,8.130221212813892,16.930308869179605,0.7524088929244364,0.5197830544241064,-0.23262583850032992
sq_q4,Q3,rms_DCT_8_16_um,extratrees,1,41,11,0.2675773283889878,0.23106597646631472,0.2817268955368115,0.05022441013614509,0.17982279957320313,0.12959838943705804
sq_q4,Q3,rms_DCT_16_32_um,extratrees,1,41,11,0.3277325657868098,0.26744364742896365,0.3060521031865053,-0.07083912305968587,0.12614994425970016,0.19698906731938604
sq_q4,Q3,rms_DCT_32_64_um,extratrees,1,41,11,0.3451840301249582,0.2437450995295163,0.29139553583557515,-0.1845892873243402,0.16352493585538797,0.3481142231797282
sq_q4,Q3,rms_DCT_64_inf_um,extratrees,1,41,11,0.3702093703250243,0.3127897485887294,0.3426867200886212,-0.08031431807245282,0.08724286570591433,0.16755718377836715
sq_q4,Q4,median_depth_um,ridge,1,47,14,11.352213048776619,12.89711129752284,19.422932826747722,0.41552528909829456,0.33598538322894456,-0.07953990586935
sq_q4,Q4,rms_DCT_8_16_um,ridge,1,47,14,0.34614005478277005,0.3466985339891555,0.34360516828283183,-0.007377323550185055,-0.009002675139558436,-0.0016253515893733805
sq_q4,Q4,rms_DCT_16_32_um,ridge,1,47,14,0.32954982139583006,0.3370636705129574,0.3707644391106747,0.1111611939206012,0.09089536385569463,-0.020265830064906565
sq_q4,Q4,rms_DCT_32_64_um,ridge,1,47,14,0.43006425558998,0.43749722223731247,0.4483559887734291,0.04079734327512807,0.024219073254319712,-0.01657827002080836
sq_q4,Q4,rms_DCT_64_inf_um,ridge,1,47,14,0.7051093830743117,0.5434878115661246,0.4329210728155032,-0.6287250202181918,-0.2553969896442101,0.3733280305739817
sq_q4,Q4,median_depth_um,extratrees,1,47,14,3.799229866802721,4.345379110046348,19.422932826747722,0.80439463490443,0.776275851396539,-0.028118783507890988
sq_q4,Q4,rms_DCT_8_16_um,extratrees,1,47,14,0.27075044332369286,0.25951446012206475,0.34360516828283183,0.21203035252126956,0.24473062666958922,0.032700274148319664
sq_q4,Q4,rms_DCT_16_32_um,extratrees,1,47,14,0.3194563664926115,0.2514757618733291,0.3707644391106747,0.138384556893137,0.3217371048946187,0.1833525480014817
sq_q4,Q4,rms_DCT_32_64_um,extratrees,1,47,14,0.3929384486707495,0.32223113031310435,0.4483559887734291,0.1236016502295102,0.2813051718242138,0.15770352159470358
sq_q4,Q4,rms_DCT_64_inf_um,extratrees,1,47,14,0.5019556625617643,0.398984781980288,0.4329210728155032,-0.15946229943785006,0.07838909437812869,0.23785139381597875
consensus_half,lower,median_depth_um,ridge,1,92,21,10.834018030634871,10.623393512986482,18.395515165631473,0.4110511212604594,0.4225008966949577,0.011449775434498322
consensus_half,lower,Sq_um,ridge,1,92,21,0.9216714828628703,0.8619253703185847,1.0081021840835318,0.08573605194520628,0.14500198102222817,0.059265929077021884
consensus_half,lower,rms_DCT_8_16_um,ridge,1,92,21,0.3074067053636187,0.28858339943345673,0.3342783607075136,0.08038706210901592,0.13669733564967124,0.05631027354065532
consensus_half,lower,rms_DCT_16_32_um,ridge,1,92,21,0.39861674301270905,0.3852683319006066,0.477310875366654,0.16486976604816472,0.19283563022808448,0.027965864179919753
consensus_half,lower,rms_DCT_32_64_um,ridge,1,92,21,0.4674059588289638,0.42853228654476316,0.5198511999327903,0.10088510156484576,0.17566356180351883,0.07477846023867307
consensus_half,lower,rms_DCT_64_inf_um,ridge,1,92,21,0.6682473174466086,0.6558499437584862,0.6587284275860357,-0.014450400896551141,0.004369758017120917,0.018820158913672058
consensus_half,lower,median_depth_um,extratrees,1,92,21,3.335721317868475,4.000084690362793,18.395515165631473,0.8186665995578837,0.7825510917010798,-0.03611550785680384
consensus_half,lower,Sq_um,extratrees,1,92,21,0.6597791279832464,0.564634605532339,1.0081021840835318,0.3455235606070497,0.4399034002236095,0.09437983961655982
consensus_half,lower,rms_DCT_8_16_um,extratrees,1,92,21,0.2079995558643156,0.20503648880044717,0.3342783607075136,0.37776541854496304,0.38662948936784547,0.00886407082288243
consensus_half,lower,rms_DCT_16_32_um,extratrees,1,92,21,0.2994482261431605,0.2715775425356671,0.477310875366654,0.3726348139184247,0.43102586479503435,0.058391050876609674
consensus_half,lower,rms_DCT_32_64_um,extratrees,1,92,21,0.34003443327143607,0.28783606168492754,0.5198511999327903,0.34590045513908996,0.4463106717419507,0.10041021660286076
consensus_half,lower,rms_DCT_64_inf_um,extratrees,1,92,21,0.39587360842867314,0.40909790158850595,0.6587284275860357,0.39903366569530874,0.3789581799472679,-0.020075485748040856
consensus_half,upper,median_depth_um,ridge,1,68,19,11.07640071429251,12.47932580081399,18.35692368421052,0.3966090993874024,0.3201842522476722,-0.07642484713973019
consensus_half,upper,Sq_um,ridge,1,68,19,1.2740843481781166,1.4048439182892434,0.9850066756248075,-0.29347788162952493,-0.4262278145456482,-0.13274993291612325
consensus_half,upper,rms_DCT_8_16_um,ridge,1,68,19,0.36436957196477937,0.3810194914672291,0.39660542376369157,0.08127940231629105,0.03929833371554958,-0.04198106860074147
consensus_half,upper,rms_DCT_16_32_um,ridge,1,68,19,0.34129727731497855,0.39406795129471217,0.3529082625408353,0.032900859680249694,-0.11662999459842416,-0.14953085427867385
consensus_half,upper,rms_DCT_32_64_um,ridge,1,68,19,0.44894894983821104,0.5896851023285942,0.42627353998811696,-0.05319450475562282,-0.3833490634793626,-0.3301545587237398
consensus_half,upper,rms_DCT_64_inf_um,ridge,1,68,19,0.9729278542678342,1.037464703222434,0.7256863930920199,-0.34070014751463473,-0.4296322944708699,-0.08893214695623519
consensus_half,upper,median_depth_um,extratrees,1,68,19,6.088333679131917,9.05152287483711,18.35692368421052,0.6683358397154137,0.5069150457588565,-0.16142079395655717
consensus_half,upper,Sq_um,extratrees,1,68,19,1.3864863606684497,1.277645566346653,0.9850066756248075,-0.40759082651797907,-0.2970933070440558,0.11049751947392328
consensus_half,upper,rms_DCT_8_16_um,extratrees,1,68,19,0.3614926907991391,0.38137746454544996,0.39660542376369157,0.08853316384667897,0.03839574122242673,-0.05013742262425225
consensus_half,upper,rms_DCT_16_32_um,extratrees,1,68,19,0.40641278339447073,0.42994305286347023,0.3529082625408353,-0.15161028100736074,-0.21828559571829564,-0.06667531471093491
consensus_half,upper,rms_DCT_32_64_um,extratrees,1,68,19,0.5585175732492238,0.5460131917656195,0.42627353998811696,-0.310232798556517,-0.28089862622212114,0.029334172334395836
consensus_half,upper,rms_DCT_64_inf_um,extratrees,1,68,19,1.008682435608778,0.8917771945263788,0.7256863930920199,-0.38997016508875504,-0.22887407427701079,0.16109609081174425
depth_q4,Q1,Sq_um,ridge,2,34,13,1.820991683454344,1.8009385657316936,1.8268374387188748,0.0031999318278862487,0.014176889764939138,0.01097695793705289
depth_q4,Q1,rms_DCT_8_16_um,ridge,2,34,13,0.35997425336285477,0.3380585168438402,0.37572699617742394,0.0419260339949874,0.10025491837641642,0.058328884381429025
depth_q4,Q1,rms_DCT_16_32_um,ridge,2,34,13,0.6386041766256751,0.6764894500828569,0.6535634063993029,0.02288871994232833,-0.03507853019167828,-0.05796725013400661
depth_q4,Q1,rms_DCT_32_64_um,ridge,2,34,13,0.9598099409835067,0.9801621091195553,0.9825836479252883,0.023177372216470316,0.0024644607213299974,-0.020712911495140318
depth_q4,Q1,rms_DCT_64_inf_um,ridge,2,34,13,1.3289149779457918,1.367258713665593,1.3735710783040493,0.03251094978892133,0.004595586452104339,-0.02791536333681699
depth_q4,Q1,Sq_um,extratrees,2,34,13,1.7252681981633875,1.8281851211471958,1.8268374387188748,0.05559840104148284,-0.0007377133836636851,-0.05633611442514652
depth_q4,Q1,rms_DCT_8_16_um,extratrees,2,34,13,0.32280921149514696,0.3465730425655128,0.37572699617742394,0.14084105007266612,0.07759344925575751,-0.06324760081690861
depth_q4,Q1,rms_DCT_16_32_um,extratrees,2,34,13,0.6332624156571642,0.7105072673637071,0.6535634063993029,0.031062006445531476,-0.08712828840605802,-0.1181902948515895
depth_q4,Q1,rms_DCT_32_64_um,extratrees,2,34,13,1.0435506236869625,1.0405566551134782,0.9825836479252883,-0.062047618938504856,-0.05900058209863257,0.003047036839872286
depth_q4,Q1,rms_DCT_64_inf_um,extratrees,2,34,13,1.196337354259299,1.3619445749863948,1.3735710783040493,0.1290313452606917,0.008464435151044225,-0.12056691010964748
depth_q4,Q2,Sq_um,ridge,2,29,8,1.3812968714554004,1.4253341758136402,1.4822214329418752,0.06809007024420255,0.03837972914433352,-0.02971034109986903
depth_q4,Q2,rms_DCT_8_16_um,ridge,2,29,8,0.30423278290473776,0.329257742087925,0.33393578346960967,0.08894824105478072,0.014008805325022577,-0.07493943572975814
depth_q4,Q2,rms_DCT_16_32_um,ridge,2,29,8,0.412832429775992,0.4526163632422915,0.5334858374261979,0.2261604698492058,0.15158691854700612,-0.07457355130219967
depth_q4,Q2,rms_DCT_32_64_um,ridge,2,29,8,0.6046772931157144,0.6905879269304678,0.7105148391632888,0.14895895231718181,0.028045736886068706,-0.12091321543111311
depth_q4,Q2,rms_DCT_64_inf_um,ridge,2,29,8,1.0407840889671929,1.2244490466487288,1.271956283709297,0.1817453930633186,0.03734974045021966,-0.14439565261309895
depth_q4,Q2,Sq_um,extratrees,2,29,8,1.1566267845427527,1.401361090963236,1.4822214329418752,0.21966667136427154,0.05455348315814712,-0.16511318820612442
depth_q4,Q2,rms_DCT_8_16_um,extratrees,2,29,8,0.24604590544408425,0.2448758086488296,0.33393578346960967,0.2631939503827506,0.26669790788948233,0.003503957506731714
depth_q4,Q2,rms_DCT_16_32_um,extratrees,2,29,8,0.3943864605336095,0.3367364646594957,0.5334858374261979,0.26073677525100436,0.3687996174667344,0.10806284221573004
depth_q4,Q2,rms_DCT_32_64_um,extratrees,2,29,8,0.5648737464520835,0.6320719772233914,0.7105148391632888,0.20497966359536424,0.11040284821112645,-0.09457681538423779
depth_q4,Q2,rms_DCT_64_inf_um,extratrees,2,29,8,0.8764011074867626,1.041586317692008,1.271956283709297,0.3109817383573992,0.18111468842740486,-0.12986704992999432
depth_q4,Q3,Sq_um,ridge,2,47,3,0.46099036029010637,0.4760776941518916,0.70014270307489,0.3415765696542623,0.32002762856621747,-0.021548941088044837
depth_q4,Q3,rms_DCT_8_16_um,ridge,2,47,3,0.25017477267331945,0.2674696696089324,0.34373519305432243,0.27218749278959364,0.2218728980518947,-0.05031459473769895
depth_q4,Q3,rms_DCT_16_32_um,ridge,2,47,3,0.30882918497156514,0.35866022995560926,0.38405077827613326,0.1958636658470293,0.06611247719505509,-0.12975118865197421
depth_q4,Q3,rms_DCT_32_64_um,ridge,2,47,3,0.3253058370645948,0.35386673646458117,0.44726127417911377,0.2726715773422398,0.20881427278931175,-0.06385730455292804
depth_q4,Q3,rms_DCT_64_inf_um,ridge,2,47,3,0.11105431769972313,0.19417277728165536,0.3011401762925527,0.6312205197361787,0.35520799757711596,-0.2760125221590627
depth_q4,Q3,Sq_um,extratrees,2,47,3,0.2690347581424979,0.5536380046160893,0.70014270307489,0.6157429664539104,0.20924976839061626,-0.4064931980632941
depth_q4,Q3,rms_DCT_8_16_um,extratrees,2,47,3,0.10567010632783068,0.25916797368689254,0.34373519305432243,0.69258281240021,0.24602432650550643,-0.4465584858947036
depth_q4,Q3,rms_DCT_16_32_um,extratrees,2,47,3,0.17555122410750498,0.30493833019398847,0.38405077827613326,0.5428957991037234,0.20599476047738352,-0.3369010386263399
depth_q4,Q3,rms_DCT_32_64_um,extratrees,2,47,3,0.2638798048879366,0.35639822816436667,0.44726127417911377,0.4100097188779612,0.20315428869068453,-0.2068554301872767
depth_q4,Q3,rms_DCT_64_inf_um,extratrees,2,47,3,0.18389972942760466,0.3273205310036187,0.3011401762925527,0.38932183778444385,-0.0869374356931778,-0.47625927347762165
depth_q4,Q4,Sq_um,ridge,2,50,16,0.8039620638489576,0.9399807590730009,1.1319040097627344,0.2897259335467137,0.1695578856814579,-0.12016804786525581
depth_q4,Q4,rms_DCT_8_16_um,ridge,2,50,16,0.24349576821347754,0.271936401185234,0.3035846326741619,0.19793117962323836,0.10424846346849193,-0.09368271615474644
depth_q4,Q4,rms_DCT_16_32_um,ridge,2,50,16,0.302096151283424,0.3086200660348307,0.4346702542569352,0.3049992532848732,0.2899903708331413,-0.01500888245173193
depth_q4,Q4,rms_DCT_32_64_um,ridge,2,50,16,0.36559535758072553,0.3727559992749899,0.5607203446304345,0.3479898471997017,0.33521941401881916,-0.012770433180882557
depth_q4,Q4,rms_DCT_64_inf_um,ridge,2,50,16,0.562541351618812,0.67357854351423,0.8529507167686528,0.3404761370622178,0.2102960578237889,-0.1301800792384289
depth_q4,Q4,Sq_um,extratrees,2,50,16,0.9461589861272907,0.8601858727469341,1.1319040097627344,0.16409962508603437,0.24005404581326362,0.07595442072722924
depth_q4,Q4,rms_DCT_8_16_um,extratrees,2,50,16,0.21724111977255678,0.24506308382719252,0.3035846326741619,0.2844133187541078,0.19276848215759557,-0.09164483659651224
depth_q4,Q4,rms_DCT_16_32_um,extratrees,2,50,16,0.3063371872305818,0.32373511556634116,0.4346702542569352,0.2952423492740206,0.255216770883567,-0.04002557839045362
depth_q4,Q4,rms_DCT_32_64_um,extratrees,2,50,16,0.412325218082649,0.41631000042477556,0.5607203446304345,0.2646508691344013,0.25754432773584923,-0.0071065413985520465
depth_q4,Q4,rms_DCT_64_inf_um,extratrees,2,50,16,0.6784391733846782,0.5934527244104777,0.8529507167686528,0.20459745206041913,0.30423562259407666,0.09963817053365753
sq_q4,Q1,median_depth_um,ridge,2,36,8,10.706593844478164,14.96573709307394,20.291033333333335,0.4723485162833092,0.2624457883823591,-0.2099027279009501
sq_q4,Q1,rms_DCT_8_16_um,ridge,2,36,8,0.23069892548487989,0.2724464976571018,0.30155334343763784,0.23496478979484725,0.09652304115989818,-0.13844174863494907
sq_q4,Q1,rms_DCT_16_32_um,ridge,2,36,8,0.5004431548633123,0.5192812195365059,0.6275771532158182,0.20257907366615957,0.1725619441759224,-0.03001712949023716
sq_q4,Q1,rms_DCT_32_64_um,ridge,2,36,8,0.5603604930378101,0.6390934103045726,0.6514371847902807,0.1398088624335917,0.01894852608034958,-0.12086033635324211
sq_q4,Q1,rms_DCT_64_inf_um,ridge,2,36,8,0.6333224797745978,0.8667746208817511,0.8751029281008881,0.27628801202961595,0.00951694589482266,-0.2667710661347933
sq_q4,Q1,median_depth_um,extratrees,2,36,8,3.7977714529167197,10.66223412125,20.291033333333335,0.8128349901886028,0.4745346899738966,-0.33830030021470625
sq_q4,Q1,rms_DCT_8_16_um,extratrees,2,36,8,0.2119978518211305,0.2255285400428898,0.30155334343763784,0.29698059585609493,0.2521106300068936,-0.04486996584920133
sq_q4,Q1,rms_DCT_16_32_um,extratrees,2,36,8,0.5103787696251261,0.39581626184633406,0.6275771532158182,0.18674737120391738,0.36929465991854493,0.18254728871462755
sq_q4,Q1,rms_DCT_32_64_um,extratrees,2,36,8,0.6139082830155608,0.4221111260946589,0.6514371847902807,0.057609394506397016,0.35203096177177773,0.2944215672653807
sq_q4,Q1,rms_DCT_64_inf_um,extratrees,2,36,8,0.5932729489573466,0.7918018998049432,0.8751029281008881,0.32205352089857264,0.09518997779692195,-0.2268635431016507
sq_q4,Q2,median_depth_um,ridge,2,33,6,9.0520751915815,6.5996761296253865,16.519018686868687,0.4520210090459439,0.6004801341576297,0.1484591251116858
sq_q4,Q2,rms_DCT_8_16_um,ridge,2,33,6,0.2471537538913715,0.23725115354563045,0.3198631068853722,0.22731397097339257,0.2582728409792724,0.030958870005879824
sq_q4,Q2,rms_DCT_16_32_um,ridge,2,33,6,0.3257172466210548,0.38947869259165335,0.3833862698650379,0.15042015788485097,-0.01589108219436275,-0.16631124007921372
sq_q4,Q2,rms_DCT_32_64_um,ridge,2,33,6,0.46345418464253524,0.5871572812478026,0.5888179790859326,0.21290755190255772,0.0028203925442426003,-0.21008715935831512
sq_q4,Q2,rms_DCT_64_inf_um,ridge,2,33,6,0.8855862262843136,1.163447551229827,1.211483458442251,0.26900675356887027,0.03965048542568583,-0.22935626814318444
sq_q4,Q2,median_depth_um,extratrees,2,33,6,1.4427577358730694,8.35816664000003,16.519018686868687,0.9126608085370139,0.49402765391602155,-0.4186331546209924
sq_q4,Q2,rms_DCT_8_16_um,extratrees,2,33,6,0.264353888337743,0.19546707682321451,0.3198631068853722,0.1735405470425877,0.3889039635531861,0.21536341651059843
sq_q4,Q2,rms_DCT_16_32_um,extratrees,2,33,6,0.3504060070609569,0.37904897439461677,0.3833862698650379,0.0860235887312576,0.011313121546966065,-0.07471046718429153
sq_q4,Q2,rms_DCT_32_64_um,extratrees,2,33,6,0.48179031384252813,0.5507425289173185,0.5888179790859326,0.18176697900691097,0.0646642112180772,-0.11710276778883377
sq_q4,Q2,rms_DCT_64_inf_um,extratrees,2,33,6,0.8741525160505637,1.1282347011846499,1.211483458442251,0.27844453016753024,0.06871637963975497,-0.20972815052777527
sq_q4,Q3,median_depth_um,ridge,2,45,13,8.974325170939252,9.336971882145065,20.93512923076923,0.5713269752474557,0.554004573880436,-0.01732240136701968
sq_q4,Q3,rms_DCT_8_16_um,ridge,2,45,13,0.36402062312060585,0.35380285488267177,0.3500300464692172,-0.0399696448705269,-0.010778527305044916,0.029191117565481983
sq_q4,Q3,rms_DCT_16_32_um,ridge,2,45,13,0.5803775685657497,0.6302077195058444,0.5752713305739794,-0.008876225392069559,-0.09549648315874193,-0.08662025776667237
sq_q4,Q3,rms_DCT_32_64_um,ridge,2,45,13,0.89325628026513,0.989120349247879,0.9549583830698594,0.06461234740552624,-0.035773251257505745,-0.10038559866303198
sq_q4,Q3,rms_DCT_64_inf_um,ridge,2,45,13,1.2666665422429568,1.4099149508619913,1.4232729271043496,0.11003257483440554,0.009385393333894987,-0.10064718150051055
sq_q4,Q3,median_depth_um,extratrees,2,45,13,4.569690782136753,7.1525173284615295,20.93512923076923,0.7817213960437135,0.6583485466166038,-0.12337284942710969
sq_q4,Q3,rms_DCT_8_16_um,extratrees,2,45,13,0.3002469696796867,0.32275774668171164,0.3500300464692172,0.1422251526453132,0.07791416783388616,-0.06431098481142705
sq_q4,Q3,rms_DCT_16_32_um,extratrees,2,45,13,0.5757680916097364,0.5685779690068773,0.5752713305739794,-0.0008635247566768367,0.011635138431848824,0.01249866318852566
sq_q4,Q3,rms_DCT_32_64_um,extratrees,2,45,13,0.9834351017301325,1.030893462876866,0.9549583830698594,-0.0298198530586542,-0.07951663774383744,-0.04969678468518324
sq_q4,Q3,rms_DCT_64_inf_um,extratrees,2,45,13,1.2068892741122286,1.6391693928878592,1.4232729271043496,0.1520324379613921,-0.15169013733911973,-0.30372257530051183
sq_q4,Q4,median_depth_um,ridge,2,46,13,12.041610530795236,12.91128477863236,16.52267107023411,0.27120678735241466,0.21857157818191564,-0.05263520917049902
sq_q4,Q4,rms_DCT_8_16_um,ridge,2,46,13,0.28455401066118996,0.2892096032412436,0.31069098684751134,0.08412531194266515,0.06914067197195806,-0.014984639970707092
sq_q4,Q4,rms_DCT_16_32_um,ridge,2,46,13,0.29706019998489375,0.3306638273772711,0.3800791269225194,0.21842537792018601,0.1300131894780998,-0.0884121884420862
sq_q4,Q4,rms_DCT_32_64_um,ridge,2,46,13,0.40495770112248536,0.48909434732587076,0.5252823728184525,0.22906664666920695,0.06889251832002552,-0.16017412834918143
sq_q4,Q4,rms_DCT_64_inf_um,ridge,2,46,13,0.6222484429978388,0.6574982677748,0.7096430579537051,0.12315292029752745,0.07348030759191448,-0.04967261270561296
sq_q4,Q4,median_depth_um,extratrees,2,46,13,4.109303652912112,7.2209870098412825,16.52267107023411,0.7512930182145249,0.5629649117175721,-0.18832810649695275
sq_q4,Q4,rms_DCT_8_16_um,extratrees,2,46,13,0.21326449830019653,0.22322736995804263,0.31069098684751134,0.313580028619022,0.2815132095621309,-0.03206681905689113
sq_q4,Q4,rms_DCT_16_32_um,extratrees,2,46,13,0.2419307973485008,0.2905463154659584,0.3800791269225194,0.36347255028866843,0.23556361061314635,-0.12790893967552208
sq_q4,Q4,rms_DCT_32_64_um,extratrees,2,46,13,0.3759481933739997,0.36195519332353343,0.5252823728184525,0.28429314816559714,0.3109321537263311,0.026639005560733953
sq_q4,Q4,rms_DCT_64_inf_um,extratrees,2,46,13,0.6376662443293484,0.5498885010927202,0.7096430579537051,0.10142678465974964,0.2251195936752287,0.12369280901547908
consensus_half,lower,median_depth_um,ridge,2,87,20,12.043666802843001,13.121017932149973,18.311100000000003,0.3422750788951511,0.28343911986991654,-0.05883595902523453
consensus_half,lower,Sq_um,ridge,2,87,20,0.9283547904483644,0.9738559233051729,1.1656872707495078,0.20359875779422776,0.16456501864431627,-0.039033739149911484
consensus_half,lower,rms_DCT_8_16_um,ridge,2,87,20,0.26119169689675586,0.2688254487598777,0.3051047339194499,0.1439277472315046,0.11890764424897537,-0.025020102982529213
consensus_half,lower,rms_DCT_16_32_um,ridge,2,87,20,0.3926523266889024,0.41348436361596647,0.46413494993429677,0.15401258460607958,0.1091290072542489,-0.044883577351830684
consensus_half,lower,rms_DCT_32_64_um,ridge,2,87,20,0.46368387402522215,0.5126462767545401,0.5782251494863427,0.19809113381331045,0.1134140789103667,-0.08467705490294375
consensus_half,lower,rms_DCT_64_inf_um,ridge,2,87,20,0.6216995154787387,0.6598435946876376,0.8082930899456221,0.2308489046707507,0.18365800364317275,-0.04719090102757795
consensus_half,lower,median_depth_um,extratrees,2,87,20,3.7855805382262213,5.6708911724404825,18.311100000000003,0.7932630733147533,0.6903030854268459,-0.10295998788790739
consensus_half,lower,Sq_um,extratrees,2,87,20,0.9749760882828216,1.0409820895926243,1.1656872707495078,0.16360407053605697,0.10697996305364232,-0.05662410748241464
consensus_half,lower,rms_DCT_8_16_um,extratrees,2,87,20,0.1995492175333855,0.19233844328925417,0.3051047339194499,0.34596485944374733,0.36959862661444953,0.023633767170702202
consensus_half,lower,rms_DCT_16_32_um,extratrees,2,87,20,0.35658889133376614,0.351143442347822,0.46413494993429677,0.23171290723905824,0.24344537639854502,0.01173246915948678
consensus_half,lower,rms_DCT_32_64_um,extratrees,2,87,20,0.4840379129348267,0.4642947288152367,0.5782251494863427,0.16289024549552333,0.19703470312959293,0.03414445763406959
consensus_half,lower,rms_DCT_64_inf_um,extratrees,2,87,20,0.7149662249050706,0.8135638919836049,0.8082930899456221,0.11546166384625423,-0.006520904488169554,-0.12198256833442378
consensus_half,upper,median_depth_um,ridge,2,73,20,8.614951498550132,8.283478624361404,18.16483582191781,0.5257346896493678,0.5439827419542925,0.018248052304924767
consensus_half,upper,Sq_um,ridge,2,73,20,1.5201267575018012,1.5438730478445426,1.6241229663533,0.06403222601118996,0.04941123312167994,-0.01462099288951002
consensus_half,upper,rms_DCT_8_16_um,ridge,2,73,20,0.32680751142277487,0.33513455050583896,0.3565798421095143,0.08349414961487267,0.06014162628152431,-0.023352523333348363
consensus_half,upper,rms_DCT_16_32_um,ridge,2,73,20,0.47557465880065725,0.47268397841966914,0.5572269849401005,0.14653333084401954,0.1517209482048314,0.005187617360811858
consensus_half,upper,rms_DCT_32_64_um,ridge,2,73,20,0.7433356664846126,0.7475061519854975,0.8433254268522875,0.11856604483145583,0.11362075874367439,-0.004945286087781442
consensus_half,upper,rms_DCT_64_inf_um,ridge,2,73,20,1.1251000847229116,1.1887429027530152,1.3428724984441007,0.16216909198267737,0.11477604602794789,-0.047393045954729485
consensus_half,upper,median_depth_um,extratrees,2,73,20,3.807701746484148,6.025996510523839,18.16483582191781,0.7903806131905827,0.6682603371921021,-0.12212027599848063
consensus_half,upper,Sq_um,extratrees,2,73,20,1.4063813569636887,1.5162518345744773,1.6241229663533,0.13406719435691128,0.06641808164379903,-0.06764911271311225
consensus_half,upper,rms_DCT_8_16_um,extratrees,2,73,20,0.29833854388331366,0.28813822231067715,0.3565798421095143,0.16333312023934698,0.19193911633910332,0.028605996099756337
consensus_half,upper,rms_DCT_16_32_um,extratrees,2,73,20,0.48418869645742557,0.46809874433965765,0.5572269849401005,0.13107457186504745,0.15994961301097743,0.02887504114592998
consensus_half,upper,rms_DCT_32_64_um,extratrees,2,73,20,0.7896616362418422,0.7647913162959381,0.8433254268522875,0.06363354987498182,0.0931243243186417,0.029490774443659884
consensus_half,upper,rms_DCT_64_inf_um,extratrees,2,73,20,0.9835497964800621,1.2278811044460491,1.3428724984441007,0.2675776757513185,0.08563090995703959,-0.18194676579427893
depth_q4,Q1,Sq_um,ridge,3,33,12,0.9370910272889909,0.9605949684638189,0.48614076152714625,-0.9276125382805684,-0.9759605539890095,-0.04834801570844105
depth_q4,Q1,rms_DCT_8_16_um,ridge,3,33,12,0.24649045050338977,0.27254404746732885,0.20036498593661578,-0.23020721086151008,-0.36023789881904045,-0.13003068795753037
depth_q4,Q1,rms_DCT_16_32_um,ridge,3,33,12,0.3248847643275447,0.4051791385418158,0.31057651864441266,-0.046069953213410564,-0.3046032594811723,-0.2585333062677617
depth_q4,Q1,rms_DCT_32_64_um,ridge,3,33,12,0.38927368396973433,0.4980625107061289,0.2872988480935165,-0.35494342059813877,-0.7336042730808592,-0.3786608524827204
depth_q4,Q1,rms_DCT_64_inf_um,ridge,3,33,12,0.8393159747557789,0.7811655191971917,0.35593289539898226,-1.3580736301851206,-1.1946988583944895,0.1633747717906311
depth_q4,Q1,Sq_um,extratrees,3,33,12,1.3244438783570671,1.1119132809917633,0.48614076152714625,-1.7244040886357763,-1.2872249541446315,0.43717913449114487
depth_q4,Q1,rms_DCT_8_16_um,extratrees,3,33,12,0.2584027734793218,0.26413074171994516,0.20036498593661578,-0.28966032798298347,-0.31824799869724374,-0.02858767071426027
depth_q4,Q1,rms_DCT_16_32_um,extratrees,3,33,12,0.36204063124470803,0.48474951808782635,0.31057651864441266,-0.16570509845664794,-0.5608054343697149,-0.3951003359130669
depth_q4,Q1,rms_DCT_32_64_um,extratrees,3,33,12,0.5444462453298298,0.598003467410398,0.2872988480935165,-0.8950519605028529,-1.081468378236401,-0.1864164177335481
depth_q4,Q1,rms_DCT_64_inf_um,extratrees,3,33,12,1.1314307341890413,0.9061548944141317,0.35593289539898226,-2.178775406304512,-1.545858801273142,0.6329166050313701
depth_q4,Q2,Sq_um,ridge,3,30,9,0.7093996853645641,0.6747194084562983,0.8982456233389156,0.21023863970790346,0.24884754133478137,0.03860890162687791
depth_q4,Q2,rms_DCT_8_16_um,ridge,3,30,9,0.17141347670465726,0.24932335472744882,0.22106777828350338,0.22461121183914956,-0.12781408789348636,-0.3524252997326359
depth_q4,Q2,rms_DCT_16_32_um,ridge,3,30,9,0.2337969107525218,0.31243802340906984,0.38925367403299116,0.3993713448348689,0.1973408492925639,-0.202030495542305
depth_q4,Q2,rms_DCT_32_64_um,ridge,3,30,9,0.22817632983386307,0.43006582080160255,0.5137045661603356,0.5558218772720709,0.16281487623107482,-0.39300700104099606
depth_q4,Q2,rms_DCT_64_inf_um,ridge,3,30,9,0.5835157084895677,0.5661894836406652,0.6390007082945273,0.08683088936324856,0.11394545218610619,0.027114562822857624
depth_q4,Q2,Sq_um,extratrees,3,30,9,1.3168382369928642,1.0925800261263487,0.8982456233389156,-0.4660113033425939,-0.21634884461230408,0.2496624587302898
depth_q4,Q2,rms_DCT_8_16_um,extratrees,3,30,9,0.24482999427739027,0.3125389224312463,0.22106777828350338,-0.10748837382991905,-0.41376968121712343,-0.3062813073872044
depth_q4,Q2,rms_DCT_16_32_um,extratrees,3,30,9,0.3883139952758116,0.3504854348649694,0.38925367403299116,0.0024140523773190647,0.09959633461220962,0.09718228223489056
depth_q4,Q2,rms_DCT_32_64_um,extratrees,3,30,9,0.5022734089711863,0.4342998767333246,0.5137045661603356,0.022252395524904434,0.15457267592639512,0.1323202804014907
depth_q4,Q2,rms_DCT_64_inf_um,extratrees,3,30,9,1.0669265386893079,0.9649272397812639,0.6390007082945273,-0.6696797434495827,-0.5100566044075667,0.15962313904201597
depth_q4,Q3,Sq_um,ridge,3,46,3,0.9141740791461258,0.6750926323368084,0.7957942459612002,-0.14875683480463042,0.1516743985483362,0.3004312333529666
depth_q4,Q3,rms_DCT_8_16_um,ridge,3,46,3,0.3125787398249246,0.39365056884022875,0.41487474444897315,0.2465708168375389,0.051158032376576346,-0.19541278446096255
depth_q4,Q3,rms_DCT_16_32_um,ridge,3,46,3,0.6598198567977881,0.7170337057205513,0.7551230153826726,0.1262087853812638,0.05044119817063031,-0.07576758721063348
depth_q4,Q3,rms_DCT_32_64_um,ridge,3,46,3,0.26928226326111643,0.22730755964154156,0.22395766940258954,-0.2023801818416442,-0.014957693781543213,0.18742248806010098
depth_q4,Q3,rms_DCT_64_inf_um,ridge,3,46,3,0.5195483021407585,0.20769523462566572,0.15034147810169549,-2.4557881743674255,-0.3814899071643718,2.0742982672030537
depth_q4,Q3,Sq_um,extratrees,3,46,3,1.5865051410516484,0.7767328829534516,0.7957942459612002,-0.9936122296729955,0.023952627333621135,1.0175648570066165
depth_q4,Q3,rms_DCT_8_16_um,extratrees,3,46,3,0.3721870444499596,0.3456296667164906,0.41487474444897315,0.10289298293081295,0.1669059846591825,0.06401300172836955
depth_q4,Q3,rms_DCT_16_32_um,extratrees,3,46,3,0.6477383039196395,0.7387257761113296,0.7551230153826726,0.14220823531463134,0.02171465964791619,-0.12049357566671515
depth_q4,Q3,rms_DCT_32_64_um,extratrees,3,46,3,0.5680968148883222,0.25544420428411246,0.22395766940258954,-1.5366258561438375,-0.14059145625829084,1.3960343998855467
depth_q4,Q3,rms_DCT_64_inf_um,extratrees,3,46,3,0.9848319146815131,0.11637268729128404,0.15034147810169549,-5.550633445384535,0.2259442386713395,5.776577684055875
depth_q4,Q4,Sq_um,ridge,3,51,16,0.9122257716314934,1.001699818681206,1.068898101449041,0.14657368144368144,0.06286687447263528,-0.08370680697104615
depth_q4,Q4,rms_DCT_8_16_um,ridge,3,51,16,0.27275915212555657,0.30186096272166846,0.33716565274357924,0.1910233147829118,0.10471022102823935,-0.08631309375467244
depth_q4,Q4,rms_DCT_16_32_um,ridge,3,51,16,0.2507402257456382,0.26312579399217406,0.333958317166397,0.24918706060940776,0.21209989251122663,-0.037087168098181134
depth_q4,Q4,rms_DCT_32_64_um,ridge,3,51,16,0.3347707541205073,0.3589343828926733,0.433000723321039,0.22685867230688495,0.1710536182486947,-0.05580505405819025
depth_q4,Q4,rms_DCT_64_inf_um,ridge,3,51,16,0.7574112758238877,0.912394084735751,0.9523657485599322,0.2047054642933498,0.04197091703961653,-0.16273454725373326
depth_q4,Q4,Sq_um,extratrees,3,51,16,0.769789012577975,0.8700096402519389,1.068898101449041,0.27982937612629466,0.1860686822508909,-0.09376069387540376
depth_q4,Q4,rms_DCT_8_16_um,extratrees,3,51,16,0.250931139578744,0.25457824892103864,0.33716565274357924,0.2557630424781677,0.24494607665553003,-0.010816965822637692
depth_q4,Q4,rms_DCT_16_32_um,extratrees,3,51,16,0.2533090005028205,0.23889868608017117,0.333958317166397,0.2414951582816619,0.28464519731922633,0.043150039037564425
depth_q4,Q4,rms_DCT_32_64_um,extratrees,3,51,16,0.2549716806915739,0.2817342165547697,0.433000723321039,0.4111518365697263,0.34934469763949105,-0.06180713893023526
depth_q4,Q4,rms_DCT_64_inf_um,extratrees,3,51,16,0.6598304558578514,0.7485910022166635,0.9523657485599322,0.30716696095425733,0.21396689943059743,-0.0932000615236599
sq_q4,Q1,median_depth_um,ridge,3,30,8,12.567847937034214,10.389715407063385,16.904476666666667,0.2565372957202334,0.3853867462486731,0.12884945052843966
sq_q4,Q1,rms_DCT_8_16_um,ridge,3,30,8,0.19687855970133683,0.2249038615052477,0.25313738635980954,0.22224621762708097,0.11153439347924177,-0.1107118241478392
sq_q4,Q1,rms_DCT_16_32_um,ridge,3,30,8,0.12415564368200252,0.20592861509003352,0.338922431082158,0.6336753419194434,0.3924019297497767,-0.2412734121696667
sq_q4,Q1,rms_DCT_32_64_um,ridge,3,30,8,0.21510038571305448,0.308249669945045,0.4282360784775024,0.49770606325885525,0.28018752870856245,-0.2175185345502928
sq_q4,Q1,rms_DCT_64_inf_um,ridge,3,30,8,0.6659325679064512,0.8221463211748741,0.9324719649540844,0.28584172722099777,0.11831523941273969,-0.16752648780825807
sq_q4,Q1,median_depth_um,extratrees,3,30,8,5.162881633869066,5.015749026666686,16.904476666666667,0.6945849471903754,0.7032887130687067,0.008703765878331216
sq_q4,Q1,rms_DCT_8_16_um,extratrees,3,30,8,0.1584515335926453,0.2709761109703213,0.25313738635980954,0.3740492628480321,-0.07047052538164311,-0.4445197882296752
sq_q4,Q1,rms_DCT_16_32_um,extratrees,3,30,8,0.28182720827371877,0.36476468466840395,0.338922431082158,0.1684610328863091,-0.0762482834309115,-0.2447093163172206
sq_q4,Q1,rms_DCT_32_64_um,extratrees,3,30,8,0.5253065848884504,0.6809141857425419,0.4282360784775024,-0.22667521792199397,-0.5900439499711936,-0.3633687320491996
sq_q4,Q1,rms_DCT_64_inf_um,extratrees,3,30,8,1.0577161430036708,1.341402766920927,0.9324719649540844,-0.13431414858220814,-0.4385448757024868,-0.30423072712027865
sq_q4,Q2,median_depth_um,ridge,3,36,6,13.348749346728987,14.249378558997611,10.92975,-0.22132247734202393,-0.30372410704706065,-0.08240162970503673
sq_q4,Q2,rms_DCT_8_16_um,ridge,3,36,6,0.12749508286124758,0.1231754500814899,0.19598903411430546,0.3494784877255458,0.37151866359190766,0.022040175866361866
sq_q4,Q2,rms_DCT_16_32_um,ridge,3,36,6,0.2023647221163527,0.18533619795069325,0.2964752129840044,0.3174312277928246,0.3748678141241689,0.0574365863313443
sq_q4,Q2,rms_DCT_32_64_um,ridge,3,36,6,0.2893430900514804,0.21280957516338705,0.3149687863831325,0.08135947890557216,0.3243470960816973,0.24298761717612516
sq_q4,Q2,rms_DCT_64_inf_um,ridge,3,36,6,0.5146989698847791,0.4245121427993988,0.44033190202552747,-0.16888866674697667,0.035926897763613685,0.20481556451059035
sq_q4,Q2,median_depth_um,extratrees,3,36,6,2.4005531544444696,7.8879011288888785,10.92975,0.7803652275262957,0.2783090986629265,-0.5020561288633691
sq_q4,Q2,rms_DCT_8_16_um,extratrees,3,36,6,0.11368461959284853,0.13129491245913488,0.19598903411430546,0.41994397744444745,0.3300905172961842,-0.08985346014826323
sq_q4,Q2,rms_DCT_16_32_um,extratrees,3,36,6,0.1723155317512314,0.08722591986314761,0.2964752129840044,0.418786042796339,0.7057901772454291,0.2870041344490901
sq_q4,Q2,rms_DCT_32_64_um,extratrees,3,36,6,0.26436609369884495,0.08556476715808696,0.3149687863831325,0.16065938871394625,0.728338899417148,0.5676795107032018
sq_q4,Q2,rms_DCT_64_inf_um,extratrees,3,36,6,0.486755935971281,0.29896453038950027,0.44033190202552747,-0.10542964007877442,0.32104730769162315,0.4264769477703976
sq_q4,Q3,median_depth_um,ridge,3,47,12,12.28666777289137,10.950846530266025,17.289789539007092,0.2893685752986348,0.3666292752979974,0.07726069999936258
sq_q4,Q3,rms_DCT_8_16_um,ridge,3,47,12,0.2714798231173084,0.2748116502289865,0.21676107382208043,-0.25243808000389234,-0.2678090460769471,-0.01537096607305477
sq_q4,Q3,rms_DCT_16_32_um,ridge,3,47,12,0.44179023050278304,0.4747889735151241,0.4010154013820529,-0.10167896040951163,-0.18396692964614125,-0.08228796923662962
sq_q4,Q3,rms_DCT_32_64_um,ridge,3,47,12,0.45926925432622845,0.4827550969922523,0.3987223816461929,-0.15185220460927606,-0.2107549493437415,-0.05890274473446544
sq_q4,Q3,rms_DCT_64_inf_um,ridge,3,47,12,1.1593793521694369,1.2664440462735325,0.9731296209865475,-0.1913925207559415,-0.30141352083150674,-0.11002100007556526
sq_q4,Q3,median_depth_um,extratrees,3,47,12,4.601248120092575,7.2208457027380755,17.289789539007092,0.7338748334841321,0.5823635859506968,-0.15151124753343526
sq_q4,Q3,rms_DCT_8_16_um,extratrees,3,47,12,0.2946940800148852,0.2637977601578851,0.21676107382208043,-0.35953413968032333,-0.21699784701386382,0.1425362926664595
sq_q4,Q3,rms_DCT_16_32_um,extratrees,3,47,12,0.44074288916483156,0.44593259177337075,0.4010154013820529,-0.09906723693370001,-0.11200864165445013,-0.012941404720750116
sq_q4,Q3,rms_DCT_32_64_um,extratrees,3,47,12,0.5424322543428076,0.5255250245421164,0.3987223816461929,-0.3604258985996327,-0.31802238533085925,0.04240351326877345
sq_q4,Q3,rms_DCT_64_inf_um,extratrees,3,47,12,1.2353382413448586,1.1256226239910494,0.9731296209865475,-0.26944881206317306,-0.15670369056272926,0.1127451215004438
sq_q4,Q4,median_depth_um,ridge,3,47,14,6.59270862906251,7.382102555414207,16.2816717325228,0.595084046812373,0.5466004549969901,-0.048483591815382976
sq_q4,Q4,rms_DCT_8_16_um,ridge,3,47,14,0.3003380355485993,0.33422212437409876,0.33919381685495215,0.11455333020698477,0.014657379450343622,-0.09989595075664115
sq_q4,Q4,rms_DCT_16_32_um,ridge,3,47,14,0.32036973591709106,0.34357611296463114,0.3473196890156633,0.07759408392582334,0.010778473462422444,-0.0668156104634009
sq_q4,Q4,rms_DCT_32_64_um,ridge,3,47,14,0.28006838242321325,0.3023338009236322,0.3033102752465071,0.07662744957916334,0.0032193908435225183,-0.07340805873564082
sq_q4,Q4,rms_DCT_64_inf_um,ridge,3,47,14,0.4766037003204578,0.34477960472871955,0.3958943731244967,-0.20386581036497953,0.12911213663474608,0.3329779469997256
sq_q4,Q4,median_depth_um,extratrees,3,47,14,4.554756652369638,5.9961806614966005,16.2816717325228,0.7202525190781567,0.6317220516417137,-0.088530467436443
sq_q4,Q4,rms_DCT_8_16_um,extratrees,3,47,14,0.3535509750272344,0.3027190128248276,0.33919381685495215,-0.04232729919844558,0.10753381169598997,0.14986111089443555
sq_q4,Q4,rms_DCT_16_32_um,extratrees,3,47,14,0.3755747803962665,0.2829882744749676,0.3473196890156633,-0.08135182736308688,0.18522248111823714,0.266574308481324
sq_q4,Q4,rms_DCT_32_64_um,extratrees,3,47,14,0.3242726190724586,0.24957724117323657,0.3033102752465071,-0.06911188158368486,0.1771553371530209,0.24626721873670576
sq_q4,Q4,rms_DCT_64_inf_um,extratrees,3,47,14,0.7489262171605054,0.32257975859303933,0.3958943731244967,-0.891732411475803,0.18518731133468813,1.0769197228104912
consensus_half,lower,median_depth_um,ridge,3,85,20,9.225518224406441,10.191888893977511,16.14376394117647,0.42853982144301994,0.3686795142004051,-0.05986030724261482
consensus_half,lower,Sq_um,ridge,3,85,20,0.7717476258626375,0.7178486026884149,0.6743335927770474,-0.14445970678165176,-0.06453039026598617,0.0799293165156656
consensus_half,lower,rms_DCT_8_16_um,ridge,3,85,20,0.27008296644673524,0.26624159047471674,0.2844859477079487,0.05062809385579736,0.06413096105527683,0.013502867199479462
consensus_half,lower,rms_DCT_16_32_um,ridge,3,85,20,0.3079851058635836,0.2749734174888785,0.3325070430800415,0.07374862495936652,0.17302979527357987,0.09928117031421335
consensus_half,lower,rms_DCT_32_64_um,ridge,3,85,20,0.3181299710423963,0.25446902264471594,0.30665109025260306,-0.0374330343333773,0.17016755937473527,0.20760059370811257
consensus_half,lower,rms_DCT_64_inf_um,ridge,3,85,20,0.5612769033101803,0.48013914177390016,0.525943052276548,-0.06718189522741946,0.08708910651901447,0.15427100174643393
consensus_half,lower,median_depth_um,extratrees,3,85,20,3.7437871544444548,5.138278712984139,16.14376394117647,0.768097008350357,0.6817174277506384,-0.08637958059971862
consensus_half,lower,Sq_um,extratrees,3,85,20,0.9337512984655701,0.6907679855410508,0.6743335927770474,-0.3847023320018599,-0.024371309601117552,0.36033102240074233
consensus_half,lower,rms_DCT_8_16_um,extratrees,3,85,20,0.2901452716761984,0.2471062474294275,0.2844859477079487,-0.019893158216937712,0.13139383712862673,0.15128699534556445
consensus_half,lower,rms_DCT_16_32_um,extratrees,3,85,20,0.39319317262069875,0.27539042716491113,0.3325070430800415,-0.18251080933058272,0.17177565739977774,0.35428646673036046
consensus_half,lower,rms_DCT_32_64_um,extratrees,3,85,20,0.38573301249698166,0.3012546766928204,0.30665109025260306,-0.25788893226903276,0.017597894582202067,0.2754868268512348
consensus_half,lower,rms_DCT_64_inf_um,extratrees,3,85,20,0.67492111485618,0.5503091636257087,0.525943052276548,-0.28325892306168776,-0.046328421382679785,0.23693050167900798
consensus_half,upper,median_depth_um,ridge,3,75,20,11.793142458504517,11.755096322571948,15.664213866666666,0.2471283551867075,0.24955721221435134,0.002428857027643838
consensus_half,upper,Sq_um,ridge,3,75,20,0.9766435781019245,0.9920930634768383,0.9502566818199497,-0.02776817757433503,-0.0440264009264979,-0.01625822335216287
consensus_half,upper,rms_DCT_8_16_um,ridge,3,75,20,0.22004150104657832,0.2150959973213912,0.23052301483717236,0.0454684049572992,0.06692181050416102,0.021453405546861815
consensus_half,upper,rms_DCT_16_32_um,ridge,3,75,20,0.29171952168775683,0.32258831377214153,0.38224925544897964,0.23683429717839222,0.15607863410162037,-0.08075566307677184
consensus_half,upper,rms_DCT_32_64_um,ridge,3,75,20,0.326322530550256,0.3801890510360718,0.4387766702857417,0.25629015248748954,0.13352491875084482,-0.12276523373664472
consensus_half,upper,rms_DCT_64_inf_um,ridge,3,75,20,0.8887560163438166,0.9181990237318999,0.7663627983313404,-0.15970662756461085,-0.19812577767496542,-0.03841915011035457
consensus_half,upper,median_depth_um,extratrees,3,75,20,4.990609974150804,5.941945665666686,15.664213866666666,0.6814005467091594,0.6206674834597922,-0.060733063249367225
consensus_half,upper,Sq_um,extratrees,3,75,20,1.307299216415586,1.1545117442066226,0.9502566818199497,-0.3757327271951634,-0.21494725193142528,0.1607854752637381
consensus_half,upper,rms_DCT_8_16_um,extratrees,3,75,20,0.23164285816670938,0.20751511157461885,0.23052301483717236,-0.0048578374281977865,0.09980740221884099,0.10466523964703878
consensus_half,upper,rms_DCT_16_32_um,extratrees,3,75,20,0.29858044999044375,0.2619410417304108,0.38224925544897964,0.2188854635184594,0.31473760119495353,0.09585213767649414
consensus_half,upper,rms_DCT_32_64_um,extratrees,3,75,20,0.4561496355244576,0.45206493576510265,0.4387766702857417,-0.03959409516326895,-0.030284804045546343,0.009309291117722607
consensus_half,upper,rms_DCT_64_inf_um,extratrees,3,75,20,1.1596434199559411,1.0631085358733963,0.7663627983313404,-0.5131781220081668,-0.3872131295884702,0.1259649924196966
depth_q4,Q1,Sq_um,ridge,4,32,12,0.8816986375598163,1.2010600827972004,0.7035623718099736,-0.25319186029174934,-0.7071124479090205,-0.45392058761727117
depth_q4,Q1,rms_DCT_8_16_um,ridge,4,32,12,0.2737105837156894,0.2530697305516543,0.25179242098707283,-0.08704854039169785,-0.005072867402339698,0.08197567298935815
depth_q4,Q1,rms_DCT_16_32_um,ridge,4,32,12,0.37869258127968125,0.4824314630699648,0.3270464045210643,-0.1579169684933519,-0.4751162416124117,-0.3171992731190598
depth_q4,Q1,rms_DCT_32_64_um,ridge,4,32,12,0.5156224197121974,0.7042719096086228,0.3305246507939335,-0.5600119944871027,-1.130769695745638,-0.5707577012585352
depth_q4,Q1,rms_DCT_64_inf_um,ridge,4,32,12,0.6323817286746457,0.8334082828235555,0.47690062552996554,-0.32602411240685325,-0.7475512469655781,-0.4215271345587248
depth_q4,Q1,Sq_um,extratrees,4,32,12,0.9182420638223445,1.0733626729114956,0.7035623718099736,-0.30513242409495156,-0.5256112548347056,-0.22047883073975405
depth_q4,Q1,rms_DCT_8_16_um,extratrees,4,32,12,0.33581180916980863,0.2886311816294549,0.25179242098707283,-0.3336851357692352,-0.14630607425738762,0.18737906151184758
depth_q4,Q1,rms_DCT_16_32_um,extratrees,4,32,12,0.3728784246171655,0.43027735194307476,0.3270464045210643,-0.14013919573040057,-0.3156461774077126,-0.17550698167731205
depth_q4,Q1,rms_DCT_32_64_um,extratrees,4,32,12,0.41325460428671373,0.6488751348589968,0.3305246507939335,-0.2502988908514374,-0.9631671444183443,-0.7128682535669069
depth_q4,Q1,rms_DCT_64_inf_um,extratrees,4,32,12,0.6049194443634023,0.7338786091975823,0.47690062552996554,-0.2684391925281566,-0.5388501711064957,-0.27041097857833907
depth_q4,Q2,Sq_um,ridge,4,34,9,1.7678244050285785,2.1549638235799575,2.1980122886590037,0.19571677822278266,0.01958517943742244,-0.17613159878536022
depth_q4,Q2,rms_DCT_8_16_um,ridge,4,34,9,0.2378697577294854,0.3465552928304026,0.3721104527532957,0.3607549694735668,0.06867627537417187,-0.2920786940993949
depth_q4,Q2,rms_DCT_16_32_um,ridge,4,34,9,0.3725884594034225,0.4911625697951586,0.5997719865631884,0.37878315801571905,0.1810845107828113,-0.19769864723290775
depth_q4,Q2,rms_DCT_32_64_um,ridge,4,34,9,0.523539777653733,0.7611285100840101,0.7759250027238839,0.3252701281491803,0.0190694881437391,-0.3062006400054412
depth_q4,Q2,rms_DCT_64_inf_um,ridge,4,34,9,1.5443905747836884,1.9155640443452282,1.8993048879871728,0.18686537135152226,-0.008560582590447785,-0.19542595394197004
depth_q4,Q2,Sq_um,extratrees,4,34,9,1.5112144949081598,2.2259321450825116,2.1980122886590037,0.31246312738763427,-0.012702320440866055,-0.3251654478285003
depth_q4,Q2,rms_DCT_8_16_um,extratrees,4,34,9,0.26837491316627604,0.39824078237441296,0.3721104527532957,0.27877620426802396,-0.07022197153499832,-0.3489981758030223
depth_q4,Q2,rms_DCT_16_32_um,extratrees,4,34,9,0.32616255860291166,0.5253357782305891,0.5997719865631884,0.4561890753319652,0.12410751085447236,-0.3320815644774928
depth_q4,Q2,rms_DCT_32_64_um,extratrees,4,34,9,0.4527623224673473,0.6415795008978776,0.7759250027238839,0.4164870047002923,0.17314238019703776,-0.24334462450325456
depth_q4,Q2,rms_DCT_64_inf_um,extratrees,4,34,9,1.3787334485140776,1.9811273202423811,1.8993048879871728,0.27408524179853055,-0.04308019885207659,-0.31716544065060714
depth_q4,Q3,Sq_um,ridge,4,43,3,0.9388244869362334,0.9636652289562001,0.9767474924330735,0.038825802769530515,0.013393700601457947,-0.025432102168072568
depth_q4,Q3,rms_DCT_8_16_um,ridge,4,43,3,0.15217947778393418,0.25807241603827996,0.14791146903407168,-0.02885515760024915,-0.7447762348897535,-0.7159210772895044
depth_q4,Q3,rms_DCT_16_32_um,ridge,4,43,3,0.1966191633869254,0.2955568164562206,0.27523922188964817,0.2856426419278425,-0.07381794799114205,-0.35946058991898455
depth_q4,Q3,rms_DCT_32_64_um,ridge,4,43,3,0.42933951143008264,0.427063047969803,0.5219069252557206,0.17736383509431752,0.18172565393618145,0.004361818841863929
depth_q4,Q3,rms_DCT_64_inf_um,ridge,4,43,3,0.8339385710516977,0.6411107663086263,0.8417621186303551,0.009294250009001637,0.23837061312311358,0.22907636311411195
depth_q4,Q3,Sq_um,extratrees,4,43,3,1.1602691079065952,1.1854546867038538,0.9767474924330735,-0.18789054171653952,-0.21367568986626395,-0.025785148149724435
depth_q4,Q3,rms_DCT_8_16_um,extratrees,4,43,3,0.2827364794660692,0.25872748341766927,0.14791146903407168,-0.9115250582829406,-0.7492050150490421,0.16232004323389848
depth_q4,Q3,rms_DCT_16_32_um,extratrees,4,43,3,0.388011096774294,0.4817888635641312,0.27523922188964817,-0.4097231277955711,-0.7504368027798565,-0.3407136749842854
depth_q4,Q3,rms_DCT_32_64_um,extratrees,4,43,3,0.5355387019183175,0.5423902239092426,0.5219069252557206,-0.026119171834935395,-0.03924703364203452,-0.013127861807099128
depth_q4,Q3,rms_DCT_64_inf_um,extratrees,4,43,3,0.727449816822331,0.8346241144053534,0.8417621186303551,0.1358011952284376,0.008479835415516224,-0.12732135981292136
depth_q4,Q4,Sq_um,ridge,4,51,16,0.6639214335220169,0.7242932623777445,0.7435232996130753,0.10706035188471252,0.02586339559948958,-0.08119695628522294
depth_q4,Q4,rms_DCT_8_16_um,ridge,4,51,16,0.209842772223572,0.23619592853343035,0.23749674196229967,0.11643936464238935,0.005477184310493821,-0.11096218033189553
depth_q4,Q4,rms_DCT_16_32_um,ridge,4,51,16,0.19515152864367422,0.22690849253024614,0.26194054446235904,0.2549777696911004,0.13374047154104096,-0.12123729815005946
depth_q4,Q4,rms_DCT_32_64_um,ridge,4,51,16,0.2611361308929638,0.28535513152551956,0.3425746481919625,0.2377248804860903,0.16702787835712773,-0.07069700212896257
depth_q4,Q4,rms_DCT_64_inf_um,ridge,4,51,16,0.48027238453170534,0.4654494267369178,0.5682057851036838,0.15475625711190666,0.18084356242169453,0.026087305309787867
depth_q4,Q4,Sq_um,extratrees,4,51,16,0.6182855279255051,0.7224254070280771,0.7435232996130753,0.16843826111803506,0.02837556347726744,-0.14006269764076762
depth_q4,Q4,rms_DCT_8_16_um,extratrees,4,51,16,0.17772928464596338,0.21617527419028887,0.23749674196229967,0.2516559040874077,0.08977583269498235,-0.16188007139242533
depth_q4,Q4,rms_DCT_16_32_um,extratrees,4,51,16,0.20807778559404508,0.243205248316591,0.26194054446235904,0.20562971257034268,0.07152499504886811,-0.13410471752147457
depth_q4,Q4,rms_DCT_32_64_um,extratrees,4,51,16,0.22854883790526695,0.2829325942517256,0.3425746481919625,0.3328495289668981,0.17409943863334654,-0.15875009033355159
depth_q4,Q4,rms_DCT_64_inf_um,extratrees,4,51,16,0.4192891676201575,0.5307843169209341,0.5682057851036838,0.2620821916770042,0.06585900595137584,-0.19622318572562836
sq_q4,Q1,median_depth_um,ridge,4,32,8,15.860182627616632,18.225958784174125,19.94803828125,0.20492519595150938,0.08632826310016306,-0.11859693285134632
sq_q4,Q1,rms_DCT_8_16_um,ridge,4,32,8,0.17549561814295317,0.21295586697329463,0.22261283024130432,0.21165542007294813,0.04338008396704662,-0.1682753361059015
sq_q4,Q1,rms_DCT_16_32_um,ridge,4,32,8,0.25930651708601915,0.2885370098765525,0.28984372023691696,0.10535747721543465,0.004508327312719884,-0.10084914990271476
sq_q4,Q1,rms_DCT_32_64_um,ridge,4,32,8,0.412328674154804,0.6468946674794299,0.48561036189856777,0.15090635104501848,-0.3321269854092417,-0.48303333645426016
sq_q4,Q1,rms_DCT_64_inf_um,ridge,4,32,8,0.516643843439384,0.8663498653674593,0.6174514469251648,0.16326401693249049,-0.4031060574588967,-0.5663700743913872
sq_q4,Q1,median_depth_um,extratrees,4,32,8,3.6060448445634705,6.78882358958332,19.94803828125,0.8192280968323113,0.6596746259523464,-0.15955347087996496
sq_q4,Q1,rms_DCT_8_16_um,extratrees,4,32,8,0.31702806874228046,0.2722412974016782,0.22261283024130432,-0.4241230768174207,-0.22293623914928173,0.20118683766813894
sq_q4,Q1,rms_DCT_16_32_um,extratrees,4,32,8,0.34180944945105496,0.3810772407199632,0.28984372023691696,-0.17928878766688983,-0.3147679736116842,-0.13547918594479436
sq_q4,Q1,rms_DCT_32_64_um,extratrees,4,32,8,0.41709595518213166,0.5056310044687071,0.48561036189856777,0.1410892602220607,-0.04122779112839692,-0.18231705135045762
sq_q4,Q1,rms_DCT_64_inf_um,extratrees,4,32,8,0.4789132196478875,0.884303396348501,0.6174514469251648,0.2243710464477512,-0.43218288782418,-0.6565539342719312
sq_q4,Q2,median_depth_um,ridge,4,45,9,10.828241738050762,11.05279822129182,16.098459259259258,0.3273740322805895,0.3134250897374141,-0.013948942543175358
sq_q4,Q2,rms_DCT_8_16_um,ridge,4,45,9,0.22596711542832212,0.26066216773817585,0.25344347139622964,0.10841216708617207,-0.02848247107008972,-0.1368946381562618
sq_q4,Q2,rms_DCT_16_32_um,ridge,4,45,9,0.3105646751397713,0.30535968745161646,0.30005345343139156,-0.035031163908210816,-0.017684295779779147,0.01734686812843167
sq_q4,Q2,rms_DCT_32_64_um,ridge,4,45,9,0.3861556233793412,0.36993539119291624,0.3666223280420734,-0.05327906633942425,-0.009036719526974935,0.04424234681244932
sq_q4,Q2,rms_DCT_64_inf_um,ridge,4,45,9,0.6637005255324152,0.7589405447665833,0.6862989664114841,0.03292798326250079,-0.10584538504396579,-0.13877336830646658
sq_q4,Q2,median_depth_um,extratrees,4,45,9,2.252736639942271,2.638926174708993,16.098459259259258,0.8600650780510826,0.8360758547007424,-0.02398922335034015
sq_q4,Q2,rms_DCT_8_16_um,extratrees,4,45,9,0.24564123574683025,0.21813336834053898,0.25344347139622964,0.03078491470471334,0.13932141499311845,0.10853650028840511
sq_q4,Q2,rms_DCT_16_32_um,extratrees,4,45,9,0.20284285355866608,0.20981887735489707,0.30005345343139156,0.32397760719309,0.300728337049875,-0.023249270143214984
sq_q4,Q2,rms_DCT_32_64_um,extratrees,4,45,9,0.25718861677138627,0.30946110457389636,0.3666223280420734,0.29849167085679673,0.15591309938334486,-0.14257857147345188
sq_q4,Q2,rms_DCT_64_inf_um,extratrees,4,45,9,0.3864954754754277,0.5688530185982706,0.6862989664114841,0.43684094776314053,0.1711294254562471,-0.26571152230689343
sq_q4,Q3,median_depth_um,ridge,4,41,12,8.564827492749657,9.874185998891672,18.17440508130081,0.5287423464792367,0.4566982547862888,-0.0720440916929479
sq_q4,Q3,rms_DCT_8_16_um,ridge,4,41,12,0.29738215906975135,0.2685382254890873,0.3724716956136198,0.20159796684729014,0.2790372298042936,0.07743926295700343
sq_q4,Q3,rms_DCT_16_32_um,ridge,4,41,12,0.3348348862820143,0.4258343791453168,0.5045794465283996,0.33640799563727664,0.15606079067402268,-0.18034720496325396
sq_q4,Q3,rms_DCT_32_64_um,ridge,4,41,12,0.4881683074765022,0.5694300356979198,0.6472867899768009,0.24582377543345446,0.12028169813518286,-0.1255420772982716
sq_q4,Q3,rms_DCT_64_inf_um,ridge,4,41,12,1.2949068539233608,1.345592100396593,1.5125659393543398,0.14390055981552108,0.11039111394311973,-0.033509445872401344
sq_q4,Q3,median_depth_um,extratrees,4,41,12,6.0963123862445805,9.239272126851818,18.17440508130081,0.6645660554514148,0.4916327612639232,-0.1729332941874916
sq_q4,Q3,rms_DCT_8_16_um,extratrees,4,41,12,0.25307087253608207,0.33430824757205274,0.3724716956136198,0.3205634803493823,0.10245999492309232,-0.21810348542629
sq_q4,Q3,rms_DCT_16_32_um,extratrees,4,41,12,0.3239899535073166,0.4874611685919406,0.5045794465283996,0.35790100897603405,0.03392583279845407,-0.32397517617758
sq_q4,Q3,rms_DCT_32_64_um,extratrees,4,41,12,0.4647189466894675,0.6009717353127074,0.6472867899768009,0.2820509333951906,0.07155260292853094,-0.21049833046665967
sq_q4,Q3,rms_DCT_64_inf_um,extratrees,4,41,12,1.2723682391543767,1.4242795312264152,1.5125659393543398,0.1588014736749228,0.0583686342729699,-0.10043283940195291
sq_q4,Q4,median_depth_um,ridge,4,42,11,12.645326957389313,12.867577516291071,15.343285281385283,0.17583967673919065,0.16135447654732582,-0.014485200191864833
sq_q4,Q4,rms_DCT_8_16_um,ridge,4,42,11,0.20301115638609596,0.18837052773061097,0.19166993570621987,-0.05917057695088501,0.017214008881737408,0.07638458583262242
sq_q4,Q4,rms_DCT_16_32_um,ridge,4,42,11,0.24748511001057036,0.25145301756044264,0.26763487913711004,0.0752882777891476,0.06046245403005712,-0.014825823759090473
sq_q4,Q4,rms_DCT_32_64_um,ridge,4,42,11,0.3394067246033732,0.2773314799847672,0.2846055446998838,-0.1925513431626118,0.02555840829730527,0.21810975145991707
sq_q4,Q4,rms_DCT_64_inf_um,ridge,4,42,11,0.5480847325840167,0.5960523522863955,0.5216674215714951,-0.050640139522113214,-0.14259071515491573,-0.09195057563280251
sq_q4,Q4,median_depth_um,extratrees,4,42,11,4.388571965682808,6.934897846428609,15.343285281385283,0.7139744269105721,0.5480174083159272,-0.16595701859464496
sq_q4,Q4,rms_DCT_8_16_um,extratrees,4,42,11,0.21392252537955525,0.20729982681293455,0.19166993570621987,-0.11609848770149744,-0.0815458671133027,0.03455262058819475
sq_q4,Q4,rms_DCT_16_32_um,extratrees,4,42,11,0.3141219329941418,0.28357535157147246,0.26763487913711004,-0.17369579782318412,-0.05956051948743224,0.11413527833575188
sq_q4,Q4,rms_DCT_32_64_um,extratrees,4,42,11,0.2790201012011613,0.37419904894970474,0.2846055446998838,0.019625209707746172,-0.3147988713441867,-0.3344240810519329
sq_q4,Q4,rms_DCT_64_inf_um,extratrees,4,42,11,0.5436751450056881,0.5892716902674259,0.5216674215714951,-0.04218726821754726,-0.12959265980665702,-0.08740539158910976
consensus_half,lower,median_depth_um,ridge,4,80,18,12.82948918702337,12.490504821012117,15.994566666666664,0.19788454076967565,0.2190782606794316,0.021193719909755937
consensus_half,lower,Sq_um,ridge,4,80,18,0.7521781355891259,0.7477001250140155,0.8257165741258276,0.08906014586730993,0.09448332703555906,0.005423181168249136
consensus_half,lower,rms_DCT_8_16_um,ridge,4,80,18,0.20400909989071037,0.21161839864867524,0.234976855919948,0.13179066469332512,0.09940748070622973,-0.03238318398709539
consensus_half,lower,rms_DCT_16_32_um,ridge,4,80,18,0.23896427957626487,0.22846176496168724,0.32328429825446947,0.2608231180217515,0.2933100487860495,0.03248693076429798
consensus_half,lower,rms_DCT_32_64_um,ridge,4,80,18,0.3463273720090423,0.309825638653907,0.38001571100554976,0.08864985846865547,0.1847030802119065,0.09605322174325104
consensus_half,lower,rms_DCT_64_inf_um,ridge,4,80,18,0.5426268961503867,0.5196644189642312,0.6458667382909589,0.1598469715498234,0.19539993600022532,0.0355529644504019
consensus_half,lower,median_depth_um,extratrees,4,80,18,3.4826657137902703,5.543703117442659,15.994566666666664,0.7822594518269577,0.6534008558671387,-0.12885859595981897
consensus_half,lower,Sq_um,extratrees,4,80,18,0.7536285409731112,0.7698597134580115,0.8257165741258276,0.08730360442266138,0.0676465295939479,-0.019657074828713483
consensus_half,lower,rms_DCT_8_16_um,extratrees,4,80,18,0.2062210912902728,0.19776905212062854,0.234976855919948,0.1223770082253195,0.1583466748401614,0.03596966661484191
consensus_half,lower,rms_DCT_16_32_um,extratrees,4,80,18,0.2742571722464995,0.27633737111290385,0.32328429825446947,0.15165328558388214,0.14521870500686018,-0.006434580577021953
consensus_half,lower,rms_DCT_32_64_um,extratrees,4,80,18,0.2788588617239572,0.3042661409760505,0.38001571100554976,0.266191229341345,0.19933273239956395,-0.06685849694178103
consensus_half,lower,rms_DCT_64_inf_um,extratrees,4,80,18,0.5058391228772992,0.5611078522949522,0.6458667382909589,0.21680573888073207,0.1312327775545291,-0.08557296132620296
consensus_half,upper,median_depth_um,ridge,4,80,22,10.694607170056706,10.732996657248604,18.801777045454546,0.4311916823499299,0.4291498813489347,-0.002041801000995158
consensus_half,upper,Sq_um,ridge,4,80,22,1.199582420569623,1.2832493621779368,1.2811939718256096,0.06369960603209512,-0.0016042772581879028,-0.06530388329028303
consensus_half,upper,rms_DCT_8_16_um,ridge,4,80,22,0.253055173411355,0.2775239787456569,0.29394546713826336,0.13910843438070342,0.055865765008998425,-0.08324266937170499
consensus_half,upper,rms_DCT_16_32_um,ridge,4,80,22,0.3322060011851715,0.36883206434224414,0.3759268287457757,0.11630142947358202,0.0188727269804132,-0.09742870249316882
consensus_half,upper,rms_DCT_32_64_um,ridge,4,80,22,0.4605286803565852,0.5285509967727968,0.4995958102082429,0.07819747294392576,-0.05795722456616437,-0.13615469751009013
consensus_half,upper,rms_DCT_64_inf_um,ridge,4,80,22,0.995772075095653,1.0795482185557939,1.0441217636617948,0.04630656140771994,-0.033929428661420236,-0.08023599006914017
consensus_half,upper,median_depth_um,extratrees,4,80,22,4.902956632964054,5.473545698349071,18.801777045454546,0.7392290834472279,0.7088814698144537,-0.030347613632774273
consensus_half,upper,Sq_um,extratrees,4,80,22,1.1103589660478832,1.3390850046976075,1.2811939718256096,0.13334046954209344,-0.04518522108678624,-0.17852569062887969
consensus_half,upper,rms_DCT_8_16_um,extratrees,4,80,22,0.29204610354740446,0.2721398466652722,0.29394546713826336,0.006461618916428158,0.07418253693544608,0.06772091801901792
consensus_half,upper,rms_DCT_16_32_um,extratrees,4,80,22,0.31666604010103644,0.3795831775407335,0.3759268287457757,0.15763915771176573,-0.009726224667594652,-0.16736538237936038
consensus_half,upper,rms_DCT_32_64_um,extratrees,4,80,22,0.4217206434024858,0.5101200512658041,0.4995958102082429,0.15587634086302082,-0.02106551104416665,-0.17694185190718748
consensus_half,upper,rms_DCT_64_inf_um,extratrees,4,80,22,0.884250285890257,1.0741425287236372,1.0441217636617948,0.15311574122433702,-0.028752168670977518,-0.18186790989531454
