dataset_index,arm,bridge_coverage,W_hat_um,lambda_star_4_32_um,lambda_star_valid,r_W,abs_r_W_minus_1
0,primary_in_box,in_box_pred,6.109799610608479,15.036163152530207,True,2.4609912126124125,1.4609912126124125
1,primary_in_box,in_box_pred,6.242043188415606,11.668512421861449,True,1.8693418276112928,0.8693418276112928
2,primary_in_box,in_box_pred,6.054486661732176,8.978347929581629,True,1.4829247186768004,0.4829247186768004
3,primary_in_box,in_box_pred,6.028843118755235,8.585566378279855,True,1.4240819024749316,0.4240819024749316
4,primary_in_box,in_box_pred,6.267686731392546,8.748435560785481,True,1.3957997480901165,0.39579974809011653
5,primary_in_box,in_box_pred,5.947886626901991,9.476722768932731,True,1.5932924353450169,0.5932924353450169
6,primary_in_box,in_box_pred,6.293330274369487,10.03098145708803,True,1.5939067266087523,0.5939067266087523
7,primary_in_box,in_box_pred,6.216399645438664,10.131741650392286,True,1.629840780559618,0.629840780559618
8,extrapolated_out_of_box,out_of_box,6.15121362161992,11.012258268304697,True,1.79025781670132,0.7902578167013199
9,extrapolated_out_of_box,out_of_box,5.8314135171293655,13.207177455648896,True,2.2648329460522296,1.2648329460522296
10,extrapolated_out_of_box,out_of_box,6.15121362161992,15.896771719511722,True,2.5843309462767956,1.5843309462767956
11,primary_in_box,in_box_pred,6.048639449712156,10.595772488586425,True,1.7517612971774434,0.7517612971774434
12,primary_in_box,in_box_pred,6.206526570496223,16.49892017171428,True,2.658317818237449,1.6583178182374492
13,primary_in_box,in_box_pred,5.861082923028727,9.57889903024946,True,1.634322386501835,0.634322386501835
14,extrapolated_out_of_box,out_of_box,5.474325626693868,14.939724935837402,True,2.729053029470593,1.729053029470593
15,extrapolated_out_of_box,out_of_box,5.742838645230541,12.552325668460275,True,2.185735390438847,1.1857353904388468
16,extrapolated_out_of_box,out_of_box,5.249961741875916,14.958876546228812,True,2.8493305821470054,1.8493305821470054
17,extrapolated_out_of_box,out_of_box,5.066431078114908,14.27831212050656,True,2.818218959334815,1.818218959334815
18,extrapolated_out_of_box,out_of_box,5.040787535137968,13.45723392681136,True,2.6696689422048876,1.6696689422048876
19,extrapolated_out_of_box,out_of_box,5.569761846366471,,False,,
20,extrapolated_out_of_box,out_of_box,5.356561776706101,15.18258120387595,True,2.8343892662453603,1.8343892662453603
21,extrapolated_out_of_box,out_of_box,5.253987604798337,19.300862343934504,True,3.6735644991448977,2.6735644991448977
22,extrapolated_out_of_box,out_of_box,4.698659800332249,21.03300978873768,True,4.476384901765054,3.476384901765054
23,extrapolated_out_of_box,out_of_box,4.70268566325467,22.50844413661983,True,4.786295693223522,3.786295693223522
24,primary_in_box,in_box_pred,5.964451215347588,12.772355638285044,True,2.141413380231783,1.141413380231783
25,primary_in_box,in_box_pred,5.699964059733336,9.448952183282888,True,1.657721361794857,0.657721361794857
26,primary_in_box,in_box_pred,6.009891089281449,16.85114805181296,True,2.803902400472236,1.8039024004722362
27,primary_in_box,in_box_pred,5.664447441813953,10.15857296040633,True,1.7933916882020184,0.7933916882020184
28,primary_in_box,in_box_pred,6.009891089281449,16.448715843082976,True,2.7369407529562415,1.7369407529562415
29,primary_in_box,in_box_pred,5.79669101962108,11.469957883713992,True,1.9787078257042867,0.9787078257042867
30,primary_in_box,in_box_pred,5.771047476644139,9.442777413200083,True,1.6362328418568226,0.6362328418568226
31,extrapolated_out_of_box,out_of_box,5.542177301093346,11.357109850221216,True,2.0492144572821074,1.0492144572821074
32,extrapolated_out_of_box,out_of_box,5.759403233676138,17.89052466881779,True,3.106315696773769,2.106315696773769
33,extrapolated_out_of_box,out_of_box,5.648777335923532,12.992753153458636,True,2.3001000713607382,1.3001000713607382
34,extrapolated_out_of_box,out_of_box,5.333003094355398,15.83083337896166,True,2.968465065343289,1.9684650653432891
35,extrapolated_out_of_box,out_of_box,5.836333862606961,15.562527088394411,True,2.666490206823599,1.6664902068235992
36,extrapolated_out_of_box,out_of_box,5.546203164015768,15.172112391585868,True,2.735585398317863,1.735585398317863
37,extrapolated_out_of_box,out_of_box,5.082995666560505,17.651628041717416,True,3.4726820952931656,2.4726820952931656
38,extrapolated_out_of_box,out_of_box,5.053326260661143,15.685102046397756,True,3.103916358716491,2.103916358716491
39,extrapolated_out_of_box,out_of_box,5.454082857004942,17.325254561648958,True,3.176566072771941,2.176566072771941
40,extrapolated_out_of_box,out_of_box,5.479726399981883,18.277103175923607,True,3.335404332592962,2.335404332592962
41,extrapolated_out_of_box,out_of_box,5.18959570139069,14.258795157019971,True,2.7475734098513587,1.7475734098513587
42,extrapolated_out_of_box,out_of_box,5.377152228074119,20.75731624373364,True,3.8602805654933228,2.8602805654933228
43,extrapolated_out_of_box,out_of_box,4.476380776140535,19.33160555605301,True,4.318579344074571,3.3185793440745712
44,extrapolated_out_of_box,out_of_box,4.4507372331635935,17.105879117779093,True,3.8433810449016774,2.8433810449016774
45,extrapolated_out_of_box,out_of_box,4.506050182039896,14.702049300153467,True,3.262735368272758,2.262735368272758
46,extrapolated_out_of_box,out_of_box,4.425093690186653,17.728286549118657,True,4.006307615233988,3.006307615233988
47,extrapolated_out_of_box,out_of_box,4.612650216870081,13.903387385739377,True,3.0141863640320716,2.0141863640320716
48,primary_in_box,in_box_pred,5.742172191155873,9.708231566821963,True,1.6906897326720083,0.6906897326720083
49,primary_in_box,in_box_pred,5.742172191155873,9.89823266090284,True,1.7237784467954749,0.7237784467954749
50,primary_in_box,in_box_pred,5.848772225986059,9.324161269491098,True,1.5942083071834987,0.5942083071834987
51,primary_in_box,in_box_pred,5.732299116213432,,False,,
52,primary_in_box,in_box_pred,5.68101203025955,13.657657525470372,True,2.4040888230342983,1.4040888230342983
53,primary_in_box,in_box_pred,5.838899151043617,13.839279657921876,True,2.370186451233416,1.3701864512334159
54,primary_in_box,exact_match,5.945499185873802,11.975549042291355,True,2.0142209540192417,1.0142209540192417
55,extrapolated_out_of_box,out_of_box,5.426498311731818,11.761191983380671,True,2.1673630595173248,1.1673630595173248
56,extrapolated_out_of_box,out_of_box,5.48181126060812,12.38847798629755,True,2.2599242106929536,1.2599242106929536
57,extrapolated_out_of_box,out_of_box,5.48181126060812,21.254572210004635,True,3.8772900414755935,2.8772900414755935
58,extrapolated_out_of_box,out_of_box,5.6653419243691285,17.27007056304232,True,3.048372153630507,2.048372153630507
59,extrapolated_out_of_box,out_of_box,5.3198982769016325,10.772169964172535,True,2.0248826957733423,1.0248826957733423
60,extrapolated_out_of_box,out_of_box,4.967316677198975,14.305243299707998,True,2.8798734265065207,1.8798734265065207
61,extrapolated_out_of_box,out_of_box,5.312760324666471,15.556425511596798,True,2.9281248467713272,1.9281248467713272
62,extrapolated_out_of_box,out_of_box,5.257447375790169,16.970144108325027,True,3.227829571147062,2.227829571147062
63,extrapolated_out_of_box,out_of_box,5.044247306129798,12.69811840776946,True,2.5173465211229105,1.5173465211229105
64,extrapolated_out_of_box,out_of_box,4.967316677198975,12.850496649377304,True,2.5870097447911418,1.5870097447911418
65,extrapolated_out_of_box,out_of_box,4.173145260095576,,False,,
66,extrapolated_out_of_box,out_of_box,4.386345329755946,18.913255555658143,True,4.311848277734774,3.311848277734774
67,extrapolated_out_of_box,out_of_box,4.522614770485493,16.385646000680737,True,3.6230470274879885,2.6230470274879885
68,extrapolated_out_of_box,out_of_box,4.147501717118635,13.457926207365,True,3.244827157471205,2.244827157471205
69,extrapolated_out_of_box,out_of_box,4.441658278632249,19.11448554734033,True,4.3034570307435684,3.3034570307435684
70,extrapolated_out_of_box,out_of_box,4.305388837902703,18.21786800642005,True,4.231410609429315,3.2314106094293154
71,extrapolated_out_of_box,out_of_box,4.625188942393257,15.353228470100618,True,3.3194813576969775,2.3194813576969775
72,primary_in_box,exact_match,6.0232239352157215,14.56665793369415,True,2.41841546825578,1.41841546825578
73,primary_in_box,in_box_pred,5.9462933062849,12.40952841173918,True,2.086935132954676,1.0869351329546761
74,primary_in_box,in_box_pred,5.596823795894983,10.395135974354488,True,1.857327718978548,0.857327718978548
75,extrapolated_out_of_box,out_of_box,5.835667408532293,12.522139038506287,True,2.145793816179062,1.145793816179062
76,primary_in_box,in_box_pred,5.616620126851903,12.662404172006315,True,2.2544526576525925,1.2544526576525925
77,primary_in_box,in_box_pred,5.510020092021718,9.144133649393266,True,1.6595463349822617,0.6595463349822617
78,primary_in_box,in_box_pred,5.616620126851903,10.267739738899024,True,1.8280993741789793,0.8280993741789793
79,extrapolated_out_of_box,out_of_box,5.57530647798454,14.624191870224823,True,2.6230292321995243,1.6230292321995243
80,extrapolated_out_of_box,out_of_box,5.549662935007599,12.236876209360364,True,2.2049764738268034,1.2049764738268034
81,extrapolated_out_of_box,out_of_box,5.310819322370288,13.26151842983807,True,2.4970758041000876,1.4970758041000876
82,extrapolated_out_of_box,out_of_box,5.468706443154355,17.406108620495132,True,3.182856641040559,2.182856641040559
83,extrapolated_out_of_box,out_of_box,5.604975883883902,19.77319075202608,True,3.527792297711811,2.527792297711811
84,extrapolated_out_of_box,out_of_box,5.152932201586221,10.6712073803481,True,2.0709000163175433,1.0709000163175433
85,extrapolated_out_of_box,out_of_box,5.229862830517044,11.569945815624887,True,2.212284755942832,1.2122847559428318
86,extrapolated_out_of_box,out_of_box,5.549662935007599,13.440702013523854,True,2.4218951981280012,1.4218951981280012
87,extrapolated_out_of_box,out_of_box,4.770681195984203,10.131240484170466,True,2.1236465125145227,1.1236465125145227
88,extrapolated_out_of_box,out_of_box,4.983881265644572,12.588753428399883,True,2.5258935270344494,1.5258935270344494
89,extrapolated_out_of_box,out_of_box,4.215353391518114,14.33252101483079,True,3.4000757904829153,2.4000757904829153
90,extrapolated_out_of_box,out_of_box,4.245022797417476,12.424812267631545,True,2.9269129662131306,1.9269129662131306
91,extrapolated_out_of_box,out_of_box,4.057466270734047,11.253448911234944,True,2.773516317906212,1.773516317906212
92,extrapolated_out_of_box,out_of_box,4.189709848541173,11.174444864870056,True,2.667116642638372,1.667116642638372
93,extrapolated_out_of_box,out_of_box,4.428553461178484,14.8859280720606,True,3.3613522344380375,2.3613522344380375
94,extrapolated_out_of_box,out_of_box,4.377266375224602,15.630671120284587,True,3.5708750120290684,2.5708750120290684
95,extrapolated_out_of_box,out_of_box,4.4838664100547865,13.613865800001932,True,3.036188984014711,2.036188984014711
96,extrapolated_out_of_box,out_of_box,5.889600083491803,11.916759754127009,True,2.02335635445418,1.02335635445418
97,extrapolated_out_of_box,out_of_box,5.676400013831434,12.345768782139656,True,2.1749293129549123,1.1749293129549123
98,extrapolated_out_of_box,out_of_box,5.544156436024307,12.825042678776034,True,2.3132541130049393,1.3132541130049393
99,extrapolated_out_of_box,out_of_box,5.518512893047367,10.118011491502406,True,1.833467038601981,0.8334670386019809
100,extrapolated_out_of_box,out_of_box,5.838312997537922,10.889486163286271,True,1.865176835822006,0.865176835822006
101,extrapolated_out_of_box,out_of_box,5.706069419730796,8.511669002229823,True,1.4916868997067672,0.49168689970676716
102,extrapolated_out_of_box,out_of_box,5.893625946414224,9.481548599701249,True,1.608780178095621,0.608780178095621
103,extrapolated_out_of_box,out_of_box,5.777152836641599,13.609312030239314,True,2.3557126520735676,1.3557126520735676
104,extrapolated_out_of_box,out_of_box,5.935039957425666,13.368551279930765,True,2.252478732380666,1.2524787323806659
105,extrapolated_out_of_box,out_of_box,5.482996275127984,9.923667066821595,True,1.809898560726262,0.8098985607262621
106,extrapolated_out_of_box,out_of_box,5.457352732151044,8.721706806647767,True,1.598157061621718,0.598157061621718
107,extrapolated_out_of_box,out_of_box,5.6705528018114135,11.396275240407013,True,2.009729146118975,1.0097291461189748
108,extrapolated_out_of_box,out_of_box,5.457352732151044,9.589196565195923,True,1.7571150401737532,0.7571150401737532
109,extrapolated_out_of_box,out_of_box,5.445708489183043,15.837031466066849,True,2.9081673206570584,1.9081673206570584
110,extrapolated_out_of_box,out_of_box,5.39039554030674,21.49040933895453,True,3.986796363691638,2.986796363691638
111,extrapolated_out_of_box,out_of_box,5.206864876545732,10.90740172394096,True,2.094811749979001,1.094811749979001
112,extrapolated_out_of_box,out_of_box,4.824613870943713,13.437000009044512,True,2.7850933501578194,1.7850933501578194
113,extrapolated_out_of_box,out_of_box,5.063457483581024,15.869271615579134,True,3.1340781801836965,2.1340781801836965
114,extrapolated_out_of_box,out_of_box,5.221344604365091,14.127633526381745,True,2.705746239114522,1.705746239114522
115,extrapolated_out_of_box,out_of_box,5.114744569534906,14.865795379314315,True,2.906458998531395,1.906458998531395
116,extrapolated_out_of_box,out_of_box,4.743657379090469,12.203966917286271,True,2.5726914787480317,1.5726914787480317
117,extrapolated_out_of_box,out_of_box,4.056085996817254,17.573736183729324,True,4.33268333006725,3.3326833300672503
118,extrapolated_out_of_box,out_of_box,4.1923554375468015,15.294713112168576,True,3.648238642933012,2.648238642933012
119,extrapolated_out_of_box,out_of_box,4.482486136137995,18.54512750314173,True,4.137241463756044,3.1372414637560437
120,primary_in_box,exact_match,6.182949527272972,10.003348406161974,True,1.6178926193780547,0.6178926193780547
121,extrapolated_out_of_box,out_of_box,6.289549562103157,10.873118185811675,True,1.7287594411094556,0.7287594411094556
122,primary_in_box,in_box_pred,5.769737201992342,11.266255756141158,True,1.9526462578314345,0.9526462578314345
123,extrapolated_out_of_box,out_of_box,5.876337236822526,11.149167534739046,True,1.897298790967222,0.8972987909672221
124,primary_in_box,in_box_pred,5.656348633957955,,False,,
125,extrapolated_out_of_box,out_of_box,5.76294866878814,10.93926046506227,True,1.8982054315890045,0.8982054315890045
126,primary_in_box,in_box_pred,6.004165368150014,12.950437243891914,True,2.1569088207645692,1.1569088207645692
127,extrapolated_out_of_box,out_of_box,6.110765402980198,,False,,
128,primary_in_box,exact_match,6.027502197468055,10.626113959029189,True,1.7629382140238539,0.7629382140238539
129,extrapolated_out_of_box,out_of_box,6.134102232298241,12.49335812022018,True,2.036705233642534,1.0367052336425342
130,primary_in_box,in_box_pred,5.936180017437248,10.525656126642762,True,1.7731362754707816,0.7731362754707816
131,extrapolated_out_of_box,out_of_box,6.0427800522674335,11.51949906895808,True,1.9063244019010117,0.9063244019010117
132,primary_in_box,in_box_pred,6.052099220703988,9.773721145239106,True,1.6149307519287852,0.6149307519287852
133,extrapolated_out_of_box,out_of_box,6.158699255534172,12.00234860790508,True,1.9488447332640637,0.9488447332640637
134,primary_in_box,in_box_pred,5.757395858314291,10.280225900836877,True,1.7855687108940304,0.7855687108940304
135,extrapolated_out_of_box,out_of_box,5.863995893144476,12.892716257873298,True,2.1986230026091955,1.1986230026091955
136,primary_in_box,in_box_pred,6.139185970542546,11.16979135025998,True,1.8194254749498746,0.8194254749498746
137,extrapolated_out_of_box,out_of_box,6.245786005372731,,False,,
138,primary_in_box,in_box_pred,6.113259381600311,15.304477293099652,True,2.5034889471830803,1.5034889471830803
139,extrapolated_out_of_box,out_of_box,6.219859416430495,11.10010215656798,True,1.784622676076206,0.7846226760762061
140,primary_in_box,in_box_pred,5.488973684030818,14.266299800171105,True,2.59908329341719,1.59908329341719
141,primary_in_box,in_box_pred,5.595573718861004,12.406930408458866,True,2.217275838336079,1.217275838336079
142,primary_in_box,exact_match,5.702173753691189,13.686953355865574,True,2.400304506155323,1.4003045061553232
143,primary_in_box,exact_match,5.808773788521374,20.33910218473801,True,3.501445042485522,2.501445042485522
144,primary_in_box,in_box_pred,5.650795823484105,19.21712122703679,True,3.4007813814777172,2.4007813814777172
145,primary_in_box,in_box_pred,5.437595753823736,15.917534514704242,True,2.927311119718853,1.927311119718853
146,primary_in_box,in_box_pred,5.54419578865392,13.238470411514887,True,2.387807161970567,1.3878071619705672
147,primary_in_box,exact_match,5.330995718993551,16.39308904929755,True,3.0750520003029442,2.0750520003029442
148,primary_in_box,exact_match,5.3365485294674,13.505688064382564,True,2.5307908266563564,1.5307908266563564
149,primary_in_box,in_box_pred,5.229948494637215,15.949985575742025,True,3.0497404691646826,2.0497404691646826
150,primary_in_box,exact_match,5.443148564297585,13.19434205978971,True,2.4240275465441723,1.4240275465441723
151,primary_in_box,in_box_pred,5.54974859912777,15.981702306235912,True,2.8797164449480985,1.8797164449480985
152,primary_in_box,in_box_pred,5.897565333319829,,False,,
153,primary_in_box,in_box_pred,5.577765228829274,17.17652433675191,True,3.0794634826100626,2.0794634826100626
154,primary_in_box,exact_match,5.684365263659458,18.23764737785915,True,3.208387661935396,2.208387661935396
155,primary_in_box,in_box_pred,5.790965298489644,18.02540888741704,True,3.112677758942588,2.112677758942588
156,primary_in_box,exact_match,5.945499185873802,10.716409207930754,True,1.8024406148086582,0.8024406148086582
157,primary_in_box,in_box_pred,5.732299116213432,13.43765651228388,True,2.344200161201698,1.344200161201698
158,primary_in_box,in_box_pred,5.838899151043617,11.444534053265324,True,1.9600499609964632,0.9600499609964632
159,primary_in_box,in_box_pred,5.625699081383248,9.024660111865645,True,1.6041846499984957,0.6041846499984957
160,primary_in_box,in_box_pred,5.805769974152424,8.957803609676962,True,1.5429139717139237,0.5429139717139237
161,primary_in_box,exact_match,5.9123700089826094,10.187201719133206,True,1.7230318304936743,0.7230318304936743
162,primary_in_box,in_box_pred,6.125570078642979,17.094888583756347,True,2.7907424720122447,1.7907424720122447
163,primary_in_box,in_box_pred,6.018970043812794,11.185404169702869,True,1.8583585045751998,0.8583585045751998
164,primary_in_box,exact_match,5.556537132331972,10.149086117041652,True,1.826512785811669,0.826512785811669
165,primary_in_box,in_box_pred,5.4499370975017865,10.06947567876668,True,1.847631541175486,0.847631541175486
166,primary_in_box,in_box_pred,5.343337062671602,9.909591159098213,True,1.8545697272826618,0.8545697272826618
167,primary_in_box,in_box_pred,5.663137167162157,,False,,
168,primary_in_box,in_box_pred,5.793459277109755,9.864797093561378,True,1.7027472916807547,0.7027472916807547
169,primary_in_box,in_box_pred,5.90005931193994,11.80156011694523,True,2.0002443184024323,1.0002443184024323
170,primary_in_box,exact_match,5.686859242279571,10.992604555676673,True,1.9329834074230225,0.9329834074230225
171,primary_in_box,in_box_pred,6.0066593467701255,13.021054880614985,True,2.167769824938817,1.167769824938817
172,primary_in_box,in_box_pred,5.863149422782417,9.407459257280316,True,1.604506141481878,0.604506141481878
173,primary_in_box,in_box_pred,5.969749457612601,10.56715703018984,True,1.770117339968873,0.770117339968873
174,primary_in_box,exact_match,5.756549387952232,10.19269859979156,True,1.7706264487409171,0.7706264487409171
175,primary_in_box,in_box_pred,6.0763494924427865,17.38592853614663,True,2.861245647204736,1.8612456472047358
176,primary_in_box,in_box_pred,5.601102058147315,16.934453385495903,True,3.0234145369415635,2.0234145369415635
177,primary_in_box,exact_match,5.707702092977501,10.025623028224508,True,1.7565077617767724,0.7565077617767724
178,primary_in_box,exact_match,5.814302127807686,12.71262711631094,True,2.1864407519366913,1.1864407519366913
179,primary_in_box,in_box_pred,5.92090216263787,12.903457466297608,True,2.1793059759914835,1.1793059759914835
180,primary_in_box,in_box_pred,5.57136627918229,11.81471575262988,True,2.1206137167423726,1.1206137167423726
181,primary_in_box,exact_match,5.677966314012474,13.459631624030925,True,2.3705021973825953,1.3705021973825953
182,primary_in_box,in_box_pred,5.35816620952192,15.652923642651269,True,2.921321032340259,1.9213210323402592
183,primary_in_box,in_box_pred,5.464766244352105,11.121279222471848,True,2.035087819898209,1.0350878198982092
184,primary_in_box,in_box_pred,5.835950454497588,10.8895821832711,True,1.8659483606271594,0.8659483606271594
185,primary_in_box,in_box_pred,5.942550489327773,9.844185813333066,True,1.6565590533916776,0.6565590533916776
186,primary_in_box,exact_match,5.622750384837218,9.56283765931253,True,1.700740208048446,0.700740208048446
187,primary_in_box,in_box_pred,5.729350419667403,9.390936745447489,True,1.6390927518084406,0.6390927518084406
188,primary_in_box,in_box_pred,6.032585935712361,11.805113379327636,True,1.956891042271348,0.9568910422713479
189,primary_in_box,in_box_pred,5.712785831221806,10.922526745032467,True,1.9119440265619834,0.9119440265619834
190,primary_in_box,in_box_pred,5.819385866051992,9.720938860159308,True,1.6704406760286237,0.6704406760286237
191,primary_in_box,in_box_pred,5.925985900882177,,False,,
192,primary_in_box,in_box_pred,5.829579982607063,10.99798231417217,True,1.886582283283766,0.886582283283766
193,primary_in_box,in_box_pred,5.509779878116508,9.511936587414986,True,1.7263732486290533,0.7263732486290533
194,primary_in_box,in_box_pred,5.616379912946694,9.64445815674146,True,1.7172018820360375,0.7172018820360375
195,primary_in_box,in_box_pred,5.722979947776879,10.912131490668887,True,1.9067219508444655,0.9067219508444655
196,primary_in_box,in_box_pred,5.907359749433772,10.255244325789706,True,1.7360114773393789,0.7360114773393789
197,primary_in_box,exact_match,5.587559644943217,10.02800697834505,True,1.7947024489341195,0.7947024489341195
198,primary_in_box,in_box_pred,5.800759714603586,10.775048279182268,True,1.85752363643951,0.85752363643951
199,primary_in_box,in_box_pred,5.694159679773401,10.366167238577734,True,1.8204911385608096,0.8204911385608096
