session_id,measurement_id,sample_id,roi_within_measurement,theta_session_deg,d4_transform_session,center_x_um,center_y_um,region_score,edge_score,objective_score,center_search_boundary_hit,registration_unstable,sensitivity_span_um,sensitivity_centers,initialization,status,warning,paired_center_separation_um,slot_assignment_conflict
zro2_120_formal,1,1,single,-0.7000000000025182,identity,15.620231918634701,1.646148696594956,84.98598622985628,11.536901161262923,0.26605058868675246,False,True,4.031128874149275,"0.25/0.75:14.620,1.646;0.50/0.50:15.620,1.646;0.75/0.25:18.120,3.646",fixed-domain_component,REVIEW,weight sensitivity exceeds threshold,,
zro2_120_formal,2,2,single,-0.7000000000025182,identity,2.367595949057165,0.6119578688592107,44.32061438938943,10.024543858583003,1.4566690295966018,False,False,1.5,"0.25/0.75:2.368,0.612;0.50/0.50:2.368,0.612;0.75/0.25:2.368,-0.888",fixed-domain_component,PASS,,,
zro2_120_formal,3,3,single,-0.7000000000025182,identity,-2.745359002918253,20.22675084911431,17.471984132379472,7.3745125684606405,0.23672981714689617,False,True,3.905124837953327,"0.25/0.75:-0.745,21.227;0.50/0.50:-2.745,20.227;0.75/0.25:-3.745,18.727",fixed-domain_component,REVIEW,weight sensitivity exceeds threshold,,
zro2_120_formal,4,4,single,-0.7000000000025182,identity,16.44478974520384,-0.7505775567958821,10.155611686369788,6.264425296518374,0.8751903639901374,False,False,2.23606797749979,"0.25/0.75:15.445,-0.751;0.50/0.50:16.445,-0.751;0.75/0.25:17.445,-1.751",fixed-domain_component,PASS,,,
zro2_120_formal,5,5,single,-0.7000000000025182,identity,-16.83529865552989,12.554510957406402,20.766748843947354,6.72309721305988,0.40209958487712266,False,True,3.605551275463989,"0.25/0.75:-15.335,11.055;0.50/0.50:-16.835,12.555;0.75/0.25:-18.335,13.055",fixed-domain_component,REVIEW,weight sensitivity exceeds threshold,,
zro2_120_formal,6,6,single,-0.7000000000025182,identity,-16.31314406501687,15.004060299925737,5.3262871792857664,2.7374647017275584,0.23960068616729108,False,True,4.6097722286464435,"0.25/0.75:-16.313,12.504;0.50/0.50:-16.313,15.004;0.75/0.25:-19.313,16.004",fixed-domain_component,REVIEW,weight sensitivity exceeds threshold,,
zro2_120_formal,7,7,single,-0.7000000000025182,identity,-22.260176882122963,3.77742360958947,32.94362423958741,6.540467153920149,0.6884361197369522,False,False,2.0,"0.25/0.75:-22.260,4.777;0.50/0.50:-22.260,3.777;0.75/0.25:-22.260,2.777",fixed-domain_component,PASS,,,
zro2_120_formal,8,8,single,-0.7000000000025182,identity,19.43894660984438,-8.904262896141276,13.31356336767402,6.557227186407554,0.9263490682256192,False,True,3.0413812651491097,"0.25/0.75:16.439,-8.404;0.50/0.50:19.439,-8.904;0.75/0.25:19.439,-8.904",fixed-domain_component,REVIEW,weight sensitivity exceeds threshold,,
zro2_120_formal,9,9,single,-0.7000000000025182,identity,15.083475040102968,2.4317440438157263,242.10025850571768,18.423793438149712,0.8548882875797098,False,True,4.031128874149275,"0.25/0.75:15.083,2.432;0.50/0.50:15.083,2.432;0.75/0.25:13.083,-1.068",fixed-domain_component,REVIEW,weight sensitivity exceeds threshold,,
zro2_120_formal,10,10,single,-0.7000000000025182,identity,19.291729592902698,3.6134888710062523,19.56148692975407,2.5819889183754623,0.783092485150324,False,False,2.0,"0.25/0.75:17.292,3.613;0.50/0.50:19.292,3.613;0.75/0.25:19.292,3.613",fixed-domain_component,PASS,,,
zro2_120_formal,11,11,single,-0.7000000000025182,identity,7.176490480228607,3.3707891638161325,228.68451048992904,15.751017057170499,0.7707198946385486,False,False,2.1213203435596424,"0.25/0.75:5.676,1.871;0.50/0.50:7.176,3.371;0.75/0.25:7.176,3.371",fixed-domain_component,PASS,,,
zro2_120_formal,12,12,single,-0.7000000000025182,identity,-3.7409026483059673,-0.8558178413699089,71.37218143318687,9.760404682757377,0.8044894092878033,False,False,2.5,"0.25/0.75:-3.741,1.144;0.50/0.50:-3.741,-0.856;0.75/0.25:-3.741,-1.356",fixed-domain_component,PASS,,,
zro2_120_formal,13,13,single,-0.7000000000025182,identity,14.616070824760564,11.789306847064525,140.12567005978514,13.626734392458483,0.5572085530285377,False,False,2.6925824035672505,"0.25/0.75:13.616,10.789;0.50/0.50:14.616,11.789;0.75/0.25:16.116,11.789",fixed-domain_component,PASS,,,
zro2_120_formal,14,14,single,-0.7000000000025182,identity,-9.939975171697817,2.324810004111299,30.3878222669547,6.493006226538168,0.5194838816651304,False,False,2.692582403567252,"0.25/0.75:-8.940,4.825;0.50/0.50:-9.940,2.325;0.75/0.25:-9.940,2.325",fixed-domain_component,PASS,,,
zro2_120_formal,15,15,single,-0.7000000000025182,identity,12.713458423831236,31.39671287115663,32.96280975180173,3.408318698561169,0.3253759720131696,False,True,3.640054944640259,"0.25/0.75:10.213,31.397;0.50/0.50:12.713,31.397;0.75/0.25:13.713,32.397",fixed-domain_component,REVIEW,weight sensitivity exceeds threshold,,
zro2_120_formal,16,16,single,-0.7000000000025182,identity,-19.908949662721017,39.502446432405954,196.19842843242736,16.681300017929996,0.8962341848417952,False,False,2.0,"0.25/0.75:-19.909,39.502;0.50/0.50:-19.909,39.502;0.75/0.25:-19.909,37.502",fixed-domain_component,PASS,,,
zro2_120_formal,17,17,single,-0.7000000000025182,identity,-3.4512866792824006,12.317408870718412,223.04739131426453,15.824949527582476,0.20674488167730026,False,True,3.640054944640259,"0.25/0.75:-2.451,10.817;0.50/0.50:-3.451,12.317;0.75/0.25:-3.451,14.317",fixed-domain_component,REVIEW,weight sensitivity exceeds threshold,,
zro2_120_formal,18,18,single,-0.7000000000025182,identity,-10.17441555923076,1.7931822840060274,28.688194104817576,3.9984523150555975,0.7091356489735718,False,True,3.8078865529319543,"0.25/0.75:-11.674,-0.207;0.50/0.50:-10.174,1.793;0.75/0.25:-10.174,3.293",fixed-domain_component,REVIEW,weight sensitivity exceeds threshold,,
zro2_120_formal,19,19,single,-0.7000000000025182,identity,11.937090978641699,-7.414021471477195,27.893622923143916,4.538688060624383,0.2459204472674361,False,True,3.605551275463989,"0.25/0.75:13.937,-4.414;0.50/0.50:11.937,-7.414;0.75/0.25:11.937,-7.414",fixed-domain_component,REVIEW,weight sensitivity exceeds threshold,,
zro2_120_formal,20,20,single,-0.7000000000025182,identity,20.597424505041225,-7.626998168965127,222.40446079326443,15.661377558103748,0.28277312687761125,False,True,4.6097722286464435,"0.25/0.75:21.097,-7.627;0.50/0.50:20.597,-7.627;0.75/0.25:17.597,-4.627",fixed-domain_component,REVIEW,weight sensitivity exceeds threshold,,
zro2_120_formal,21,21,single,-0.7000000000025182,identity,-2.778584480435125,20.479434681804918,285.86084797700863,16.201281890332318,0.88391461337678,False,False,0.5,"0.25/0.75:-3.279,20.479;0.50/0.50:-2.779,20.479;0.75/0.25:-2.779,20.479",fixed-domain_component,PASS,,,
zro2_120_formal,22,22,single,-0.7000000000025182,identity,32.62613814912766,4.173012005116352,295.2045409326671,16.58069466929263,0.9623319474890846,False,False,3.0,"0.25/0.75:32.626,4.173;0.50/0.50:32.626,4.173;0.75/0.25:32.626,7.173",fixed-domain_component,PASS,,,
zro2_120_formal,23,23,single,-0.7000000000025182,identity,25.17196217660385,-3.9424486436631963,261.1679085044301,11.213940953519177,0.26642687362077927,False,True,5.0,"0.25/0.75:21.672,-2.442;0.50/0.50:25.172,-3.942;0.75/0.25:25.672,-5.442",fixed-domain_component,REVIEW,weight sensitivity exceeds threshold,,
zro2_120_formal,24,24,single,-0.7000000000025182,identity,14.0,14.0,179.82682244752047,5.204546941254131,1.252858887831402,False,False,0.0,"0.25/0.75:14.000,14.000;0.50/0.50:14.000,14.000;0.75/0.25:14.000,14.000",domain_midpoint_fallback,REVIEW,segmentation initializer unavailable,,
zro2_120_formal,25,25,single,-0.7000000000025182,identity,-4.789961109664208,42.31534653494776,30.964030720501196,10.465137197528556,0.3858756875814774,False,True,4.242640687119285,"0.25/0.75:-6.790,43.315;0.50/0.50:-4.790,42.315;0.75/0.25:-3.790,40.315",fixed-domain_component,REVIEW,weight sensitivity exceeds threshold,,
zro2_120_formal,26,26,single,-0.7000000000025182,identity,24.39630971901575,3.04163422284244,1.471323456776685,3.200806243901139,0.8717209960211816,False,False,1.5,"0.25/0.75:24.396,3.042;0.50/0.50:24.396,3.042;0.75/0.25:24.396,1.542",fixed-domain_component,PASS,,,
zro2_120_formal,27,27,single,-0.7000000000025182,identity,-30.333429828010637,-23.731140790814912,217.7169123225425,18.153549712018794,0.3387972309335804,False,False,2.5495097567963922,"0.25/0.75:-27.833,-24.231;0.50/0.50:-30.333,-23.731;0.75/0.25:-30.333,-24.231",fixed-domain_component,PASS,,,
zro2_120_formal,28,28,single,-0.7000000000025182,identity,-21.19930771783908,31.581916937607232,60.385376535045964,7.304252765337843,1.1940315266295238,False,False,1.4142135623730951,"0.25/0.75:-20.699,30.582;0.50/0.50:-21.199,31.582;0.75/0.25:-21.699,31.582",fixed-domain_component,PASS,,,
zro2_120_formal,29,29,single,-0.7000000000025182,identity,-30.748093074141906,22.47962282299408,198.63212805612858,16.825246003939167,0.3490531569468618,False,False,2.0615528128088303,"0.25/0.75:-31.748,22.480;0.50/0.50:-30.748,22.480;0.75/0.25:-29.748,22.980",fixed-domain_component,PASS,,,
zro2_120_formal,30,30,single,-0.7000000000025182,identity,11.5,-6.0,63.92183603613607,5.339640529942505,0.42614707801359075,False,True,3.905124837953327,"0.25/0.75:9.000,-6.000;0.50/0.50:11.500,-6.000;0.75/0.25:11.500,-9.000",domain_midpoint_fallback,REVIEW,weight sensitivity exceeds threshold; segmentation initializer unavailable,,
zro2_120_formal,31,31,single,-0.7000000000025182,identity,-31.5,-11.2979421920827,63.98068442589118,7.531079060444172,0.5231191132048719,False,False,2.692582403567252,"0.25/0.75:-34.000,-10.798;0.50/0.50:-31.500,-11.298;0.75/0.25:-31.500,-11.798",fixed-domain_component,PASS,,,
zro2_120_formal,32,32,single,-0.7000000000025182,identity,-49.5,-4.4566990498856605,215.62556725788465,17.01862213103275,1.354342351994243,True,False,0.5,"0.25/0.75:-50.000,-4.457;0.50/0.50:-49.500,-4.457;0.75/0.25:-49.500,-4.457",fixed-domain_component,REVIEW,center search boundary hit,,
zro2_120_formal,33,33,single,-0.7000000000025182,identity,-3.5297079404411633,2.873466349461312,197.87470966987394,18.752671034058448,0.8446846677001276,False,True,3.5,"0.25/0.75:-3.530,2.873;0.50/0.50:-3.530,2.873;0.75/0.25:-3.530,-0.627",fixed-domain_component,REVIEW,weight sensitivity exceeds threshold,,
zro2_120_formal,34,34,single,-0.7000000000025182,identity,-14.51364155236493,-0.6438390052643292,288.3244735998517,16.070191656285957,0.443725942535483,False,True,4.0,"0.25/0.75:-11.514,-0.644;0.50/0.50:-14.514,-0.644;0.75/0.25:-15.514,-0.644",fixed-domain_component,REVIEW,weight sensitivity exceeds threshold,,
zro2_120_formal,35,35,single,-0.7000000000025182,identity,-1.9666735013454169,10.520557216996018,45.27235581001197,4.5562127938188395,0.13887505646199452,False,True,3.605551275463989,"0.25/0.75:-3.967,11.021;0.50/0.50:-1.967,10.521;0.75/0.25:-0.967,9.021",fixed-domain_component,REVIEW,weight sensitivity exceeds threshold,,
zro2_120_formal,36,36,single,-0.7000000000025182,identity,-13.92499553711771,1.9639097418192186,271.43040361907333,17.833858803408468,1.00514767917713,False,False,2.23606797749979,"0.25/0.75:-12.925,1.964;0.50/0.50:-13.925,1.964;0.75/0.25:-13.925,3.964",fixed-domain_component,PASS,,,
zro2_120_formal,37,37,single,-0.7000000000025182,identity,-17.41070500503887,14.112830844843911,175.67808580985673,12.41998908100759,1.7836377029960566,False,False,0.0,"0.25/0.75:-17.411,14.113;0.50/0.50:-17.411,14.113;0.75/0.25:-17.411,14.113",fixed-domain_component,PASS,,,
zro2_120_formal,38,38,single,-0.7000000000025182,identity,-30.76683536072011,16.98871360568264,194.04384966989022,16.44957539211609,0.5811531734420966,False,False,1.118033988749895,"0.25/0.75:-31.267,16.989;0.50/0.50:-30.767,16.989;0.75/0.25:-30.267,16.489",fixed-domain_component,PASS,,,
zro2_120_formal,39,39,single,-0.7000000000025182,identity,-12.176127856080422,-0.6950118536482375,26.177714208553855,4.428965235747239,0.5576279253514137,False,True,4.242640687119285,"0.25/0.75:-10.176,0.805;0.50/0.50:-12.176,-0.695;0.75/0.25:-13.176,-2.195",fixed-domain_component,REVIEW,weight sensitivity exceeds threshold,,
zro2_120_formal,40,40,single,-0.7000000000025182,identity,3.227854244622508,11.93120226396082,216.57223122671758,16.07903078993061,0.9083893056611714,False,False,2.0,"0.25/0.75:3.228,12.931;0.50/0.50:3.228,11.931;0.75/0.25:3.228,10.931",fixed-domain_component,PASS,,,
zro2_120_formal,41,41,single,-0.7000000000025182,identity,13.723609881659065,2.4334529863405496,235.74868807373213,16.831900137946448,0.14920119034526216,False,True,4.0,"0.25/0.75:13.724,3.433;0.50/0.50:13.724,2.433;0.75/0.25:13.724,-0.567",fixed-domain_component,REVIEW,weight sensitivity exceeds threshold,,
zro2_120_formal,42,42,single,-0.7000000000025182,identity,0.7615485092157854,9.700591502049084,209.22244060831264,11.23899532938362,0.9808498957655278,False,False,2.23606797749979,"0.25/0.75:0.262,10.701;0.50/0.50:0.762,9.701;0.75/0.25:1.262,8.701",fixed-domain_component,PASS,,,
zro2_120_formal,43,43,single,-0.7000000000025182,identity,-9.58003885051405,18.38127619605841,229.82525075802502,17.70544459582417,0.36712698480164324,False,True,4.123105625617661,"0.25/0.75:-9.080,17.381;0.50/0.50:-9.580,18.381;0.75/0.25:-13.080,18.381",fixed-domain_component,REVIEW,weight sensitivity exceeds threshold,,
zro2_120_formal,44,44,single,-0.7000000000025182,identity,-12.889913838238535,-4.704622769945217,241.3911115154149,13.101968969093047,1.0818489378341685,False,False,1.0,"0.25/0.75:-12.890,-5.205;0.50/0.50:-12.890,-4.705;0.75/0.25:-12.890,-4.205",fixed-domain_component,PASS,,,
zro2_120_formal,45,45,single,-0.7000000000025182,identity,-6.125951124229414,17.397100624871243,194.21729682340816,13.91274315428083,1.401820049564289,False,False,1.0,"0.25/0.75:-6.126,18.397;0.50/0.50:-6.126,17.397;0.75/0.25:-6.126,17.397",fixed-domain_component,PASS,,,
zro2_120_formal,46,46,single,-0.7000000000025182,identity,-12.479974291406258,-6.924107344714436,258.767140574805,15.069093314971118,0.9302186584275354,False,False,2.0,"0.25/0.75:-12.980,-6.424;0.50/0.50:-12.480,-6.924;0.75/0.25:-12.980,-8.424",fixed-domain_component,PASS,,,
zro2_120_formal,47,47,single,-0.7000000000025182,identity,-16.77917955306106,22.926828174553258,227.7069512866167,12.900581500736926,0.8400369441857748,False,True,3.3541019662496847,"0.25/0.75:-15.779,22.927;0.50/0.50:-16.779,22.927;0.75/0.25:-17.279,25.927",fixed-domain_component,REVIEW,weight sensitivity exceeds threshold,,
zro2_120_formal,48,48,single,-0.7000000000025182,identity,-11.638820476362394,23.382744731752577,259.1626981832036,11.030861267615043,0.33756316390537533,False,True,3.640054944640259,"0.25/0.75:-10.639,21.883;0.50/0.50:-11.639,23.383;0.75/0.25:-11.639,25.383",fixed-domain_component,REVIEW,weight sensitivity exceeds threshold,,
zro2_120_formal,49,49,single,-0.7000000000025182,identity,11.687598197603041,3.231181551877997,13.310799370378707,6.031907541391872,0.3888541970330366,False,True,4.031128874149275,"0.25/0.75:12.188,1.231;0.50/0.50:11.688,3.231;0.75/0.25:11.688,5.231",fixed-domain_component,REVIEW,weight sensitivity exceeds threshold,,
zro2_120_formal,50,50,single,-0.7000000000025182,identity,21.0394794224077,12.351567924836122,11.637913719509609,6.621911059195642,0.863351650483365,False,False,2.0,"0.25/0.75:21.039,14.352;0.50/0.50:21.039,12.352;0.75/0.25:21.039,12.352",fixed-domain_component,PASS,,,
zro2_120_formal,51,51,single,-0.7000000000025182,identity,3.416914659097447,19.661122001202102,7.312567988978125,6.430977972743199,0.5804481610070968,False,False,2.8284271247461903,"0.25/0.75:3.417,20.661;0.50/0.50:3.417,19.661;0.75/0.25:5.417,18.661",fixed-domain_component,PASS,,,
zro2_120_formal,52,52,single,-0.7000000000025182,identity,-2.7303691988166685,16.58714262873632,140.839511223978,11.44031858946668,0.2207711577069702,False,True,4.031128874149275,"0.25/0.75:-5.230,18.587;0.50/0.50:-2.730,16.587;0.75/0.25:-1.730,16.587",fixed-domain_component,REVIEW,weight sensitivity exceeds threshold,,
zro2_120_formal,53,53,single,-0.7000000000025182,identity,-9.748883853094958,30.32212310906561,138.22587193378016,10.931316420343375,1.1056451506315672,False,False,2.0,"0.25/0.75:-9.749,29.322;0.50/0.50:-9.749,30.322;0.75/0.25:-9.749,31.322",fixed-domain_component,PASS,,,
zro2_120_formal,54,54,single,-0.7000000000025182,identity,21.140549760849805,11.4363504483624,208.12430544372816,15.455170807823869,0.4303720457850009,False,True,3.605551275463989,"0.25/0.75:19.141,12.936;0.50/0.50:21.141,11.436;0.75/0.25:21.141,9.936",fixed-domain_component,REVIEW,weight sensitivity exceeds threshold,,
zro2_120_formal,55,55,single,-0.7000000000025182,identity,4.005214935063154,-0.20333852468068336,152.88667243158275,10.492701252219492,0.7493750439201422,False,True,3.905124837953327,"0.25/0.75:6.005,1.797;0.50/0.50:4.005,-0.203;0.75/0.25:3.505,-1.203",fixed-domain_component,REVIEW,weight sensitivity exceeds threshold,,
zro2_120_formal,56,56,single,-0.7000000000025182,identity,-2.118966717382074,16.17399571947956,176.8902181501397,17.750979282596358,1.3676565167952206,False,True,3.0413812651491097,"0.25/0.75:-2.619,19.174;0.50/0.50:-2.119,16.174;0.75/0.25:-2.119,16.174",fixed-domain_component,REVIEW,weight sensitivity exceeds threshold,,
zro2_120_formal,57,57,single,-0.7000000000025182,identity,10.960522262758229,5.9155463997068765,35.290552545260404,27.139659312910965,0.3318745430658642,False,True,3.640054944640259,"0.25/0.75:11.961,8.416;0.50/0.50:10.961,5.916;0.75/0.25:10.961,4.916",fixed-domain_component,REVIEW,weight sensitivity exceeds threshold,,
zro2_120_formal,58,58,single,-0.7000000000025182,identity,26.183228115023592,2.1327473060735365,205.5763663695561,14.26039675951078,0.34407834831858547,False,True,4.47213595499958,"0.25/0.75:23.683,3.133;0.50/0.50:26.183,2.133;0.75/0.25:27.683,1.133",fixed-domain_component,REVIEW,weight sensitivity exceeds threshold,,
zro2_120_formal,59,59,single,-0.7000000000025182,identity,4.17107188163657,-3.1664213263568115,264.7884486901232,15.491588530561271,0.12958786042504383,False,True,4.716990566028302,"0.25/0.75:6.671,-0.166;0.50/0.50:4.171,-3.166;0.75/0.25:4.171,-4.166",fixed-domain_component,REVIEW,weight sensitivity exceeds threshold,,
zro2_120_formal,60,60,single,-0.7000000000025182,identity,17.76871343056159,16.223266245375466,4.748761299599081,2.790308560936259,0.38706021860784323,False,False,2.5,"0.25/0.75:16.269,14.223;0.50/0.50:17.769,16.223;0.75/0.25:17.769,16.223",fixed-domain_component,PASS,,,
zro2_120_formal,61,61,single,-0.7000000000025182,identity,-6.25901808183356,5.307433421827906,148.55644302597528,16.386390015358437,0.3439592458117119,False,True,3.8078865529319543,"0.25/0.75:-6.759,3.307;0.50/0.50:-6.259,5.307;0.75/0.25:-5.259,6.807",fixed-domain_component,REVIEW,weight sensitivity exceeds threshold,,
zro2_120_formal,62,62,single,-0.7000000000025182,identity,-21.542804928627515,16.676859478409984,286.5081623837439,18.58446947357561,1.3474264062086194,False,False,0.0,"0.25/0.75:-21.543,16.677;0.50/0.50:-21.543,16.677;0.75/0.25:-21.543,16.677",fixed-domain_component,PASS,,,
zro2_120_formal,63,63,single,-0.7000000000025182,identity,-9.7840466571481,4.290079613784891,307.6660049656543,16.877486216423318,0.505222190383068,False,True,3.5355339059327378,"0.25/0.75:-9.284,6.790;0.50/0.50:-9.784,4.290;0.75/0.25:-9.784,3.290",fixed-domain_component,REVIEW,weight sensitivity exceeds threshold,,
zro2_120_formal,64,64,single,-0.7000000000025182,identity,-5.280918445593031,7.510197510766673,184.76779330293908,12.55873377956154,0.653348227306433,False,True,4.301162633521313,"0.25/0.75:-2.781,9.510;0.50/0.50:-5.281,7.510;0.75/0.25:-5.281,6.010",fixed-domain_component,REVIEW,weight sensitivity exceeds threshold,,
zro2_120_formal,65,65,single,-0.7000000000025182,identity,5.300454513790338,14.342438944807206,147.8887949542365,13.078246304734895,0.4656076454572104,False,True,3.2015621187164243,"0.25/0.75:5.300,14.342;0.50/0.50:5.300,14.342;0.75/0.25:7.300,16.842",fixed-domain_component,REVIEW,weight sensitivity exceeds threshold,,
zro2_120_formal,66,66,single,-0.7000000000025182,identity,23.496371897364597,10.516205073989255,204.68555386156442,8.047687317918093,0.9377076154116781,False,False,1.5,"0.25/0.75:23.496,10.016;0.50/0.50:23.496,10.516;0.75/0.25:23.496,11.516",fixed-domain_component,PASS,,,
zro2_120_formal,67,67,single,-0.7000000000025182,identity,-16.08240954685926,25.057979721251172,311.6656430155202,16.901072422039604,0.3711054231726785,False,True,3.8078865529319543,"0.25/0.75:-19.582,24.558;0.50/0.50:-16.082,25.058;0.75/0.25:-16.082,26.058",fixed-domain_component,REVIEW,weight sensitivity exceeds threshold,,
zro2_120_formal,68,68,single,-0.7000000000025182,identity,14.603185105141398,18.580321832149785,342.71538829278535,19.06432433617001,0.3536797015191099,False,True,3.605551275463989,"0.25/0.75:12.603,18.580;0.50/0.50:14.603,18.580;0.75/0.25:15.603,16.580",fixed-domain_component,REVIEW,weight sensitivity exceeds threshold,,
zro2_120_formal,69,69,single,-0.7000000000025182,identity,-6.37538392514826,22.400199545558774,22.7749750434258,6.379815419838318,0.5562220655132588,False,False,1.8027756377319946,"0.25/0.75:-7.375,22.400;0.50/0.50:-6.375,22.400;0.75/0.25:-6.375,20.900",fixed-domain_component,PASS,,,
zro2_120_formal,70,70,single,-0.7000000000025182,identity,-24.003296734824623,8.393776863411787,291.6243183544661,15.513496434828008,0.3153571451892024,False,True,4.47213595499958,"0.25/0.75:-26.003,11.894;0.50/0.50:-24.003,8.394;0.75/0.25:-24.003,7.894",fixed-domain_component,REVIEW,weight sensitivity exceeds threshold,,
zro2_120_formal,71,71,single,-0.7000000000025182,identity,22.09692356528049,21.160016964544457,97.71789041559866,7.217258330923417,1.2255997799120508,False,False,1.4142135623730951,"0.25/0.75:22.097,21.160;0.50/0.50:22.097,21.160;0.75/0.25:23.097,20.160",fixed-domain_component,PASS,,,
zro2_120_formal,72,72,single,-0.7000000000025182,identity,10.034828182114154,9.752535807226693,120.5662574902387,10.433009286489435,0.196814826455748,False,True,4.716990566028302,"0.25/0.75:7.535,11.253;0.50/0.50:10.035,9.753;0.75/0.25:11.535,8.753",fixed-domain_component,REVIEW,weight sensitivity exceeds threshold,,
zro2_120_formal,73,73,single,-0.7000000000025182,identity,-22.754314388625687,4.031726837912038,98.84349996642216,10.472207395408832,0.18699951357541783,False,True,4.6097722286464435,"0.25/0.75:-20.754,5.032;0.50/0.50:-22.754,4.032;0.75/0.25:-23.754,1.532",fixed-domain_component,REVIEW,weight sensitivity exceeds threshold,,
zro2_120_formal,74,74,single,-0.7000000000025182,identity,-28.16400868851379,14.997897197225953,75.0633833985704,11.19991752910992,0.7735915548812055,False,False,2.23606797749979,"0.25/0.75:-27.164,12.998;0.50/0.50:-28.164,14.998;0.75/0.25:-28.164,14.998",fixed-domain_component,PASS,,,
zro2_120_formal,75,75,single,-0.7000000000025182,identity,-0.09868481162907905,21.48039378077169,7.1227548751014815,3.6466560679208735,0.34233170242112343,False,True,4.031128874149275,"0.25/0.75:-0.099,21.480;0.50/0.50:-0.099,21.480;0.75/0.25:0.401,25.480",fixed-domain_component,REVIEW,weight sensitivity exceeds threshold,,
zro2_120_formal,76,76,single,-0.7000000000025182,identity,8.04343198648074,13.644775120621984,39.52176616472615,6.672124129594589,0.2706445103651588,False,True,4.609772228646444,"0.25/0.75:5.543,13.145;0.50/0.50:8.043,13.645;0.75/0.25:9.043,16.145",fixed-domain_component,REVIEW,weight sensitivity exceeds threshold,,
zro2_120_formal,77,77,single,-0.7000000000025182,identity,6.499490011184827,6.11705748342631,160.99730786883813,13.11868513795029,1.2121597140791125,False,False,1.5,"0.25/0.75:6.499,7.617;0.50/0.50:6.499,6.117;0.75/0.25:6.499,6.117",fixed-domain_component,PASS,,,
zro2_120_formal,78,78,single,-0.7000000000025182,identity,-2.3315839057970678,16.537119738249945,27.854655189258143,4.7935330632782955,1.0958689386342868,False,False,1.5,"0.25/0.75:-3.832,16.537;0.50/0.50:-2.332,16.537;0.75/0.25:-2.332,16.537",fixed-domain_component,PASS,,,
zro2_120_formal,79,79,single,-0.7000000000025182,identity,-11.243439031328613,17.90277465678327,39.073813170683174,6.556000028898895,1.251048586576597,False,False,1.0,"0.25/0.75:-11.243,16.903;0.50/0.50:-11.243,17.903;0.75/0.25:-11.243,17.903",fixed-domain_component,PASS,,,
zro2_120_formal,80,80,single,-0.7000000000025182,identity,-15.390721439279808,6.812042751374435,247.43360248003427,15.791580600105947,0.8810416614147263,False,True,3.3541019662496847,"0.25/0.75:-12.891,6.812;0.50/0.50:-15.391,6.812;0.75/0.25:-15.891,5.312",fixed-domain_component,REVIEW,weight sensitivity exceeds threshold,,
zro2_120_formal,81,81,single,-0.7000000000025182,identity,-16.059858026241155,19.26140800660602,262.63748966700837,17.948499047008497,0.3722600267735193,False,True,3.2015621187164243,"0.25/0.75:-16.060,17.261;0.50/0.50:-16.060,19.261;0.75/0.25:-13.560,19.261",fixed-domain_component,REVIEW,weight sensitivity exceeds threshold,,
zro2_120_formal,82,82,single,-0.7000000000025182,identity,-17.528912669751634,14.191687810180335,177.22890538487255,15.514532674846201,0.5100067966100166,False,True,3.905124837953327,"0.25/0.75:-17.529,11.692;0.50/0.50:-17.529,14.192;0.75/0.25:-20.529,14.192",fixed-domain_component,REVIEW,weight sensitivity exceeds threshold,,
zro2_120_formal,83,83,single,-0.7000000000025182,identity,-2.2501606285405646,11.61317430306758,221.64982118378745,16.011078290474863,0.3285636446625052,False,True,4.272001872658765,"0.25/0.75:-2.750,13.613;0.50/0.50:-2.250,11.613;0.75/0.25:-1.250,9.613",fixed-domain_component,REVIEW,weight sensitivity exceeds threshold,,
zro2_120_formal,84,84,single,-0.7000000000025182,identity,-42.0,6.841294204643506,183.92473553948017,16.875783550317845,0.8800118599067304,False,False,2.5,"0.25/0.75:-42.000,7.341;0.50/0.50:-42.000,6.841;0.75/0.25:-42.000,4.841",fixed-domain_component,PASS,,,
zro2_120_formal,85,85,single,-0.7000000000025182,identity,4.524755245377793,12.710845221120806,102.10258795983663,7.9106536416750135,0.43799553205959096,False,True,4.123105625617661,"0.25/0.75:4.525,12.711;0.50/0.50:4.525,12.711;0.75/0.25:5.525,16.711",fixed-domain_component,REVIEW,weight sensitivity exceeds threshold,,
zro2_120_formal,86,86,single,-0.7000000000025182,identity,6.67347611454101,9.224035538897557,27.06223556967186,4.24550360292902,0.46094874194571855,False,True,3.8078865529319543,"0.25/0.75:6.673,11.224;0.50/0.50:6.673,9.224;0.75/0.25:8.173,7.724",fixed-domain_component,REVIEW,weight sensitivity exceeds threshold,,
zro2_120_formal,87,87,single,-0.7000000000025182,identity,-17.321337117023283,-1.084794615066862,168.71722455028134,12.377274488536692,1.1234537003558542,False,False,1.0,"0.25/0.75:-16.321,-1.085;0.50/0.50:-17.321,-1.085;0.75/0.25:-17.321,-1.085",fixed-domain_component,PASS,,,
zro2_120_formal,88,88,single,-0.7000000000025182,identity,-13.500802589791128,13.145972204872441,95.13593234024917,7.710865259027885,0.3424837377754558,False,True,5.656854249492381,"0.25/0.75:-11.501,11.646;0.50/0.50:-13.501,13.146;0.75/0.25:-15.501,15.646",fixed-domain_component,REVIEW,weight sensitivity exceeds threshold,,
zro2_120_formal,89,89,single,-0.7000000000025182,identity,-33.01465598660023,2.1546759980866934,179.9981998674423,15.207038217578088,1.1225578232375402,False,False,1.4142135623730951,"0.25/0.75:-32.015,1.155;0.50/0.50:-33.015,2.155;0.75/0.25:-33.015,2.155",fixed-domain_component,PASS,,,
zro2_120_formal,90,90,single,-0.7000000000025182,identity,-19.667554958222173,-11.883700936692172,199.98100523218184,16.209285705867607,1.3934871024024367,False,False,0.0,"0.25/0.75:-19.668,-11.884;0.50/0.50:-19.668,-11.884;0.75/0.25:-19.668,-11.884",fixed-domain_component,PASS,,,
zro2_120_formal,91,91,single,-0.7000000000025182,identity,-24.3365360356703,-3.249892781795758,228.80049516086262,15.945160353119471,0.615111921507002,False,False,1.5,"0.25/0.75:-24.337,-4.250;0.50/0.50:-24.337,-3.250;0.75/0.25:-24.337,-2.750",fixed-domain_component,PASS,,,
zro2_120_formal,92,92,single,-0.7000000000025182,identity,-9.800010081546223,11.586374249753225,108.3725258436478,9.70526476464633,0.512445528312945,False,False,2.23606797749979,"0.25/0.75:-9.800,10.586;0.50/0.50:-9.800,11.586;0.75/0.25:-10.800,12.586",fixed-domain_component,PASS,,,
zro2_120_formal,93,93,single,-0.7000000000025182,identity,-31.714629479189128,12.656665205211569,186.96735786676473,14.680476137067911,0.7860666264723846,False,False,2.0,"0.25/0.75:-29.715,12.657;0.50/0.50:-31.715,12.657;0.75/0.25:-31.715,12.657",fixed-domain_component,PASS,,,
zro2_120_formal,94,94,single,-0.7000000000025182,identity,-20.522522623677766,-6.538728571881741,227.75946686833615,15.485009587879604,1.0344514016836932,False,False,2.0,"0.25/0.75:-22.523,-6.539;0.50/0.50:-20.523,-6.539;0.75/0.25:-20.523,-6.539",fixed-domain_component,PASS,,,
zro2_120_formal,95,95,single,-0.7000000000025182,identity,-45.5,2.024338622671724,136.0297859031155,14.63286910986233,1.4172025445225493,False,False,2.5,"0.25/0.75:-43.000,2.024;0.50/0.50:-45.500,2.024;0.75/0.25:-45.500,2.024",fixed-domain_component,PASS,,,
zro2_120_formal,96,96,single,-0.7000000000025182,identity,-1.5142388697060287,3.1398983641869567,100.20103034348547,13.461965546264782,0.6432325970700475,False,False,1.4142135623730951,"0.25/0.75:-1.514,2.640;0.50/0.50:-1.514,3.140;0.75/0.25:-0.514,3.640",fixed-domain_component,PASS,,,
zro2_120_formal,97,97,single,-0.7000000000025182,identity,-13.664702323386209,26.621838403272804,170.55381190000273,12.841593153617792,1.0406678075537636,False,False,2.5,"0.25/0.75:-13.665,24.122;0.50/0.50:-13.665,26.622;0.75/0.25:-13.665,26.622",fixed-domain_component,PASS,,,
zro2_120_formal,98,98,single,-0.7000000000025182,identity,-41.536977104226565,25.600446108273474,38.257555560534534,6.237570108448207,0.5141580111976101,False,True,3.905124837953327,"0.25/0.75:-38.537,26.100;0.50/0.50:-41.537,25.600;0.75/0.25:-41.537,23.600",fixed-domain_component,REVIEW,weight sensitivity exceeds threshold,,
zro2_120_formal,99,99,single,-0.7000000000025182,identity,-18.904682249214105,-3.160769853656305,6.240594324672218,3.4431380656035073,0.7212402311884265,False,False,2.0615528128088303,"0.25/0.75:-19.405,-5.161;0.50/0.50:-18.905,-3.161;0.75/0.25:-18.905,-3.161",fixed-domain_component,PASS,,,
zro2_120_formal,100,100,single,-0.7000000000025182,identity,-8.0,-14.0,1.2161180938736058,1.8641527174732364,1.592632068623888,False,False,0.0,"0.25/0.75:-8.000,-14.000;0.50/0.50:-8.000,-14.000;0.75/0.25:-8.000,-14.000",domain_midpoint_fallback,REVIEW,segmentation initializer unavailable,,
zro2_120_formal,101,101,single,-0.7000000000025182,identity,-8.486631500729942,-14.032306727138895,17.33607700036535,6.699234088977752,0.7645130108484037,False,True,3.605551275463989,"0.25/0.75:-8.487,-12.032;0.50/0.50:-8.487,-14.032;0.75/0.25:-5.487,-14.032",fixed-domain_component,REVIEW,weight sensitivity exceeds threshold,,
zro2_120_formal,102,102,single,-0.7000000000025182,identity,-9.648507667091586,18.2051186842755,6.944319684881549,3.263839605602085,0.5088265738887919,False,True,3.1622776601683795,"0.25/0.75:-8.649,17.205;0.50/0.50:-9.649,18.205;0.75/0.25:-9.649,20.205",fixed-domain_component,REVIEW,weight sensitivity exceeds threshold,,
zro2_120_formal,103,103,single,-0.7000000000025182,identity,17.8451053060311,9.066312590559068,12.96960979149326,6.836311906314707,0.6025304740018171,False,False,2.23606797749979,"0.25/0.75:16.845,9.066;0.50/0.50:17.845,9.066;0.75/0.25:18.845,8.066",fixed-domain_component,PASS,,,
zro2_120_formal,104,104,single,-0.7000000000025182,identity,17.341909457632234,18.467064132983797,169.36817951063477,15.726965934833215,0.664332431969876,False,False,2.23606797749979,"0.25/0.75:16.842,17.467;0.50/0.50:17.342,18.467;0.75/0.25:17.842,19.467",fixed-domain_component,PASS,,,
zro2_120_formal,105,105,single,-0.7000000000025182,identity,24.188250995817913,9.071793987183721,234.27568173951377,17.21395871597328,0.5921623035886153,False,True,3.1622776601683795,"0.25/0.75:24.188,9.072;0.50/0.50:24.188,9.072;0.75/0.25:25.188,6.072",fixed-domain_component,REVIEW,weight sensitivity exceeds threshold,,
zro2_120_formal,106,106,single,-0.7000000000025182,identity,-5.324273725926137,-7.747186381931048,68.29237661889526,5.495495095622007,1.6441074166425136,False,False,0.0,"0.25/0.75:-5.324,-7.747;0.50/0.50:-5.324,-7.747;0.75/0.25:-5.324,-7.747",fixed-domain_component,PASS,,,
zro2_120_formal,107,107,single,-0.7000000000025182,identity,19.567222617628314,11.646034515705528,25.844603908466006,4.717655635287565,0.703831919385045,False,False,0.5,"0.25/0.75:19.567,11.146;0.50/0.50:19.567,11.646;0.75/0.25:19.567,11.646",fixed-domain_component,PASS,,,
zro2_120_formal,108,108,single,-0.7000000000025182,identity,9.348033599028415,4.787600049824933,84.15134703983355,9.15552007552207,0.7392640156884698,False,False,1.5,"0.25/0.75:9.348,3.788;0.50/0.50:9.348,4.788;0.75/0.25:9.348,5.288",fixed-domain_component,PASS,,,
zro2_120_formal,109,109,single,-0.7000000000025182,identity,-34.025471427551665,-4.426417433814898,11.411441433860764,4.366723674273652,0.16230064591346258,False,True,4.031128874149275,"0.25/0.75:-33.525,-6.426;0.50/0.50:-34.025,-4.426;0.75/0.25:-33.025,-2.426",fixed-domain_component,REVIEW,weight sensitivity exceeds threshold,,
zro2_120_formal,110,110,single,-0.7000000000025182,identity,-8.694470745826251,-8.00140259485373,212.08423929673177,15.917817084695384,0.5029615214167079,False,True,3.905124837953327,"0.25/0.75:-11.194,-9.001;0.50/0.50:-8.694,-8.001;0.75/0.25:-8.694,-6.001",fixed-domain_component,REVIEW,weight sensitivity exceeds threshold,,
zro2_120_formal,111,111,single,-0.7000000000025182,identity,-5.856431373935466,7.84040080181909,184.9478334060492,14.657313685811896,0.9735752697757861,False,False,1.4142135623730951,"0.25/0.75:-5.856,7.340;0.50/0.50:-5.856,7.840;0.75/0.25:-6.856,8.340",fixed-domain_component,PASS,,,
zro2_120_formal,112,112,single,-0.7000000000025182,identity,-24.02106284484931,23.989480226114885,99.73774841653307,10.41384878109853,1.327449809876287,False,False,1.0,"0.25/0.75:-24.021,22.989;0.50/0.50:-24.021,23.989;0.75/0.25:-24.021,23.989",fixed-domain_component,PASS,,,
zro2_120_formal,113,113,single,-0.7000000000025182,identity,-6.95190911345405,5.456026913671754,184.7137539817849,15.330507415685044,0.9998631517908342,False,False,1.5,"0.25/0.75:-6.952,5.456;0.50/0.50:-6.952,5.456;0.75/0.25:-6.952,6.956",fixed-domain_component,PASS,,,
zro2_120_formal,114,114,single,-0.7000000000025182,identity,17.403628488414057,15.045157053969012,255.0600466999659,17.215651139390857,0.4562140621410472,False,True,3.5,"0.25/0.75:16.404,15.045;0.50/0.50:17.404,15.045;0.75/0.25:19.904,15.045",fixed-domain_component,REVIEW,weight sensitivity exceeds threshold,,
zro2_120_formal,115,115,single,-0.7000000000025182,identity,-45.5,-5.678656976627005,238.23094248552272,14.886557910881576,0.8087639839860743,False,True,4.123105625617661,"0.25/0.75:-44.500,-1.679;0.50/0.50:-45.500,-5.679;0.75/0.25:-45.500,-5.679",fixed-domain_component,REVIEW,weight sensitivity exceeds threshold,,
zro2_120_formal,116,116,single,-0.7000000000025182,identity,-17.867054399519844,-4.857210365546786,198.1377044841709,14.34902935960083,0.9958188715313676,False,True,3.605551275463989,"0.25/0.75:-20.867,-4.857;0.50/0.50:-17.867,-4.857;0.75/0.25:-17.867,-6.857",fixed-domain_component,REVIEW,weight sensitivity exceeds threshold,,
zro2_120_formal,117,117,single,-0.7000000000025182,identity,20.44240925554178,20.45592660211051,17.14314645909625,4.411071486259889,0.6131397744433864,False,True,4.0,"0.25/0.75:19.442,19.456;0.50/0.50:20.442,20.456;0.75/0.25:19.442,23.456",fixed-domain_component,REVIEW,weight sensitivity exceeds threshold,,
zro2_120_formal,118,118,single,-0.7000000000025182,identity,3.0121103366029818,-34.0,31.74787048976839,3.5517566720756757,3.519581121524689,False,False,0.5,"0.25/0.75:3.012,-34.000;0.50/0.50:3.012,-34.000;0.75/0.25:2.512,-34.000",fixed-domain_component,PASS,,,
zro2_120_formal,119,119,single,-0.7000000000025182,identity,17.975733397374235,-6.004903682299545,193.62176485209105,16.128468186130895,0.7723944284313211,False,True,3.1622776601683795,"0.25/0.75:14.976,-7.005;0.50/0.50:17.976,-6.005;0.75/0.25:16.476,-5.005",fixed-domain_component,REVIEW,weight sensitivity exceeds threshold,,
zro2_120_formal,120,120,single,-0.7000000000025182,identity,-22.116425377353323,-12.767595639544663,219.8879871895519,14.474760219049324,0.4461943050104008,False,True,3.5355339059327378,"0.25/0.75:-21.116,-12.768;0.50/0.50:-22.116,-12.768;0.75/0.25:-23.616,-15.268",fixed-domain_component,REVIEW,weight sensitivity exceeds threshold,,
zro2_60_pass,1,1,slot_1,-0.4500000000025324,identity,-184.2775945412599,4.840256938499937,8.35923884663072,1.9429785171804557,0.31667097803131616,False,True,4.123105625617661,"0.25/0.75:-184.278,5.840;0.50/0.50:-184.278,4.840;0.75/0.25:-180.278,4.840",fixed-domain_component,REVIEW,weight sensitivity exceeds threshold,402.77233893099776,False
zro2_60_pass,1,2,slot_2,-0.4500000000025324,identity,218.49474438973783,-0.9514798812030634,137.42765867593593,4.5924457006492245,1.1897815672516638,False,False,2.5495097567963922,"0.25/0.75:218.495,1.049;0.50/0.50:218.495,-0.951;0.75/0.25:218.995,-1.451",fixed-domain_component,PASS,,402.77233893099776,False
zro2_60_pass,2,3,slot_1,-0.4500000000025324,identity,-188.96907899987147,0.8813271960502789,82.7468627515738,7.9702672293884875,0.23996258082943533,False,True,4.031128874149275,"0.25/0.75:-189.469,-0.119;0.50/0.50:-188.969,0.881;0.75/0.25:-187.469,3.381",fixed-domain_component,REVIEW,weight sensitivity exceeds threshold,397.5274740486984,False
zro2_60_pass,2,4,slot_2,-0.4500000000025324,identity,208.55839504882698,-4.023324262469963,144.0823002421755,8.550702824908756,0.5192506631412475,False,True,3.5355339059327378,"0.25/0.75:210.558,-4.023;0.50/0.50:208.558,-4.023;0.75/0.25:207.058,-4.523",fixed-domain_component,REVIEW,weight sensitivity exceeds threshold,397.5274740486984,False
zro2_60_pass,3,5,slot_1,-0.4500000000025324,identity,-196.88397198422265,18.62932782185001,71.42028794619327,7.846490248973509,0.8152413813279971,False,False,2.692582403567252,"0.25/0.75:-197.384,17.629;0.50/0.50:-196.884,18.629;0.75/0.25:-194.884,18.629",fixed-domain_component,PASS,,403.72030864956946,False
zro2_60_pass,3,6,slot_2,-0.4500000000025324,identity,206.83633666534683,15.339081006050925,54.26011118397587,5.603216326612591,1.2078965264872514,False,False,3.0,"0.25/0.75:206.836,15.339;0.50/0.50:206.836,15.339;0.75/0.25:209.836,15.339",fixed-domain_component,PASS,,403.72030864956946,False
zro2_60_pass,4,7,slot_1,-0.4500000000025324,identity,-202.206155162028,15.65884858455391,68.67883306102176,6.911350813348002,0.8925276122813024,False,False,1.0,"0.25/0.75:-202.206,14.659;0.50/0.50:-202.206,15.659;0.75/0.25:-202.206,15.659",fixed-domain_component,PASS,,412.5663146546251,False
zro2_60_pass,4,8,slot_2,-0.4500000000025324,identity,210.36015949259712,16.65006364195132,37.42806273336952,2.649834545579762,1.2629291478704343,False,False,1.0,"0.25/0.75:210.360,16.150;0.50/0.50:210.360,16.650;0.75/0.25:210.360,17.150",fixed-domain_component,PASS,,412.5663146546251,False
zro2_60_pass,5,9,slot_1,-0.4500000000025324,identity,-191.30805200421636,14.183702374560845,47.270368741007,4.940621339406471,0.40454627679083954,False,True,5.0,"0.25/0.75:-195.308,14.184;0.50/0.50:-191.308,14.184;0.75/0.25:-191.308,11.184",fixed-domain_component,REVIEW,weight sensitivity exceeds threshold,388.3683279829138,False
zro2_60_pass,5,10,slot_2,-0.4500000000025324,identity,197.06027597869746,12.107015365645275,11.88726276627299,2.7174636080573094,1.2787191130013824,False,False,1.0,"0.25/0.75:197.060,13.107;0.50/0.50:197.060,12.107;0.75/0.25:197.060,12.107",fixed-domain_component,PASS,,388.3683279829138,False
zro2_60_pass,6,11,slot_1,-0.4500000000025324,identity,-204.81828597231464,26.358521725681705,77.90730590988225,7.272781944399314,0.8264051853059416,False,False,2.0,"0.25/0.75:-204.818,26.359;0.50/0.50:-204.818,26.359;0.75/0.25:-202.818,26.359",fixed-domain_component,PASS,,394.03445857063093,False
zro2_60_pass,6,12,slot_2,-0.4500000000025324,identity,189.2161725983163,20.177209425500127,114.49436085588626,7.073941442629681,0.26861666027256775,False,True,4.242640687119285,"0.25/0.75:191.216,21.677;0.50/0.50:189.216,20.177;0.75/0.25:188.216,18.677",fixed-domain_component,REVIEW,weight sensitivity exceeds threshold,394.03445857063093,False
zro2_60_pass,7,13,slot_2,-0.4500000000025324,identity,179.17560034098685,8.007536034041017,144.14669241264383,6.674327680361764,1.000027991058599,False,False,1.5,"0.25/0.75:180.676,8.008;0.50/0.50:179.176,8.008;0.75/0.25:179.176,8.008",fixed-domain_component,PASS,,390.66555749593635,False
zro2_60_pass,7,14,slot_1,-0.4500000000025324,identity,-211.4899571549495,17.297831654828034,5.628024096653529,2.4538512640078265,0.2812752188015406,False,True,4.272001872658765,"0.25/0.75:-212.490,15.798;0.50/0.50:-211.490,17.298;0.75/0.25:-208.490,17.298",fixed-domain_component,REVIEW,weight sensitivity exceeds threshold,390.66555749593635,False
zro2_60_pass,8,15,slot_2,-0.4500000000025324,identity,208.03080130398615,-2.662988750971172,107.10002952503628,4.364416788110723,0.8915095768849854,False,False,1.8027756377319946,"0.25/0.75:207.531,-3.663;0.50/0.50:208.031,-2.663;0.75/0.25:209.031,-2.663",fixed-domain_component,PASS,,403.7627532962888,False
zro2_60_pass,8,16,slot_1,-0.4500000000025324,identity,-195.73195199230264,-4.157214259821213,102.62711387083401,6.424997599735402,0.26660580302270653,False,True,3.5355339059327378,"0.25/0.75:-196.732,-3.157;0.50/0.50:-195.732,-4.157;0.75/0.25:-194.232,-5.657",fixed-domain_component,REVIEW,weight sensitivity exceeds threshold,403.7627532962888,False
zro2_60_pass,9,17,slot_2,-0.4500000000025324,identity,193.2609355827143,-6.08271420613867,84.57256432317175,6.001557885079082,0.13912831164309106,False,True,4.123105625617661,"0.25/0.75:193.261,-4.083;0.50/0.50:193.261,-6.083;0.75/0.25:192.261,-8.083",fixed-domain_component,REVIEW,weight sensitivity exceeds threshold,398.2126431257782,False
zro2_60_pass,9,18,slot_1,-0.4500000000025324,identity,-204.9517075430639,3.711641577884846,26.703999691972637,4.2237128658555205,0.3439838331047043,False,True,5.0,"0.25/0.75:-207.452,1.712;0.50/0.50:-204.952,3.712;0.75/0.25:-203.452,4.712",fixed-domain_component,REVIEW,weight sensitivity exceeds threshold,398.2126431257782,False
zro2_60_pass,10,19,slot_2,-0.4500000000025324,identity,192.72908063130052,-8.530121613443225,74.73476089688904,5.047990939461027,0.38047374604475115,False,True,4.123105625617661,"0.25/0.75:190.729,-8.530;0.50/0.50:192.729,-8.530;0.75/0.25:194.729,-9.530",fixed-domain_component,REVIEW,weight sensitivity exceeds threshold,404.5047362609032,False
zro2_60_pass,10,20,slot_1,-0.4500000000025324,identity,-211.77565562960268,-14.613671096306579,9.16531900889959,2.4731859607236624,0.1438485534697918,False,True,5.0,"0.25/0.75:-208.776,-12.114;0.50/0.50:-211.776,-14.614;0.75/0.25:-211.776,-16.114",fixed-domain_component,REVIEW,weight sensitivity exceeds threshold,404.5047362609032,False
zro2_60_pass,11,21,slot_2,-0.4500000000025324,identity,189.49721283212477,-11.418725126688148,14.262676777989261,2.8155780759492286,0.4432167861538434,False,True,4.47213595499958,"0.25/0.75:189.497,-9.419;0.50/0.50:189.497,-11.419;0.75/0.25:187.497,-13.419",fixed-domain_component,REVIEW,weight sensitivity exceeds threshold,403.534858028096,False
zro2_60_pass,11,22,slot_1,-0.4500000000025324,identity,-214.03764519597124,-3.5865076632132347,19.078225800197256,4.37601125500737,1.0483802444405992,False,False,1.0,"0.25/0.75:-213.038,-3.587;0.50/0.50:-214.038,-3.587;0.75/0.25:-214.038,-3.587",fixed-domain_component,PASS,,403.534858028096,False
zro2_60_pass,12,23,slot_2,-0.4500000000025324,identity,192.90443525368218,-10.804319299289276,100.36991689152623,5.986390331979542,0.9947355370405543,False,False,2.23606797749979,"0.25/0.75:192.904,-11.804;0.50/0.50:192.904,-10.804;0.75/0.25:190.904,-10.804",fixed-domain_component,PASS,,400.6159256765144,False
zro2_60_pass,12,24,slot_1,-0.4500000000025324,identity,-207.71149042283224,-5.420568981825724,29.980319338243262,5.128586311668651,0.5153141583315817,False,True,4.123105625617661,"0.25/0.75:-205.711,-7.421;0.50/0.50:-207.711,-5.421;0.75/0.25:-206.711,-3.421",fixed-domain_component,REVIEW,weight sensitivity exceeds threshold,400.6159256765144,False
zro2_60_pass,13,25,slot_1,-0.4500000000025324,identity,-202.67836909562288,11.634893741474928,14.814544073525362,3.367619807063946,0.1461490276722649,False,True,5.656854249492381,"0.25/0.75:-205.678,9.635;0.50/0.50:-202.678,11.635;0.75/0.25:-201.678,13.635",fixed-domain_component,REVIEW,weight sensitivity exceeds threshold,395.54801381764594,False
zro2_60_pass,13,26,slot_2,-0.4500000000025324,identity,192.86964472202305,4.591360944723671,10.03428370851626,2.700719598525635,0.36366485634263535,False,False,2.23606797749979,"0.25/0.75:192.870,5.591;0.50/0.50:192.870,4.591;0.75/0.25:191.870,3.591",fixed-domain_component,PASS,,395.54801381764594,False
zro2_60_pass,14,27,slot_1,-0.4500000000025324,identity,-204.93908966446438,5.01112660840286,3.8572473274176517,1.9772208106093228,1.0297497850372377,False,True,4.0,"0.25/0.75:-204.939,1.011;0.50/0.50:-204.939,5.011;0.75/0.25:-204.939,5.011",fixed-domain_component,REVIEW,weight sensitivity exceeds threshold,402.5427884812941,False
zro2_60_pass,14,28,slot_2,-0.4500000000025324,identity,197.6036988168297,13.522048434834417,26.22889006350542,2.811129278708319,1.5434724180713109,False,False,0.0,"0.25/0.75:197.604,13.522;0.50/0.50:197.604,13.522;0.75/0.25:197.604,13.522",fixed-domain_component,PASS,,402.5427884812941,False
zro2_60_pass,15,29,slot_1,-0.4500000000025324,identity,-205.95434769017797,-7.871163933898863,17.11692810948778,4.802255465506344,0.6018283192399332,False,False,2.23606797749979,"0.25/0.75:-206.954,-7.871;0.50/0.50:-205.954,-7.871;0.75/0.25:-204.954,-6.871",fixed-domain_component,PASS,,397.0469775797334,False
zro2_60_pass,15,30,slot_2,-0.4500000000025324,identity,191.09262988955544,-12.829997733382719,66.99709888381662,5.520840543119717,0.7322514112194896,False,False,2.0,"0.25/0.75:191.093,-10.830;0.50/0.50:191.093,-12.830;0.75/0.25:191.093,-12.830",fixed-domain_component,PASS,,397.0469775797334,False
zro2_60_pass,16,31,slot_1,-0.4500000000025324,identity,-196.04092710509286,-2.2241515477995684,15.288020955941043,2.7101502568882196,0.5160856453906228,False,True,3.8078865529319543,"0.25/0.75:-196.541,-1.224;0.50/0.50:-196.041,-2.224;0.75/0.25:-195.041,-4.724",fixed-domain_component,REVIEW,weight sensitivity exceeds threshold,395.322377463933,False
zro2_60_pass,16,32,slot_2,-0.4500000000025324,identity,199.28145035884012,4.055991352188654,78.26409324493773,6.047249506764104,0.2624586934514975,False,True,4.272001872658765,"0.25/0.75:200.781,2.056;0.50/0.50:199.281,4.056;0.75/0.25:199.281,6.056",fixed-domain_component,REVIEW,weight sensitivity exceeds threshold,395.322377463933,False
zro2_60_pass,17,33,slot_1,-0.4500000000025324,identity,-201.76229055387006,1.6089346726137261,8.777573096243913,2.976776473051049,0.9204259393773542,False,False,2.5,"0.25/0.75:-204.262,1.609;0.50/0.50:-201.762,1.609;0.75/0.25:-201.762,1.609",fixed-domain_component,PASS,,398.94973401570405,False
zro2_60_pass,17,34,slot_2,-0.4500000000025324,identity,197.18744346183396,-3.146569862670802,18.28757948147868,3.2011440959383535,0.5929250522081615,False,True,3.605551275463989,"0.25/0.75:196.187,-1.647;0.50/0.50:197.187,-3.147;0.75/0.25:199.187,-3.647",fixed-domain_component,REVIEW,weight sensitivity exceeds threshold,398.94973401570405,False
zro2_60_pass,18,35,slot_1,-0.4500000000025324,identity,-185.28919408452543,2.3855865887125187,3.900772020647321,2.1753205164789295,0.6930854613112394,False,False,2.23606797749979,"0.25/0.75:-186.289,2.386;0.50/0.50:-185.289,2.386;0.75/0.25:-185.289,0.386",fixed-domain_component,PASS,,388.95546743685236,False
zro2_60_pass,18,36,slot_2,-0.4500000000025324,identity,203.6662733523269,2.838936990973032,25.361208093538,3.4364381978802774,0.28932376383034114,False,True,4.0,"0.25/0.75:203.666,1.339;0.50/0.50:203.666,2.839;0.75/0.25:203.666,5.339",fixed-domain_component,REVIEW,weight sensitivity exceeds threshold,388.95546743685236,False
zro2_60_pass,19,37,slot_2,-0.4500000000025324,identity,203.2138872041037,-0.676416336603646,41.32997752754785,3.3347578365670034,0.8432383009197943,False,False,1.118033988749895,"0.25/0.75:203.214,-1.676;0.50/0.50:203.214,-0.676;0.75/0.25:202.714,-0.676",fixed-domain_component,PASS,,395.3556458723851,False
zro2_60_pass,19,38,slot_1,-0.4500000000025324,identity,-192.14175866828137,-3.523453796324201,44.7584170298803,4.774527854937534,0.46916453650695067,False,True,3.905124837953327,"0.25/0.75:-193.142,-1.523;0.50/0.50:-192.142,-3.523;0.75/0.25:-190.642,-4.523",fixed-domain_component,REVIEW,weight sensitivity exceeds threshold,395.3556458723851,False
zro2_60_pass,20,39,slot_2,-0.4500000000025324,identity,208.05990313676386,-9.126886961223782,112.42412089038132,6.680036623695073,0.3325775439986982,False,False,2.9154759474226504,"0.25/0.75:208.560,-9.127;0.50/0.50:208.060,-9.127;0.75/0.25:206.060,-7.627",fixed-domain_component,PASS,,400.0518547483088,False
zro2_60_pass,20,40,slot_1,-0.4500000000025324,identity,-191.99195161154495,-8.152365742893615,91.83880748155357,7.483933725668806,1.4817226116617577,False,False,0.5,"0.25/0.75:-191.992,-7.652;0.50/0.50:-191.992,-8.152;0.75/0.25:-191.992,-8.152",fixed-domain_component,PASS,,400.0518547483088,False
zro2_60_pass,21,41,slot_2,-0.4500000000025324,identity,195.7293681594519,-9.73484276589706,110.39366920294653,6.016770089975654,0.5392843299710395,False,True,3.3541019662496847,"0.25/0.75:195.729,-8.735;0.50/0.50:195.729,-9.735;0.75/0.25:197.229,-11.735",fixed-domain_component,REVIEW,weight sensitivity exceeds threshold,397.22273750571907,False
zro2_60_pass,21,42,slot_1,-0.4500000000025324,identity,-201.49336934626717,-2.6280659878522847,87.12489507913608,5.18519010906258,0.37680662242511787,False,True,3.605551275463989,"0.25/0.75:-202.993,-3.628;0.50/0.50:-201.493,-2.628;0.75/0.25:-200.993,-0.628",fixed-domain_component,REVIEW,weight sensitivity exceeds threshold,397.22273750571907,False
zro2_60_pass,22,43,slot_2,-0.4500000000025324,identity,195.98321476694747,-12.04105216617306,25.1517661573519,1.638119910131212,0.4444071251853984,False,True,3.0413812651491097,"0.25/0.75:195.983,-9.541;0.50/0.50:195.983,-12.041;0.75/0.25:196.483,-12.541",fixed-domain_component,REVIEW,weight sensitivity exceeds threshold,400.8278096001834,False
zro2_60_pass,22,44,slot_1,-0.4500000000025324,identity,-204.8445948332359,-8.46429350830148,57.663941137906264,4.147228003783867,0.3403646363951719,False,True,5.0,"0.25/0.75:-207.845,-5.464;0.50/0.50:-204.845,-8.464;0.75/0.25:-203.845,-8.464",fixed-domain_component,REVIEW,weight sensitivity exceeds threshold,400.8278096001834,False
zro2_60_pass,23,45,slot_2,-0.4500000000025324,identity,219.1036618354443,-3.538485980555741,6.411375774037586,2.525965597734078,0.5294221884702702,False,True,3.1622776601683795,"0.25/0.75:217.104,-4.538;0.50/0.50:219.104,-3.538;0.75/0.25:220.104,-3.538",fixed-domain_component,REVIEW,weight sensitivity exceeds threshold,417.4107705883332,False
zro2_60_pass,23,46,slot_1,-0.4500000000025324,identity,-198.3071087528889,-3.630809004742968,9.658403352000512,3.59382506520547,0.9945494465802971,False,False,2.0,"0.25/0.75:-198.307,-3.631;0.50/0.50:-198.307,-3.631;0.75/0.25:-198.307,-5.631",fixed-domain_component,PASS,,417.4107705883332,False
zro2_60_pass,24,47,slot_2,-0.4500000000025324,identity,202.1973865718828,39.25897226121264,0.4807638970265816,0.6817072976651286,0.9618935838859135,False,True,4.0,"0.25/0.75:203.197,39.259;0.50/0.50:202.197,39.259;0.75/0.25:199.197,39.259",fixed-domain_component,REVIEW,weight sensitivity exceeds threshold,388.496601237303,False
zro2_60_pass,24,48,slot_1,-0.4500000000025324,identity,-186.29921466542024,-10.498124684466902,4.825920860998855,3.010893374335326,1.3127376504906463,False,False,1.0,"0.25/0.75:-187.299,-10.498;0.50/0.50:-186.299,-10.498;0.75/0.25:-186.299,-10.498",fixed-domain_component,PASS,,388.496601237303,False
zro2_60_pass,25,49,slot_1,-0.4500000000025324,identity,-199.5551493151809,-7.872473472748041,36.0334460085234,4.7626368280709235,0.7377311326161142,False,False,3.0,"0.25/0.75:-202.555,-7.872;0.50/0.50:-199.555,-7.872;0.75/0.25:-199.555,-7.872",fixed-domain_component,PASS,,394.1834204949481,False
zro2_60_pass,25,50,slot_2,-0.4500000000025324,identity,194.62827117976718,-10.071337416191529,11.813110066302029,2.4811396481035306,1.1828416472310652,False,False,2.5,"0.25/0.75:192.628,-10.071;0.50/0.50:194.628,-10.071;0.75/0.25:192.628,-8.571",fixed-domain_component,PASS,,394.1834204949481,False
zro2_60_pass,26,51,slot_1,-0.4500000000025324,identity,-212.26779547706056,-27.829329510543893,17.28085761765838,3.628420601379864,0.8622528931293056,False,False,1.4142135623730951,"0.25/0.75:-213.268,-26.829;0.50/0.50:-212.268,-27.829;0.75/0.25:-212.268,-27.829",fixed-domain_component,PASS,,387.21462616033386,False
zro2_60_pass,26,52,slot_2,-0.4500000000025324,identity,174.94683068327333,-12.325297731998475,7.612509554591076,1.8859019438973639,2.1748927314342588,False,False,0.0,"0.25/0.75:174.947,-12.325;0.50/0.50:174.947,-12.325;0.75/0.25:174.947,-12.325",fixed-domain_component,PASS,,387.21462616033386,False
zro2_60_pass,27,53,slot_1,-0.4500000000025324,identity,-175.14077629448573,-17.1268510161946,21.64612505656021,3.0896132818173494,0.35251682821582997,False,True,4.6097722286464435,"0.25/0.75:-177.141,-20.127;0.50/0.50:-175.141,-17.127;0.75/0.25:-173.641,-17.127",fixed-domain_component,REVIEW,weight sensitivity exceeds threshold,399.6744326095642,False
zro2_60_pass,27,54,slot_2,-0.4500000000025324,identity,224.53365631507847,-24.205366176698185,6.911923558436977,1.7762515013989917,0.9627726315543415,False,False,2.5,"0.25/0.75:224.534,-24.205;0.50/0.50:224.534,-24.205;0.75/0.25:227.034,-24.205",fixed-domain_component,PASS,,399.6744326095642,False
zro2_60_pass,28,55,slot_1,-0.4500000000025324,identity,-193.42270948755336,-16.435248296656166,11.589138927939553,2.42901237911901,0.5659198131654186,False,True,3.5,"0.25/0.75:-193.423,-17.435;0.50/0.50:-193.423,-16.435;0.75/0.25:-193.423,-13.935",fixed-domain_component,REVIEW,weight sensitivity exceeds threshold,397.66249486185507,False
zro2_60_pass,28,56,slot_2,-0.4500000000025324,identity,204.2397853743017,-22.359808085661015,17.759851251288374,3.059976303969234,0.777416133816395,False,True,3.640054944640259,"0.25/0.75:204.240,-22.360;0.50/0.50:204.240,-22.360;0.75/0.25:207.740,-21.360",fixed-domain_component,REVIEW,weight sensitivity exceeds threshold,397.66249486185507,False
zro2_60_pass,29,57,slot_1,-0.4500000000025324,identity,-189.84429015054818,4.750113659699068,37.543776932798146,4.61460308608064,0.42901406515223284,False,False,1.5,"0.25/0.75:-189.844,3.250;0.50/0.50:-189.844,4.750;0.75/0.25:-189.844,4.750",fixed-domain_component,PASS,,408.72648599058516,False
zro2_60_pass,29,58,slot_2,-0.4500000000025324,identity,218.88219584003699,3.8278162216829443,8.99945788606966,2.1987767024141074,0.45868305826839006,False,True,4.0,"0.25/0.75:218.882,1.828;0.50/0.50:218.882,3.828;0.75/0.25:218.882,5.828",fixed-domain_component,REVIEW,weight sensitivity exceeds threshold,408.72648599058516,False
zro2_60_pass,30,59,slot_1,-0.4500000000025324,identity,-199.98294821562052,-9.137781324867227,25.75389665284676,4.43746565336055,1.2230669856698202,False,False,1.118033988749895,"0.25/0.75:-199.483,-10.138;0.50/0.50:-199.983,-9.138;0.75/0.25:-199.983,-9.138",fixed-domain_component,PASS,,398.82922009195454,False
zro2_60_pass,30,60,slot_2,-0.4500000000025324,identity,198.84627187633404,-11.029326221799344,25.409379327278145,3.5840135465088374,0.6911440526399261,False,False,2.692582403567252,"0.25/0.75:199.346,-13.529;0.50/0.50:198.846,-11.029;0.75/0.25:198.346,-11.029",fixed-domain_component,PASS,,398.82922009195454,False
zro2_20_supplement,1,1,slot_1,-0.650000000002521,identity,-252.43417599999992,20.438421972689685,25.344708606261268,4.298116644009528,0.34330579756364876,True,False,2.5,"0.25/0.75:-252.434,20.438;0.50/0.50:-252.434,20.438;0.75/0.25:-252.434,22.938",fixed-domain_component,REVIEW,center search boundary hit,499.23073094907204,False
zro2_20_supplement,1,2,slot_2,-0.650000000002521,identity,246.79655494907212,11.737853970530248,43.195489963252676,3.9649703991030654,0.2182783628278953,False,True,4.272001872658765,"0.25/0.75:248.797,12.238;0.50/0.50:246.797,11.738;0.75/0.25:244.797,10.738",fixed-domain_component,REVIEW,weight sensitivity exceeds threshold,499.23073094907204,False
zro2_20_supplement,2,3,slot_1,-0.650000000002521,identity,-252.43417599999992,25.801157451574618,47.588312975459246,5.2315406267840014,1.5077823660850629,True,False,0.0,"0.25/0.75:-252.434,25.801;0.50/0.50:-252.434,25.801;0.75/0.25:-252.434,25.801",fixed-domain_component,REVIEW,center search boundary hit,498.76896674519094,False
zro2_20_supplement,2,4,slot_2,-0.650000000002521,identity,246.33479074519104,21.59470058576611,63.797058578389915,4.67043208303385,1.103064692588922,False,False,2.0,"0.25/0.75:246.335,21.595;0.50/0.50:246.335,21.595;0.75/0.25:244.335,21.595",fixed-domain_component,PASS,,498.76896674519094,False
zro2_20_supplement,3,5,slot_1,-0.650000000002521,identity,-251.93417599999992,17.429715129712065,128.98301304029695,7.799802877385862,0.2581207594067962,True,True,4.031128874149275,"0.25/0.75:-252.434,15.430;0.50/0.50:-251.934,17.430;0.75/0.25:-251.934,19.430",fixed-domain_component,REVIEW,center search boundary hit; weight sensitivity exceeds threshold,504.1279503902729,False
zro2_20_supplement,3,6,slot_2,-0.650000000002521,identity,252.19377439027295,9.712888300379754,198.0609206032881,8.961838723002906,1.1327018045418429,True,False,1.0,"0.25/0.75:252.194,9.713;0.50/0.50:252.194,9.713;0.75/0.25:252.194,10.713",fixed-domain_component,REVIEW,center search boundary hit,504.1279503902729,False
zro2_20_supplement,4,7,slot_1,-0.650000000002521,identity,-252.43417599999992,14.479415390514344,136.75709099957982,9.048178510814422,1.0243941998369677,True,False,1.118033988749895,"0.25/0.75:-252.434,14.979;0.50/0.50:-252.434,14.479;0.75/0.25:-251.934,13.979",fixed-domain_component,REVIEW,center search boundary hit,504.7377781654127,False
zro2_20_supplement,4,8,slot_2,-0.650000000002521,identity,252.30360216541277,5.051874935438041,138.5551632214618,9.32057513312817,0.5568169610562569,True,False,2.0,"0.25/0.75:252.304,7.052;0.50/0.50:252.304,5.052;0.75/0.25:252.304,5.052",fixed-domain_component,REVIEW,center search boundary hit,504.7377781654127,False
zro2_20_supplement,5,9,slot_1,-0.650000000002521,identity,-251.93417599999992,13.294495268264754,117.76320075120071,8.58747008569058,0.5723443881923522,True,False,2.9154759474226504,"0.25/0.75:-252.434,12.794;0.50/0.50:-251.934,13.294;0.75/0.25:-249.934,14.294",fixed-domain_component,REVIEW,center search boundary hit,502.7943565491248,False
zro2_20_supplement,5,10,slot_2,-0.650000000002521,identity,250.86018054912492,2.1139987891333343,141.37775497290667,8.149045303457179,0.7329182244828883,False,False,2.5,"0.25/0.75:250.860,3.114;0.50/0.50:250.860,2.114;0.75/0.25:250.860,0.614",fixed-domain_component,PASS,,502.7943565491248,False
zro2_20_supplement,6,11,slot_1,-0.650000000002521,identity,-249.93417599999992,9.71589200753255,29.51265333530336,4.217251544424042,0.6256171100692173,False,False,2.1213203435596424,"0.25/0.75:-250.434,9.216;0.50/0.50:-249.934,9.716;0.75/0.25:-248.934,10.716",fixed-domain_component,PASS,,492.40352351041946,False
zro2_20_supplement,6,12,slot_2,-0.650000000002521,identity,242.46934751041954,-1.8697124274596106,47.16457700725196,3.3685995548224525,1.0393479276935285,False,False,2.692582403567252,"0.25/0.75:242.469,-0.370;0.50/0.50:242.469,-1.870;0.75/0.25:241.469,-2.870",fixed-domain_component,PASS,,492.40352351041946,False
zro2_20_supplement,7,13,slot_1,-0.650000000002521,identity,-252.43417599999992,28.436483180814133,85.91941106815243,7.7264608356823565,1.210404977997603,True,False,0.0,"0.25/0.75:-252.434,28.436;0.50/0.50:-252.434,28.436;0.75/0.25:-252.434,28.436",fixed-domain_component,REVIEW,center search boundary hit,504.21031469637774,False
zro2_20_supplement,7,14,slot_2,-0.650000000002521,identity,251.7761386963778,19.932227671432138,152.82295685726243,7.254569658087233,0.6307390915738411,False,False,2.0615528128088303,"0.25/0.75:252.276,20.932;0.50/0.50:251.776,19.932;0.75/0.25:251.776,18.932",fixed-domain_component,PASS,,504.21031469637774,False
zro2_20_supplement,8,15,slot_1,-0.650000000002521,identity,-248.93417599999992,12.131714835736858,89.37101200285748,7.273365824122515,1.5592314836611783,False,True,3.5,"0.25/0.75:-252.434,12.132;0.50/0.50:-248.934,12.132;0.75/0.25:-248.934,12.132",fixed-domain_component,REVIEW,weight sensitivity exceeds threshold,501.5588582894371,False
zro2_20_supplement,8,16,slot_2,-0.650000000002521,identity,252.6246822894372,9.218856248670116,114.78069397169745,7.528471717924155,1.6437085061270738,True,False,0.5,"0.25/0.75:252.625,8.719;0.50/0.50:252.625,9.219;0.75/0.25:252.625,9.219",fixed-domain_component,REVIEW,center search boundary hit,501.5588582894371,False
zro2_20_supplement,9,17,slot_1,-0.650000000002521,identity,-251.93417599999992,1.4377288077648043,43.54590680726799,5.576518142695844,0.24439841211045166,True,True,3.0413812651491097,"0.25/0.75:-252.434,-1.062;0.50/0.50:-251.934,1.438;0.75/0.25:-251.934,1.938",fixed-domain_component,REVIEW,center search boundary hit; weight sensitivity exceeds threshold,504.4660072373955,False
zro2_20_supplement,9,18,slot_2,-0.650000000002521,identity,252.53183123739555,-8.411914289942288,79.55907349482274,6.461727497986332,0.5785558300705529,True,True,4.031128874149275,"0.25/0.75:252.532,-9.412;0.50/0.50:252.532,-8.412;0.75/0.25:252.032,-5.412",fixed-domain_component,REVIEW,center search boundary hit; weight sensitivity exceeds threshold,504.4660072373955,False
zro2_20_supplement,10,19,slot_1,-0.650000000002521,identity,-252.43417599999992,14.150727249412892,74.6629963960349,6.509874617822149,0.7779348038288055,True,False,1.5,"0.25/0.75:-252.434,13.151;0.50/0.50:-252.434,14.151;0.75/0.25:-252.434,14.651",fixed-domain_component,REVIEW,center search boundary hit,441.15126399999986,False
zro2_20_supplement,10,20,slot_2,-0.650000000002521,identity,188.71708799999996,10.0,87.27493355861534,2.9424113988442926,0.610228998478092,False,True,3.640054944640259,"0.25/0.75:189.717,8.500;0.50/0.50:188.717,10.000;0.75/0.25:188.717,12.000",domain_midpoint_fallback,REVIEW,weight sensitivity exceeds threshold; segmentation initializer unavailable,441.15126399999986,False
