session_id,measurement_id,sample_id,roi_within_measurement,cag_path,mapping_provenance,plane_a,plane_b,plane_c,plane_rmse_um,sigma_ref_um,theta_line_deg,orientation_center_x_um,orientation_center_y_um,orientation_threshold_um,orientation_signal_pixels,orientation_confident,crop_center_x_um,crop_center_y_um,crop_length_um,crop_pixels,raw_width_um,raw_height_um,valid_pixel_ratio
zro2_120_line,1,1,single,氧化锆/120组直线.cag,pilot_user_confirmed: DOE 加工顺序 equals CAG Path (outputs/zro2_single_line_pilot/pilot_protocol.json),-0.002884264633260404,0.015976106724651995,12.365962573023182,0.24008910257425595,0.2262616230028661,-0.4833998594078537,2.9996386921341656,-0.5494565094139909,0.9050464920114644,23427,True,0.0,0.0,289.4850750470505,1000,285.344768,17.834048,1.0
zro2_120_line,2,2,single,氧化锆/120组直线.cag,pilot_user_confirmed: DOE 加工顺序 equals CAG Path (outputs/zro2_single_line_pilot/pilot_protocol.json),-0.0031858189900540383,0.017815481713071946,17.79933945963336,0.29019568788614936,0.2762080970328962,-0.5005102495663607,1.3639003445319575,0.44386740222465887,1.104832388131585,26700,True,0.0,0.0,289.48966902748424,1000,285.344768,17.834048,1.0
zro2_120_line,3,3,single,氧化锆/120组直线.cag,pilot_user_confirmed: DOE 加工顺序 equals CAG Path (outputs/zro2_single_line_pilot/pilot_protocol.json),-0.002491568157388991,0.020719744693397324,16.499974476660356,0.27278857497913456,0.26162271597908743,-0.5216460997557988,17.863837269414557,0.10530868486061513,1.0464908639163497,27491,True,0.0,0.0,289.49530865654856,1000,285.344768,17.834048,1.0
zro2_120_line,4,4,single,氧化锆/120组直线.cag,pilot_user_confirmed: DOE 加工顺序 equals CAG Path (outputs/zro2_single_line_pilot/pilot_protocol.json),-0.0010246244503000176,0.015060959830910825,20.70857086776663,0.2784185576879192,0.2661918903670896,-0.6035854119961073,-0.7942085976076593,0.5340783605381131,1.0647675614683585,29525,True,0.0,0.0,289.51680506614593,1000,285.344768,17.834048,1.0
zro2_120_line,5,5,single,氧化锆/120组直线.cag,pilot_user_confirmed: DOE 加工顺序 equals CAG Path (outputs/zro2_single_line_pilot/pilot_protocol.json),-0.0008743012924756774,0.018301693286605136,19.76921867681055,0.2640087734879139,0.23861620911571166,-0.577902797329557,7.829805415909166,0.18348746967470023,0.9544648364628466,29078,True,0.0,0.0,289.5101301761864,1000,285.344768,17.834048,1.0
zro2_120_line,6,6,single,氧化锆/120组直线.cag,pilot_user_confirmed: DOE 加工顺序 equals CAG Path (outputs/zro2_single_line_pilot/pilot_protocol.json),-0.0012773089344502318,0.016415627558738155,7.894089088108823,0.3233666766728191,0.29891000607266194,-0.5259222931374268,-15.874569797465137,0.8578090584791226,1.1956400242906478,4907,True,0.0,0.0,289.49644493796455,1000,285.344768,17.834048,1.0
zro2_120_line,7,7,single,氧化锆/120组直线.cag,pilot_user_confirmed: DOE 加工顺序 equals CAG Path (outputs/zro2_single_line_pilot/pilot_protocol.json),-0.0002947440091899915,0.01862228669226873,20.164476171007305,0.2516295580828746,0.2375780462390831,-0.5749350747876179,7.820651550805178,0.7186238573153382,0.9503121849563324,30056,True,0.0,0.0,289.509355170143,1000,285.344768,17.834048,1.0
zro2_120_line,8,8,single,氧化锆/120组直线.cag,pilot_user_confirmed: DOE 加工顺序 equals CAG Path (outputs/zro2_single_line_pilot/pilot_protocol.json),-0.0014526564355960855,0.01761845915172315,10.731504415016882,0.32991306591319397,0.3056980739430036,-0.4501549405537446,-15.175394808255149,0.4716908290421827,1.2227922957720143,4511,True,0.0,0.0,289.47607630510123,1000,285.344768,17.834048,1.0
zro2_120_line,9,9,single,氧化锆/120组直线.cag,pilot_user_confirmed: DOE 加工顺序 equals CAG Path (outputs/zro2_single_line_pilot/pilot_protocol.json),-0.0019948573603168415,0.02296125658609771,21.70415956704218,0.29515940970051013,0.2684155521887877,-0.545581251270363,8.166517471945221,0.963644380855498,1.0736622087551508,32515,True,0.0,0.0,289.5016483074434,1000,285.344768,17.834048,1.0
zro2_120_line,10,10,single,氧化锆/120组直线.cag,pilot_user_confirmed: DOE 加工顺序 equals CAG Path (outputs/zro2_single_line_pilot/pilot_protocol.json),-0.005427890225884412,0.011990290671994974,11.039051777316955,0.3136689893911897,0.2988627705440441,-0.7328814671022599,-3.428464981697437,0.7774912757010772,1.1954510821761763,5273,True,0.0,0.0,289.54953758309733,1000,285.344768,17.834048,1.0
zro2_120_line,11,11,single,氧化锆/120组直线.cag,pilot_user_confirmed: DOE 加工顺序 equals CAG Path (outputs/zro2_single_line_pilot/pilot_protocol.json),-0.0021807012910492083,0.015523723915108256,24.102575205795393,0.2611535734993887,0.24612864200904055,-0.6256123512166312,-0.6991704879133948,0.6332842323153411,0.9845145680361622,32680,True,0.0,0.0,289.5224841492107,1000,285.344768,17.834048,1.0
zro2_120_line,12,12,single,氧化锆/120组直线.cag,pilot_user_confirmed: DOE 加工顺序 equals CAG Path (outputs/zro2_single_line_pilot/pilot_protocol.json),-0.0032526864296555094,0.02134882986133091,15.668949442003347,0.3031370574392738,0.2889849432239029,-0.5640198485413066,5.380673783954588,0.40803477478977457,1.1559397728956116,27635,True,0.0,0.0,289.50649812327765,1000,285.344768,17.834048,1.0
zro2_120_line,13,13,single,氧化锆/120组直线.cag,pilot_user_confirmed: DOE 加工顺序 equals CAG Path (outputs/zro2_single_line_pilot/pilot_protocol.json),-0.0025060506798724705,0.01713132869774725,18.48103297844896,0.24097050129449651,0.22781140256825963,-0.5602357130055964,16.483615963246823,1.0212374972045941,0.9112456102730385,33125,True,0.0,0.0,289.50550521167935,1000,285.344768,17.834048,1.0
zro2_120_line,14,14,single,氧化锆/120组直线.cag,pilot_user_confirmed: DOE 加工顺序 equals CAG Path (outputs/zro2_single_line_pilot/pilot_protocol.json),-0.0024579303343383123,0.014255139798812877,13.603563888100666,0.25552439201951654,0.25174072250425866,-0.497556707574887,8.893023308892296,0.5726009866858409,1.0069628900170347,28715,True,0.0,0.0,289.4888778470798,1000,285.344768,17.834048,1.0
zro2_120_line,15,15,single,氧化锆/120组直线.cag,pilot_user_confirmed: DOE 加工顺序 equals CAG Path (outputs/zro2_single_line_pilot/pilot_protocol.json),-0.003116951620977789,0.017834085294810897,11.950421464965462,0.2957994680564054,0.2707516167404761,-0.425950008066593,14.961006826997075,-0.3610663853136263,1.0830064669619044,19761,True,0.0,0.0,289.4694640458191,1000,285.344768,17.834048,1.0
zro2_120_line,16,16,single,氧化锆/120组直线.cag,pilot_user_confirmed: DOE 加工顺序 equals CAG Path (outputs/zro2_single_line_pilot/pilot_protocol.json),-0.0032815992467988787,0.024986065148684844,20.873262570907368,0.30493281825529717,0.29608663429491305,-0.5371066158066355,10.490453212370317,0.6632875944788146,1.1843465371796522,35337,True,0.0,0.0,289.49940934676755,1000,285.344768,17.834048,1.0
zro2_120_line,17,17,single,氧化锆/120组直线.cag,pilot_user_confirmed: DOE 加工顺序 equals CAG Path (outputs/zro2_single_line_pilot/pilot_protocol.json),-0.0030231202205266774,0.01960932543596261,22.181480333946705,0.28836207375581663,0.27659840510304895,-0.44192065513229295,8.363106581532504,1.1299977758064517,1.1063936204121958,33548,True,0.0,0.0,289.4738325959619,1000,285.344768,17.834048,1.0
zro2_120_line,18,18,single,氧化锆/120组直线.cag,pilot_user_confirmed: DOE 加工顺序 equals CAG Path (outputs/zro2_single_line_pilot/pilot_protocol.json),-0.003939712403565858,0.01815670572897954,18.293176650285716,0.2665132804818368,0.25991518200880637,-0.4562528872582732,11.816718081470983,0.1568251406293147,1.0396607280352255,26270,True,0.0,0.0,289.47773409654155,1000,285.344768,17.834048,1.0
zro2_120_line,19,19,single,氧化锆/120组直线.cag,pilot_user_confirmed: DOE 加工顺序 equals CAG Path (outputs/zro2_single_line_pilot/pilot_protocol.json),-0.0030879204493849837,0.017279547195241385,23.503169949349196,0.27547894075401685,0.2691610665043644,-0.5890289510199977,-5.185895348694465,0.31665688607332176,1.0766442660174576,28386,True,0.0,0.0,289.5130288970838,1000,285.344768,17.834048,1.0
zro2_120_line,20,20,single,氧化锆/120组直线.cag,pilot_user_confirmed: DOE 加工顺序 equals CAG Path (outputs/zro2_single_line_pilot/pilot_protocol.json),-0.0021452395550592197,0.019453117701462297,17.918990888240643,0.30493307259729835,0.2897351499771322,-0.4261182798649088,6.24478042777434,0.7863245375624309,1.1589405999085287,26211,True,0.0,0.0,289.4695101898644,1000,285.344768,17.834048,1.0
zro2_120_line,21,21,single,氧化锆/120组直线.cag,pilot_user_confirmed: DOE 加工顺序 equals CAG Path (outputs/zro2_single_line_pilot/pilot_protocol.json),0.0014625269881512865,0.015363256703766703,18.0269542531887,0.27092622219150236,0.25509166593187593,-0.47199319781753957,-1.3941185673903587,0.28938029961038036,1.0203666637275037,28026,True,0.0,0.0,289.4819983206315,1000,285.344768,17.834048,1.0
zro2_120_line,22,22,single,氧化锆/120组直线.cag,pilot_user_confirmed: DOE 加工顺序 equals CAG Path (outputs/zro2_single_line_pilot/pilot_protocol.json),-0.0019557802891188515,0.019146125832413152,12.991472350441866,0.32536459535444834,0.29404006821112544,-0.5600649670863049,-2.1387395068453112,-0.41343075900122106,1.1761602728445018,22979,True,0.0,0.0,289.5054603806416,1000,285.344768,17.834048,1.0
zro2_120_line,23,23,single,氧化锆/120组直线.cag,pilot_user_confirmed: DOE 加工顺序 equals CAG Path (outputs/zro2_single_line_pilot/pilot_protocol.json),-0.003156295920505845,0.019741393714125977,16.512182424493833,0.31078722169248496,0.2945391148251252,-0.3645290631933449,3.246337678911036,0.5522146522844275,1.1781564593005007,27860,True,0.0,0.0,289.4524565186545,1000,285.344768,17.834048,1.0
zro2_120_line,24,24,single,氧化锆/120组直线.cag,pilot_user_confirmed: DOE 加工顺序 equals CAG Path (outputs/zro2_single_line_pilot/pilot_protocol.json),-0.0026491370096594427,0.018568158108255184,15.797983563528726,0.3669556351381639,0.33022478649601733,-0.5052198948286559,-6.595232853698207,0.1471018389631212,1.3208991459840693,27578,True,0.0,0.0,289.4909290549312,1000,285.344768,17.834048,1.0
zro2_120_line,25,25,single,氧化锆/120组直线.cag,pilot_user_confirmed: DOE 加工顺序 equals CAG Path (outputs/zro2_single_line_pilot/pilot_protocol.json),-0.002730105504790005,0.01875478384977347,19.276104176221683,0.35636544309415835,0.32591144177548464,-0.6174423938090001,-4.591923434600917,1.088791945392569,1.3036457671019386,29349,True,0.0,0.0,289.52038265781664,1000,285.344768,17.834048,1.0
zro2_120_line,26,26,single,氧化锆/120组直线.cag,pilot_user_confirmed: DOE 加工顺序 equals CAG Path (outputs/zro2_single_line_pilot/pilot_protocol.json),-0.0032228192426292297,0.014127535075158626,15.53257146295782,0.2553098250005177,0.24000321728434074,-0.5470404732540999,-12.469223216095083,0.9447299464299126,0.960012869137363,27636,True,0.0,0.0,289.50203319701063,1000,285.344768,17.834048,1.0
zro2_120_line,27,27,single,氧化锆/120组直线.cag,pilot_user_confirmed: DOE 加工顺序 equals CAG Path (outputs/zro2_single_line_pilot/pilot_protocol.json),-0.003426088868257051,0.018776028407960776,13.972718671189844,0.25155620770169534,0.22753374679112226,-0.5776773812923182,-2.5963574349731946,-0.2881468981538279,0.910134987164489,24965,True,0.0,0.0,289.5100713367858,1000,285.344768,17.834048,1.0
zro2_120_line,28,28,single,氧化锆/120组直线.cag,pilot_user_confirmed: DOE 加工顺序 equals CAG Path (outputs/zro2_single_line_pilot/pilot_protocol.json),-0.016241747736110333,0.009285134101524761,16.376310297389274,0.6987621954571803,0.6397156104769849,0.12903427066964923,51.90775870296117,1.2842027918720023,2.5588624419079395,11531,True,0.0,0.0,289.3842079316443,1000,285.344768,17.834048,1.0
zro2_120_line,29,29,single,氧化锆/120组直线.cag,pilot_user_confirmed: DOE 加工顺序 equals CAG Path (outputs/zro2_single_line_pilot/pilot_protocol.json),-0.004146409784507175,0.013576918465639076,10.685487806182218,0.31281387729651144,0.2981062282627996,-0.4431161074599288,0.09475760589976394,0.35026650759566497,1.1924249130511984,19430,True,0.0,0.0,289.4741587031884,1000,285.344768,17.834048,1.0
zro2_120_line,30,30,single,氧化锆/120组直线.cag,pilot_user_confirmed: DOE 加工顺序 equals CAG Path (outputs/zro2_single_line_pilot/pilot_protocol.json),-0.003981439969879424,0.01853164375149685,13.578962516188703,0.2372142375815317,0.21923012237727454,-0.36259904124577247,5.0715520128794385,0.686871920887944,0.8769204895090982,22041,True,0.0,0.0,289.45191677748653,1000,285.344768,17.834048,1.0
zro2_120_line,31,31,single,氧化锆/120组直线.cag,pilot_user_confirmed: DOE 加工顺序 equals CAG Path (outputs/zro2_single_line_pilot/pilot_protocol.json),-0.0043779050622084975,0.012518414649033582,20.42671561974106,0.2846943775926769,0.2661028875256491,-0.634746305769454,-12.337845972378782,1.1521638468178281,1.0644115501025964,20753,True,0.0,0.0,289.5248267283665,1000,285.344768,17.834048,1.0
zro2_120_line,32,32,single,氧化锆/120组直线.cag,pilot_user_confirmed: DOE 加工顺序 equals CAG Path (outputs/zro2_single_line_pilot/pilot_protocol.json),-0.005196646706019638,0.023282330551396946,18.642815987975542,0.305260724827331,0.2849979877280733,-0.38017212986369486,0.5262980288426392,-0.17351113643551352,1.139991950912293,19743,True,0.0,0.0,289.45681923587676,1000,285.344768,17.834048,1.0
zro2_120_line,33,33,single,氧化锆/120组直线.cag,pilot_user_confirmed: DOE 加工顺序 equals CAG Path (outputs/zro2_single_line_pilot/pilot_protocol.json),-0.003399896527018878,0.018460564687566627,10.808354443380441,0.2659190809696135,0.2389292035618109,-0.5386191875496422,-9.342730091262741,-0.23108011515825852,0.9557168142472436,15687,True,0.0,0.0,289.4998094193527,1000,285.344768,17.834048,1.0
zro2_120_line,34,34,single,氧化锆/120组直线.cag,pilot_user_confirmed: DOE 加工顺序 equals CAG Path (outputs/zro2_single_line_pilot/pilot_protocol.json),-0.0034397285864032653,0.018788079695560178,10.6562240976609,0.2638937543533642,0.25008539159602916,-0.5740417221501275,-11.65336885034461,0.298158125702441,1.0003415663841166,21171,True,0.0,0.0,289.5091217255314,1000,285.344768,17.834048,1.0
zro2_120_line,35,35,single,氧化锆/120组直线.cag,pilot_user_confirmed: DOE 加工顺序 equals CAG Path (outputs/zro2_single_line_pilot/pilot_protocol.json),-0.0023190193321319676,0.012109276862076968,9.435031535991927,0.28245144963392355,0.27275020715315956,-0.5159335450220226,6.11235033897051,0.16420610476200442,1.0910008286126383,16826,True,0.0,0.0,289.4937882201767,1000,285.344768,17.834048,1.0
zro2_120_line,36,36,single,氧化锆/120组直线.cag,pilot_user_confirmed: DOE 加工顺序 equals CAG Path (outputs/zro2_single_line_pilot/pilot_protocol.json),-0.0027853934034761706,0.019923005619318146,8.16316298817056,0.2773933272510751,0.26755997736974013,-0.4493831287822445,-0.8695195398402871,0.5094305237306643,1.0702399094789605,17454,True,0.0,0.0,289.4758662493502,1000,285.344768,17.834048,1.0
zro2_120_line,37,37,single,氧化锆/120组直线.cag,pilot_user_confirmed: DOE 加工顺序 equals CAG Path (outputs/zro2_single_line_pilot/pilot_protocol.json),-0.003094932894652372,0.018214660500516677,9.651238776237895,0.2330813045162092,0.22463191410083838,-0.4771852400716625,5.955560587140102,1.1874773631460538,0.8985276564033535,16140,True,0.0,0.0,289.4834001766453,1000,285.344768,17.834048,1.0
zro2_120_line,38,38,single,氧化锆/120组直线.cag,pilot_user_confirmed: DOE 加工顺序 equals CAG Path (outputs/zro2_single_line_pilot/pilot_protocol.json),-0.0031216903853944528,0.015975916631134623,13.807302549124453,0.3119370137165913,0.30300093240913506,-0.49337977188460513,-2.7515765043104192,-0.32731907652953623,1.2120037296365402,17136,True,0.0,0.0,289.4877576548851,1000,285.344768,17.834048,1.0
zro2_120_line,39,39,single,氧化锆/120组直线.cag,pilot_user_confirmed: DOE 加工顺序 equals CAG Path (outputs/zro2_single_line_pilot/pilot_protocol.json),-0.0029718124469864412,0.01736040857996235,19.080925208591054,0.2594442923504753,0.2474736779778414,-0.48995372824103356,-9.433580000551032,1.2532398075921813,0.9898947119113656,21266,True,0.0,0.0,289.4868377081667,1000,285.344768,17.834048,1.0
zro2_120_line,40,40,single,氧化锆/120组直线.cag,pilot_user_confirmed: DOE 加工顺序 equals CAG Path (outputs/zro2_single_line_pilot/pilot_protocol.json),-0.002022135970455764,0.01770232026432428,9.836954742440598,0.28120406964169525,0.27312149360206045,-0.5317002139022122,5.2638110075895215,0.7025487177048397,1.0924859744082418,17056,True,0.0,0.0,289.4979777363081,1000,285.344768,17.834048,1.0
zro2_120_line,41,41,single,氧化锆/120组直线.cag,pilot_user_confirmed: DOE 加工顺序 equals CAG Path (outputs/zro2_single_line_pilot/pilot_protocol.json),-0.0028760066192490613,0.013217962720841525,13.099678171087223,0.24332664387390704,0.22930225387141295,-0.5415958481623022,-5.231357481132862,-0.02594863030731346,0.9172090154856518,17904,True,0.0,0.0,289.5005961598127,1000,285.344768,17.834048,1.0
zro2_120_line,42,42,single,氧化锆/120组直线.cag,pilot_user_confirmed: DOE 加工顺序 equals CAG Path (outputs/zro2_single_line_pilot/pilot_protocol.json),-0.004014465286970341,0.01721026479578816,7.237331309623305,0.32716856054842647,0.311616916595699,-0.8791616606493733,-8.968042011584314,0.06337655831945244,1.246467666382796,7400,True,0.0,0.0,289.5848165790103,1000,285.344768,17.834048,1.0
zro2_120_line,43,43,single,氧化锆/120组直线.cag,pilot_user_confirmed: DOE 加工顺序 equals CAG Path (outputs/zro2_single_line_pilot/pilot_protocol.json),-0.002971932754376412,0.015949405249377158,13.906828686648447,0.2495286376268111,0.2357238271834253,-0.7668244116294147,5.10195583283402,0.9151130727011276,0.9428953087337012,15996,True,0.0,0.0,289.55788958741493,1000,285.344768,17.834048,1.0
zro2_120_line,44,44,single,氧化锆/120组直线.cag,pilot_user_confirmed: DOE 加工顺序 equals CAG Path (outputs/zro2_single_line_pilot/pilot_protocol.json),-0.001731511753199422,0.022729349860378,6.753602561897111,0.25701329837747466,0.24480788642329598,-0.5273722546860142,11.772056527521668,0.08978472153930292,0.9792315456931839,13291,True,0.0,0.0,289.4968298645513,1000,285.344768,17.834048,1.0
zro2_120_line,45,45,single,氧化锆/120组直线.cag,pilot_user_confirmed: DOE 加工顺序 equals CAG Path (outputs/zro2_single_line_pilot/pilot_protocol.json),-0.0013746432046626994,0.021386028299122728,17.135687699125075,0.24932085275024501,0.23863477487554094,-0.5508271309183215,10.71821787680063,0.5727769633881099,0.9545390995021638,12197,True,0.0,0.0,289.50303111547896,1000,285.344768,17.834048,1.0
zro2_120_line,46,46,single,氧化锆/120组直线.cag,pilot_user_confirmed: DOE 加工顺序 equals CAG Path (outputs/zro2_single_line_pilot/pilot_protocol.json),-0.0014037284403017136,0.018447042315350437,11.959140499983672,0.26708454508967905,0.2674020964646907,-0.565089937498044,4.050426926781736,0.5107915732507298,1.0696083858587628,17372,True,0.0,0.0,289.50677867585335,1000,285.344768,17.834048,1.0
zro2_120_line,47,47,single,氧化锆/120组直线.cag,pilot_user_confirmed: DOE 加工顺序 equals CAG Path (outputs/zro2_single_line_pilot/pilot_protocol.json),-0.00207647908331053,0.015890315801801336,13.469488485127503,0.23489857971257516,0.22000193519587316,-0.590155155795884,-12.584439031283285,1.2079183364520165,0.8800077407834926,16832,True,0.0,0.0,289.5133217096025,1000,285.344768,17.834048,1.0
zro2_120_line,48,48,single,氧化锆/120组直线.cag,pilot_user_confirmed: DOE 加工顺序 equals CAG Path (outputs/zro2_single_line_pilot/pilot_protocol.json),-0.0019843812334003038,0.014788445125810117,12.781660999853418,0.23976918785279572,0.22788489730860742,-0.4250356661064245,-1.3674772681104699,0.471700818515953,0.9115395892344297,16084,True,0.0,0.0,289.469213268924,1000,285.344768,17.834048,1.0
zro2_120_line,49,49,single,氧化锆/120组直线.cag,pilot_user_confirmed: DOE 加工顺序 equals CAG Path (outputs/zro2_single_line_pilot/pilot_protocol.json),-0.0013559768182616933,0.02108684959990298,11.420905475124298,0.27689221243307965,0.26416807907875933,-0.5107296199801681,12.4637112343071,0.06354101455615797,1.0566723163150373,14108,True,0.0,0.0,289.4924006889355,1000,285.344768,17.834048,1.0
zro2_120_line,50,50,single,氧化锆/120组直线.cag,pilot_user_confirmed: DOE 加工顺序 equals CAG Path (outputs/zro2_single_line_pilot/pilot_protocol.json),-0.0013934129125327563,0.017040773227759765,17.50222679820134,0.23094393782517572,0.22409953623829695,-0.4941619750500763,-6.566080849547767,-0.2395297035895913,0.8963981449531878,23627,True,0.0,0.0,289.4879675456332,1000,285.344768,17.834048,1.0
zro2_120_line,51,51,single,氧化锆/120组直线.cag,pilot_user_confirmed: DOE 加工顺序 equals CAG Path (outputs/zro2_single_line_pilot/pilot_protocol.json),-0.0010894187706480855,0.016886809093041855,12.214597042661383,0.23574760466695427,0.22943174526503937,-0.5721255687156486,-3.7654835357119105,-0.27639071290502465,0.9177269810601575,20806,True,0.0,0.0,289.508620775726,1000,285.344768,17.834048,1.0
zro2_120_line,52,52,single,氧化锆/120组直线.cag,pilot_user_confirmed: DOE 加工顺序 equals CAG Path (outputs/zro2_single_line_pilot/pilot_protocol.json),-0.0022016912664672103,0.015616657411844592,12.51896100369346,0.3077402005514204,0.2977504845128329,-0.4273797800558441,17.237170485578577,0.6536020755683994,1.1910019380513317,19115,True,0.0,0.0,289.46985604416835,1000,285.344768,17.834048,1.0
zro2_120_line,53,53,single,氧化锆/120组直线.cag,pilot_user_confirmed: DOE 加工顺序 equals CAG Path (outputs/zro2_single_line_pilot/pilot_protocol.json),-0.0027256607010310353,0.017386416870093235,16.38937240052417,0.2357346124756215,0.22491296843487732,-0.5558180662300458,3.065271248667455,0.3540031252918457,0.8996518737395093,22833,True,0.0,0.0,289.5043444987876,1000,285.344768,17.834048,1.0
zro2_120_line,54,54,single,氧化锆/120组直线.cag,pilot_user_confirmed: DOE 加工顺序 equals CAG Path (outputs/zro2_single_line_pilot/pilot_protocol.json),-0.003945806650853395,0.020574744519122667,11.932764191022981,0.2547298100965504,0.2469662814449379,-0.4678632163339955,11.033818382775515,0.2450836825256394,0.9878651257797516,21319,True,0.0,0.0,289.48088154794283,1000,285.344768,17.834048,1.0
zro2_120_line,55,55,single,氧化锆/120组直线.cag,pilot_user_confirmed: DOE 加工顺序 equals CAG Path (outputs/zro2_single_line_pilot/pilot_protocol.json),-0.0028310951126741097,0.018283024380968627,21.66835377160582,0.26780704232262564,0.2529027933824138,-0.4083169827747497,7.994806731204553,1.2290860117431337,1.0116111735296551,28133,True,0.0,0.0,289.4646150119727,1000,285.344768,17.834048,1.0
zro2_120_line,56,56,single,氧化锆/120组直线.cag,pilot_user_confirmed: DOE 加工顺序 equals CAG Path (outputs/zro2_single_line_pilot/pilot_protocol.json),-0.0021805782920526883,0.017492886779976402,19.842335964664727,0.2676915387184494,0.25492989563382457,-0.7284579828053666,3.5013528050930174,1.3676345249238715,1.0197195825352983,26713,True,0.0,0.0,289.5484417589304,1000,285.344768,17.834048,1.0
zro2_120_line,57,57,single,氧化锆/120组直线.cag,pilot_user_confirmed: DOE 加工顺序 equals CAG Path (outputs/zro2_single_line_pilot/pilot_protocol.json),-0.0012317157963354025,0.017148469315332537,19.25066511209076,0.25608342329877665,0.24235987930246558,-0.5433658920162827,-6.468731076875523,0.6118074376051936,0.9694395172098623,26897,True,0.0,0.0,289.5010636224419,1000,285.344768,17.834048,1.0
zro2_120_line,58,58,single,氧化锆/120组直线.cag,pilot_user_confirmed: DOE 加工顺序 equals CAG Path (outputs/zro2_single_line_pilot/pilot_protocol.json),-0.001581086063822538,0.019343023503815893,16.13776714914285,0.25661085045455856,0.24774494279298612,-0.43988249468205254,-6.255089933831812,0.1420581501687819,0.9909797711719445,25955,True,0.0,0.0,289.47327631997643,1000,285.344768,17.834048,1.0
zro2_120_line,59,59,single,氧化锆/120组直线.cag,pilot_user_confirmed: DOE 加工顺序 equals CAG Path (outputs/zro2_single_line_pilot/pilot_protocol.json),-0.0021604322278901515,0.016625913881654797,21.78309887602075,0.25384577597989944,0.23548257984806645,-0.5887321453367065,-4.686443167834138,1.056533084198374,0.9419303193922658,27324,True,0.0,0.0,289.51295170943,1000,285.344768,17.834048,1.0
zro2_120_line,60,60,single,氧化锆/120组直线.cag,pilot_user_confirmed: DOE 加工顺序 equals CAG Path (outputs/zro2_single_line_pilot/pilot_protocol.json),-0.002371156956979989,0.012101522149193772,11.343741834513033,0.3931499109792743,0.40421832702121857,-0.4885639733684286,-4.593139782714047,1.583628021409111,1.6168733080848743,3440,True,0.0,0.0,289.48646424606204,1000,285.344768,17.834048,1.0
zro2_120_line,61,61,single,氧化锆/120组直线.cag,pilot_user_confirmed: DOE 加工顺序 equals CAG Path (outputs/zro2_single_line_pilot/pilot_protocol.json),-0.0034745302219108564,0.018459358926628866,13.333578051335184,0.26075262453661197,0.2523406859258279,-0.48742055575647214,-6.385042909107841,0.4019214480697426,1.0093627437033117,22136,True,0.0,0.0,289.4861568550332,1000,285.344768,17.834048,1.0
zro2_120_line,62,62,single,氧化锆/120组直线.cag,pilot_user_confirmed: DOE 加工顺序 equals CAG Path (outputs/zro2_single_line_pilot/pilot_protocol.json),-0.0032704927663554316,0.011670627095877517,17.657159836421084,0.28142905532186485,0.2757303966399193,-0.5029306854345919,6.16808610860181,-0.13628891097411186,1.102921586559677,28539,True,0.0,0.0,289.4903168364303,1000,285.344768,17.834048,1.0
zro2_120_line,63,63,single,氧化锆/120组直线.cag,pilot_user_confirmed: DOE 加工顺序 equals CAG Path (outputs/zro2_single_line_pilot/pilot_protocol.json),-0.0037584544033324872,0.01989743227803764,12.354582707757713,0.2900234819030348,0.2808994747222516,-0.4678195718537097,10.153584593512191,-0.11166035066513233,1.1235978988890063,21381,True,0.0,0.0,289.4808697382834,1000,285.344768,17.834048,1.0
zro2_120_line,64,64,single,氧化锆/120组直线.cag,pilot_user_confirmed: DOE 加工顺序 equals CAG Path (outputs/zro2_single_line_pilot/pilot_protocol.json),-0.0030913327936422604,0.016386235150944728,11.417154542058785,0.24365662627393223,0.23649525137062155,-0.43834172550907624,-4.618553123989503,-0.34545985383031313,0.9459810054824862,19460,True,0.0,0.0,289.4728555574382,1000,285.344768,17.834048,1.0
zro2_120_line,65,65,single,氧化锆/120组直线.cag,pilot_user_confirmed: DOE 加工顺序 equals CAG Path (outputs/zro2_single_line_pilot/pilot_protocol.json),-0.0023341098694999152,0.015560469398538945,16.409732128647935,0.3150117281847024,0.308417490279448,-0.41937150288933367,2.6731437670170046,0.10255868307480151,1.233669961117792,25773,True,0.0,0.0,289.4676581367438,1000,285.344768,17.834048,1.0
zro2_120_line,66,66,single,氧化锆/120组直线.cag,pilot_user_confirmed: DOE 加工顺序 equals CAG Path (outputs/zro2_single_line_pilot/pilot_protocol.json),-0.0031739067928037677,0.014681513911787292,15.393879376875024,0.29442778810012954,0.2656800585573963,-0.5572599444192576,-6.253223297336188,0.24421239028842046,1.0627202342295852,26361,True,0.0,0.0,289.50472353109456,1000,285.344768,17.834048,1.0
zro2_120_line,67,67,single,氧化锆/120组直线.cag,pilot_user_confirmed: DOE 加工顺序 equals CAG Path (outputs/zro2_single_line_pilot/pilot_protocol.json),-0.003130148086844315,0.014170612808584337,22.892629821556053,0.30754602951038007,0.287267197440557,-0.7146237360251462,-14.242018259338238,0.31686633363546324,1.149068789762228,28393,True,0.0,0.0,289.5450036333409,1000,285.344768,17.834048,1.0
zro2_120_line,68,68,single,氧化锆/120组直线.cag,pilot_user_confirmed: DOE 加工顺序 equals CAG Path (outputs/zro2_single_line_pilot/pilot_protocol.json),-0.0026585388999841525,0.017069208166736627,15.600197820202062,0.2623750407779571,0.23988808380165105,-0.5129950176759905,-1.0649989752871525,0.09413911011609723,0.9595523352066042,29757,True,0.0,0.0,289.4930050051776,1000,285.344768,17.834048,1.0
zro2_120_line,69,69,single,氧化锆/120组直线.cag,pilot_user_confirmed: DOE 加工顺序 equals CAG Path (outputs/zro2_single_line_pilot/pilot_protocol.json),-0.0024005534880212737,0.017126157489054883,11.001623622627099,0.2825040309712481,0.2547417343747422,-0.540594432765289,-4.918518200186509,-0.013389433314439115,1.0189669374989687,20913,True,0.0,0.0,289.50033156868875,1000,285.344768,17.834048,1.0
zro2_120_line,70,70,single,氧化锆/120组直线.cag,pilot_user_confirmed: DOE 加工顺序 equals CAG Path (outputs/zro2_single_line_pilot/pilot_protocol.json),-0.002185953791066774,0.014607804156623772,14.767279915563716,0.2675040924085894,0.2403631217584726,-0.5577997204976839,12.634626573014193,1.0445804312636167,0.9614524870338904,26404,True,0.0,0.0,289.5048653776853,1000,285.344768,17.834048,1.0
zro2_120_line,71,71,single,氧化锆/120组直线.cag,pilot_user_confirmed: DOE 加工顺序 equals CAG Path (outputs/zro2_single_line_pilot/pilot_protocol.json),-0.0023029452247098165,0.019137517637823898,12.982321413288531,0.3091243423182935,0.28820129458900695,-0.47587684230296645,2.880634391582416,0.7319316275072952,1.1528051783560278,23558,True,0.0,0.0,289.4830471290322,1000,285.344768,17.834048,1.0
zro2_120_line,72,72,single,氧化锆/120组直线.cag,pilot_user_confirmed: DOE 加工顺序 equals CAG Path (outputs/zro2_single_line_pilot/pilot_protocol.json),-0.0018144255152541609,0.018648966719558402,19.37502939074777,0.28320110655069203,0.2554460554883089,-0.4807420880423763,-10.406749320597138,0.620563856898239,1.0217842219532356,27976,True,0.0,0.0,289.4843591756717,1000,285.344768,17.834048,1.0
zro2_120_line,73,73,single,氧化锆/120组直线.cag,pilot_user_confirmed: DOE 加工顺序 equals CAG Path (outputs/zro2_single_line_pilot/pilot_protocol.json),-0.0015052488214440216,0.011831623921144424,8.635041405479429,0.34095498569645205,0.3041440432238957,-0.3079729480919582,3.3949406725644224,0.21171655244899723,1.2165761728955828,3742,True,0.0,0.0,289.4365059758269,1000,285.344768,17.834048,1.0
zro2_120_line,74,74,single,氧化锆/120组直线.cag,pilot_user_confirmed: DOE 加工顺序 equals CAG Path (outputs/zro2_single_line_pilot/pilot_protocol.json),-0.0014690223170775293,0.015170738265387507,13.795802638273669,0.3339984885286491,0.31740605041356584,-0.43390563349603894,-0.09251248535307023,0.8198502301340783,1.2696242016542634,24496,True,0.0,0.0,289.4716429698534,1000,285.344768,17.834048,1.0
zro2_120_line,75,75,single,氧化锆/120组直线.cag,pilot_user_confirmed: DOE 加工顺序 equals CAG Path (outputs/zro2_single_line_pilot/pilot_protocol.json),-0.0019626959378467603,0.017276833355149457,12.071230879107432,0.3292145122464278,0.30077177583615083,-0.5159576293372652,-11.298318847651776,0.18655147890284152,1.2030871033446033,16831,True,0.0,0.0,289.4937946363429,1000,285.344768,17.834048,1.0
zro2_120_line,76,76,single,氧化锆/120组直线.cag,pilot_user_confirmed: DOE 加工顺序 equals CAG Path (outputs/zro2_single_line_pilot/pilot_protocol.json),-0.0018336905555202479,0.018205099683048037,14.804223175921532,0.3338151987258046,0.29894918924261454,-0.5275186418959663,5.816399907781462,-0.04747378576010771,1.1957967569704582,25027,True,0.0,0.0,289.4968687163369,1000,285.344768,17.834048,1.0
zro2_120_line,77,77,single,氧化锆/120组直线.cag,pilot_user_confirmed: DOE 加工顺序 equals CAG Path (outputs/zro2_single_line_pilot/pilot_protocol.json),-0.0026960645670865515,0.012085611523823037,13.209388112477173,0.25989212255781546,0.24458690737104077,-0.41990497153287265,-3.3431380951225296,0.5297435199187719,0.9783476294841631,23659,True,0.0,0.0,289.46780472297206,1000,285.344768,17.834048,1.0
zro2_120_line,78,78,single,氧化锆/120组直线.cag,pilot_user_confirmed: DOE 加工顺序 equals CAG Path (outputs/zro2_single_line_pilot/pilot_protocol.json),-0.003362918230577054,0.018483674107224513,20.772836908912808,0.2618031368953827,0.246761653457102,-0.5060507525400055,-9.103685588070203,0.39589290992600606,0.987046613828408,24594,True,0.0,0.0,289.49115114401593,1000,285.344768,17.834048,1.0
zro2_120_line,79,79,single,氧化锆/120组直线.cag,pilot_user_confirmed: DOE 加工顺序 equals CAG Path (outputs/zro2_single_line_pilot/pilot_protocol.json),-0.0022123054912561646,0.015263799766015338,12.672724400105743,0.30949001596775494,0.29796771962937857,-0.529320888263328,2.6413401901134494,0.8792535056089815,1.1918708785175143,23709,True,0.0,0.0,289.4973468874467,1000,285.344768,17.834048,1.0
zro2_120_line,80,80,single,氧化锆/120组直线.cag,pilot_user_confirmed: DOE 加工顺序 equals CAG Path (outputs/zro2_single_line_pilot/pilot_protocol.json),-0.0015991788199315627,0.017283862013651063,15.355102522654574,0.3220895247283918,0.31009404666436624,-0.5701400580788913,2.1408774969256297,0.24030569955072134,1.240376186657465,14453,True,0.0,0.0,289.5081013566392,1000,285.344768,17.834048,1.0
zro2_120_line,81,81,single,氧化锆/120组直线.cag,pilot_user_confirmed: DOE 加工顺序 equals CAG Path (outputs/zro2_single_line_pilot/pilot_protocol.json),-0.0028873247040825997,0.014061642177853884,21.23822836604417,0.2875115730924683,0.27717038751461404,-0.5981587667918973,-18.705441199265714,0.5288261680105697,1.1086815500584561,25731,True,0.0,0.0,289.51539946571756,1000,285.344768,17.834048,1.0
zro2_120_line,82,82,single,氧化锆/120组直线.cag,pilot_user_confirmed: DOE 加工顺序 equals CAG Path (outputs/zro2_single_line_pilot/pilot_protocol.json),-0.003182204737605071,0.019601734666151893,14.240484335167455,0.25835717533956737,0.24273107812265554,-0.55973731115958,-7.588653324305268,1.089709768922909,0.9709243124906222,21917,True,0.0,0.0,289.5053743442209,1000,285.344768,17.834048,1.0
zro2_120_line,83,83,single,氧化锆/120组直线.cag,pilot_user_confirmed: DOE 加工顺序 equals CAG Path (outputs/zro2_single_line_pilot/pilot_protocol.json),-0.004422880497201441,0.013161204262108761,19.248168454767498,0.24542525357538408,0.23462225144960622,-0.5367152257020678,-18.655886232833144,0.9904901243494554,0.9384890057984249,22755,True,0.0,0.0,289.4993057923643,1000,285.344768,17.834048,1.0
zro2_120_line,84,84,single,氧化锆/120组直线.cag,pilot_user_confirmed: DOE 加工顺序 equals CAG Path (outputs/zro2_single_line_pilot/pilot_protocol.json),-0.003996322568926916,0.013050635430241542,10.162548480802641,0.2945277216184743,0.2754207539526732,-0.5207624059010527,10.291534716083348,0.8925368154775459,1.1016830158106927,10812,True,0.0,0.0,289.4950736408059,1000,285.344768,17.834048,1.0
zro2_120_line,85,85,single,氧化锆/120组直线.cag,pilot_user_confirmed: DOE 加工顺序 equals CAG Path (outputs/zro2_single_line_pilot/pilot_protocol.json),-0.004243453959722216,0.019912824767119197,21.967571835441834,0.26909122084301146,0.24952132133759794,-0.639022414038493,-11.757269570021558,-0.16107027620407854,0.9980852853503918,22338,True,0.0,0.0,289.5259209252477,1000,285.344768,17.834048,1.0
zro2_120_line,86,86,single,氧化锆/120组直线.cag,pilot_user_confirmed: DOE 加工顺序 equals CAG Path (outputs/zro2_single_line_pilot/pilot_protocol.json),-0.0038666018256313115,0.014690246057115885,12.41798018492464,0.2604246634240791,0.24352003947280332,-0.5487973960132138,-6.829234879447592,-0.12378469419545968,0.9740801578912133,18965,True,0.0,0.0,289.5024963634809,1000,285.344768,17.834048,1.0
zro2_120_line,87,87,single,氧化锆/120组直线.cag,pilot_user_confirmed: DOE 加工顺序 equals CAG Path (outputs/zro2_single_line_pilot/pilot_protocol.json),-0.0029314192208722027,0.016616536287052064,12.583763626757893,0.26216812576310633,0.2404902844122367,-0.5173926724887679,4.891114940879019,0.1449070870126319,0.9619611376489468,18919,True,0.0,0.0,289.494176847021,1000,285.344768,17.834048,1.0
zro2_120_line,88,88,single,氧化锆/120组直线.cag,pilot_user_confirmed: DOE 加工顺序 equals CAG Path (outputs/zro2_single_line_pilot/pilot_protocol.json),-0.002118270259693479,0.013503330593279461,16.170326534295526,0.230713967963442,0.2141807530336693,-0.4737634254089187,-10.056708791440599,0.0665940388938939,0.8567230121346772,20085,True,0.0,0.0,289.4824765470357,1000,285.344768,17.834048,1.0
zro2_120_line,89,89,single,氧化锆/120组直线.cag,pilot_user_confirmed: DOE 加工顺序 equals CAG Path (outputs/zro2_single_line_pilot/pilot_protocol.json),-0.002123903157980632,0.01887649851444939,11.182078095279508,0.3039608682164852,0.28622385594159866,-0.527286322976039,3.407455029481834,0.5759681625142641,1.1448954237663946,19970,True,0.0,0.0,289.4968070570433,1000,285.344768,17.834048,1.0
zro2_120_line,90,90,single,氧化锆/120组直线.cag,pilot_user_confirmed: DOE 加工顺序 equals CAG Path (outputs/zro2_single_line_pilot/pilot_protocol.json),-0.004013999780943372,0.015225145139158625,16.902070489564604,0.2960053707987175,0.27331264654576987,-0.49039393118030716,-3.854643895109548,1.1841642877158278,1.0932505861830795,17660,True,0.0,0.0,289.4869559667461,1000,285.344768,17.834048,1.0
zro2_120_line,91,91,single,氧化锆/120组直线.cag,pilot_user_confirmed: DOE 加工顺序 equals CAG Path (outputs/zro2_single_line_pilot/pilot_protocol.json),-0.0032042605456188067,0.01857761708247807,14.87808315568415,0.2392710865362395,0.23101361483782043,-0.5453450591350304,6.715923911646992,1.1470689865363588,0.9240544593512817,17562,True,0.0,0.0,289.5015859911548,1000,285.344768,17.834048,1.0
zro2_120_line,92,92,single,氧化锆/120组直线.cag,pilot_user_confirmed: DOE 加工顺序 equals CAG Path (outputs/zro2_single_line_pilot/pilot_protocol.json),-0.0031779414689940806,0.01690761390032991,13.82476769801318,0.22648330579222503,0.21621255837916828,-0.4585430967304944,3.769863211906662,0.8390195056477374,0.8648502335166731,19752,True,0.0,0.0,289.47835587896753,1000,285.344768,17.834048,1.0
zro2_120_line,93,93,single,氧化锆/120组直线.cag,pilot_user_confirmed: DOE 加工顺序 equals CAG Path (outputs/zro2_single_line_pilot/pilot_protocol.json),-0.003899972004517861,0.020916538387726783,13.478857381639365,0.2595870318966537,0.23607598547167177,-0.5799494689034077,-7.299118575538448,0.1582573423962229,0.9443039418866871,18984,True,0.0,0.0,289.5106642080458,1000,285.344768,17.834048,1.0
zro2_120_line,94,94,single,氧化锆/120组直线.cag,pilot_user_confirmed: DOE 加工顺序 equals CAG Path (outputs/zro2_single_line_pilot/pilot_protocol.json),-0.0030435153915592604,0.014482420482706981,16.933678287716333,0.24872395019132282,0.23813110410148386,-0.44040485876655566,-7.278911909742503,0.6112090013427799,0.9525244164059354,20960,True,0.0,0.0,289.47341892345224,1000,285.344768,17.834048,1.0
zro2_120_line,95,95,single,氧化锆/120组直线.cag,pilot_user_confirmed: DOE 加工顺序 equals CAG Path (outputs/zro2_single_line_pilot/pilot_protocol.json),-0.00261148712368929,0.020747374739892605,6.785033792848859,0.2551669500605609,0.2432217813237917,-0.6093871923399945,-1.1130211449715819,1.2588894553693815,0.9728871252951669,12729,True,0.0,0.0,289.51830500050636,1000,285.344768,17.834048,1.0
zro2_120_line,96,96,single,氧化锆/120组直线.cag,pilot_user_confirmed: DOE 加工顺序 equals CAG Path (outputs/zro2_single_line_pilot/pilot_protocol.json),-0.0021464178469278905,0.01791901647794769,16.306518802987256,0.25555571664428733,0.23994285060167062,-0.363302412904261,-0.5556344011365039,0.2360818491184038,0.9597714024066825,13766,True,0.0,0.0,289.45211351672,1000,285.344768,17.834048,1.0
zro2_120_line,97,97,single,氧化锆/120组直线.cag,pilot_user_confirmed: DOE 加工顺序 equals CAG Path (outputs/zro2_single_line_pilot/pilot_protocol.json),-0.0037976711360784626,0.01397287332998065,14.347867092544199,0.3030127383825002,0.29124942959974226,-0.448751949441089,8.392876641933123,0.9544704113447695,1.164997718398969,20300,True,0.0,0.0,289.47569442951925,1000,285.344768,17.834048,1.0
zro2_120_line,98,98,single,氧化锆/120组直线.cag,pilot_user_confirmed: DOE 加工顺序 equals CAG Path (outputs/zro2_single_line_pilot/pilot_protocol.json),-0.0030467119062740976,0.018884278876219254,15.426242075287513,0.2488333336225565,0.24062286237695588,-0.49306877848448494,0.8569519571577082,2.0198574833962155,0.9624914495078235,19238,True,0.0,0.0,289.48767419037927,1000,285.344768,17.834048,1.0
zro2_120_line,99,99,single,氧化锆/120组直线.cag,pilot_user_confirmed: DOE 加工顺序 equals CAG Path (outputs/zro2_single_line_pilot/pilot_protocol.json),-0.0029569817814693758,0.019086645018388693,9.826032868014567,0.23718222333599237,0.22330443539656453,-0.5434354447726832,-3.112429814411744,1.5065223246206405,0.8932177415862581,18040,True,0.0,0.0,289.5010819855272,1000,285.344768,17.834048,1.0
zro2_120_line,100,100,single,氧化锆/120组直线.cag,pilot_user_confirmed: DOE 加工顺序 equals CAG Path (outputs/zro2_single_line_pilot/pilot_protocol.json),-0.0026085211539673024,0.02345540314758532,12.303164117351416,0.26997893984184984,0.25796837559145136,-0.4778802270065512,-2.7840999987866755,1.8246835998199757,1.0318735023658054,16132,True,0.0,0.0,289.48358764583344,1000,285.344768,17.834048,1.0
zro2_120_line,101,101,single,氧化锆/120组直线.cag,pilot_user_confirmed: DOE 加工顺序 equals CAG Path (outputs/zro2_single_line_pilot/pilot_protocol.json),-0.00322690127549531,0.015571038353276778,19.024120001200632,0.2588939103053693,0.23896433720906654,-0.48497269082980665,1.3007867192454328,1.6536088023021014,0.9558573488362662,21775,True,0.0,0.0,289.4854984002561,1000,285.344768,17.834048,1.0
zro2_120_line,102,102,single,氧化锆/120组直线.cag,pilot_user_confirmed: DOE 加工顺序 equals CAG Path (outputs/zro2_single_line_pilot/pilot_protocol.json),-0.0022072291600333895,0.019461006197068365,6.819367335471784,0.27632039631032795,0.2535339790150148,-0.44270782738334447,2.307682914904888,0.4293787548243736,1.0141359160600592,13132,True,0.0,0.0,289.4740473425133,1000,285.344768,17.834048,1.0
zro2_120_line,103,103,single,氧化锆/120组直线.cag,pilot_user_confirmed: DOE 加工顺序 equals CAG Path (outputs/zro2_single_line_pilot/pilot_protocol.json),-0.0028303093317365332,0.021565763728422782,15.723204710245472,0.29291951760721907,0.2765467062189121,-0.6062720439395264,-2.0938258120702455,0.4494790927727005,1.1061868248756483,18250,True,0.0,0.0,289.51750000509537,1000,285.344768,17.834048,1.0
zro2_120_line,104,104,single,氧化锆/120组直线.cag,pilot_user_confirmed: DOE 加工顺序 equals CAG Path (outputs/zro2_single_line_pilot/pilot_protocol.json),-0.0038106741453801485,0.010386405362742046,14.277695706656328,0.24957590865746634,0.23574099016107106,-0.46307403410310144,-0.6346159541793358,0.41389834754040333,0.9429639606442842,18244,True,0.0,0.0,289.4795846659488,1000,285.344768,17.834048,1.0
zro2_120_line,105,105,single,氧化锆/120组直线.cag,pilot_user_confirmed: DOE 加工顺序 equals CAG Path (outputs/zro2_single_line_pilot/pilot_protocol.json),-0.005455785387775346,0.009019346779010173,17.426803215250583,0.28642879047117986,0.2688206110903973,-0.4394628126491966,-0.5023163340743346,1.5023827244039307,1.0752824443615892,21309,True,0.0,0.0,289.47316173113313,1000,285.344768,17.834048,1.0
zro2_120_line,106,106,single,氧化锆/120组直线.cag,pilot_user_confirmed: DOE 加工顺序 equals CAG Path (outputs/zro2_single_line_pilot/pilot_protocol.json),-0.0026626940858957004,0.021937365711962364,18.037664998347967,0.32739640482029914,0.29491033292009117,-0.5932409080836862,3.1880110831226336,0.9164884304877681,1.1796413316803647,17383,True,0.0,0.0,289.5141234380239,1000,285.344768,17.834048,1.0
zro2_120_line,107,107,single,氧化锆/120组直线.cag,pilot_user_confirmed: DOE 加工顺序 equals CAG Path (outputs/zro2_single_line_pilot/pilot_protocol.json),-0.002688795029188213,0.016792932158771423,9.004549959130834,0.27973846835918564,0.266712051304267,-0.5646077292240648,-0.048218697395204145,0.737298434356171,1.066848205217068,17283,True,0.0,0.0,289.5066522643235,1000,285.344768,17.834048,1.0
zro2_120_line,108,108,single,氧化锆/120组直线.cag,pilot_user_confirmed: DOE 加工顺序 equals CAG Path (outputs/zro2_single_line_pilot/pilot_protocol.json),-0.0025054749920229084,0.01957715008992178,12.34028509050854,0.29083807857284166,0.28033297493504766,-0.43541598154396866,0.8750743682764177,0.8770724498817629,1.1213318997401907,19417,True,0.0,0.0,289.47205600944,1000,285.344768,17.834048,1.0
zro2_120_line,109,109,single,氧化锆/120组直线.cag,pilot_user_confirmed: DOE 加工顺序 equals CAG Path (outputs/zro2_single_line_pilot/pilot_protocol.json),-0.0020342409054236637,0.019174919944535684,8.256318384708022,0.2961586238128801,0.2747523990394826,-0.4356207230239022,0.062321018361509176,-1.2965896825781087,1.0990095961579305,8610,True,0.0,0.0,289.47211198546256,1000,285.344768,17.834048,1.0
zro2_120_line,110,110,single,氧化锆/120组直线.cag,pilot_user_confirmed: DOE 加工顺序 equals CAG Path (outputs/zro2_single_line_pilot/pilot_protocol.json),-0.0017453921634969648,0.014784445717374695,15.389823989833866,0.26335754332259204,0.25008796442804826,-0.5909829512507656,-15.293763307787506,0.9301694389146304,1.000351857712193,20628,True,0.0,0.0,289.5135368655499,1000,285.344768,17.834048,1.0
zro2_120_line,111,111,single,氧化锆/120组直线.cag,pilot_user_confirmed: DOE 加工顺序 equals CAG Path (outputs/zro2_single_line_pilot/pilot_protocol.json),0.0001317791234393571,0.01649728722347943,11.895573037003183,0.3031877336314912,0.2832028577781163,-0.5735726832326975,-12.73557057890395,0.7311716991357705,1.1328114311124653,16790,True,0.0,0.0,289.5089991318011,1000,285.344768,17.834048,1.0
zro2_120_line,112,112,single,氧化锆/120组直线.cag,pilot_user_confirmed: DOE 加工顺序 equals CAG Path (outputs/zro2_single_line_pilot/pilot_protocol.json),-0.0006494337678364015,0.01979294416282329,11.345172746871564,0.3285383305603791,0.31910153724352736,-0.6348005138563906,-7.21299787212561,0.394744501112991,1.2764061489741094,14891,True,0.0,0.0,289.5248406094179,1000,285.344768,17.834048,1.0
zro2_120_line,113,113,single,氧化锆/120组直线.cag,pilot_user_confirmed: DOE 加工顺序 equals CAG Path (outputs/zro2_single_line_pilot/pilot_protocol.json),-0.0011620300282428402,0.015452425397482372,19.72014859709849,0.29461092607023925,0.2781314493118078,-0.6893484223527935,-19.195119502326012,-0.050247173374567106,1.112525797247231,23410,True,0.0,0.0,289.5386791509217,1000,285.344768,17.834048,1.0
zro2_120_line,114,114,single,氧化锆/120组直线.cag,pilot_user_confirmed: DOE 加工顺序 equals CAG Path (outputs/zro2_single_line_pilot/pilot_protocol.json),-0.0011484000152918547,0.015947491732267505,10.656779742720454,0.3691181670402455,0.3433544833069473,-0.4338430377434861,-2.4772524800972864,0.009671668412076416,1.3734179332277892,12357,True,0.0,0.0,289.47162584731694,1000,285.344768,17.834048,1.0
zro2_120_line,115,115,single,氧化锆/120组直线.cag,pilot_user_confirmed: DOE 加工顺序 equals CAG Path (outputs/zro2_single_line_pilot/pilot_protocol.json),-0.0017147600726914306,0.01445306527784851,15.30318166277783,0.3954136005354857,0.3804405623947107,-0.4912067495326369,0.4907390803304718,1.0667370754272663,1.5217622495788428,23330,True,0.0,0.0,289.4871742825284,1000,285.344768,17.834048,1.0
zro2_120_line,116,116,single,氧化锆/120组直线.cag,pilot_user_confirmed: DOE 加工顺序 equals CAG Path (outputs/zro2_single_line_pilot/pilot_protocol.json),-0.003610471597699336,0.02052781265214071,18.362710664720066,0.3059599619133896,0.27992345945804464,-0.4486927920634969,4.498058146920987,0.9404480508992695,1.1196938378321786,25030,True,0.0,0.0,289.4756783239044,1000,285.344768,17.834048,1.0
zro2_120_line,117,117,single,氧化锆/120组直线.cag,pilot_user_confirmed: DOE 加工顺序 equals CAG Path (outputs/zro2_single_line_pilot/pilot_protocol.json),-0.0018530312391823638,0.013948861878482877,11.621175908330374,0.3179605250732058,0.2941743392912239,-0.3730723401375826,-7.592966817817505,1.0352344182003113,1.1766973571648955,15701,True,0.0,0.0,289.45484180250463,1000,285.344768,17.834048,1.0
zro2_120_line,118,118,single,氧化锆/120组直线.cag,pilot_user_confirmed: DOE 加工顺序 equals CAG Path (outputs/zro2_single_line_pilot/pilot_protocol.json),-0.0023668513669676803,0.01952639431734582,10.811784283364434,0.28499028506292884,0.26211495634773674,-0.41069805218444344,-8.928348942258504,-0.28622703228910157,1.048459825390947,19621,True,0.0,0.0,289.4652713785468,1000,285.344768,17.834048,1.0
zro2_120_line,119,119,single,氧化锆/120组直线.cag,pilot_user_confirmed: DOE 加工顺序 equals CAG Path (outputs/zro2_single_line_pilot/pilot_protocol.json),-0.001559001019892792,0.012462655473616024,20.64497373061237,0.39701263832594147,0.3367660136727791,-0.28890407985085176,-0.6670420366154883,0.660596347434764,1.3470640546911163,23899,True,0.0,0.0,289.4310652810468,1000,285.344768,17.834048,1.0
zro2_120_line,120,120,single,氧化锆/120组直线.cag,pilot_user_confirmed: DOE 加工顺序 equals CAG Path (outputs/zro2_single_line_pilot/pilot_protocol.json),-0.0017487418461650179,0.011090950851607495,19.020615772861667,0.2958098377569542,0.25814170677733445,-0.5018786501636328,-3.015531880165704,0.9015725847117038,1.0325668271093378,28688,True,0.0,0.0,289.49003533079116,1000,285.344768,17.834048,1.0
