base_condition_group,dataset_index,pass_count,median_depth_um,p_lt8,p_8_16,p_16_32,p_32_64,p_64_inf,ilr_z1,ilr_z2,ilr_z3,ilr_z4
T01,174,1,1.2932,0.30694810326919,0.5141086157929576,0.1191415318723256,0.0259025694509861,0.0338991796145405,2.3353519652934187,-0.3646944726413303,1.1361106057355643,-0.1902461203203511
T01,172,2,3.1857,0.1527525041228646,0.7385844374380425,0.02816964012631,0.0110174508348814,0.0694759674779013,2.72825187481373,-1.1143412015365697,0.0147084743785718,-1.3021374527966392
T01,173,3,5.0919,0.1299220905554827,0.7192385949231982,0.0682505580499084,0.0148026922272253,0.0677860642441854,2.203064589087929,-1.210042262040108,0.6267450282357122,-1.0758965977340815
T01,175,4,7.1437,0.0309461381873128,0.2465341404848374,0.3267848463695499,0.2972331467157679,0.0985017282425319,-0.9728538054233064,-1.467424952332843,0.5282786171692017,0.7809589530006653
T01,120,5,8.9544,0.1351092056192423,0.6385208994142718,0.0725450483418546,0.0275842370502221,0.126240609574409,1.6826821247112294,-1.0981870534730027,0.1685989002035417,-1.0754706630206006
T01,121,6,10.9478,0.0723014262592042,0.4811787196938457,0.0439431813589117,0.0670396593760196,0.3355370133120188,0.6871032724797917,-1.3402465894892082,-1.002340067884325,-1.1387586293597391
T02,153,1,0.0514,0.0128819232122992,0.0287520199617658,0.0651072049719804,0.0978885652322499,0.7953702866217046,-2.3978830409616974,-0.5677240117208077,-1.1882340349734624,-1.4813731738016214
T02,154,2,26.9237,0.0186631785496812,0.0328626821146418,0.0834847957060579,0.1965381216685182,0.6684512219611007,-2.4034609864712744,-0.4000705590825106,-1.1988173439702507,-0.8655743687889441
T02,155,3,37.0013,0.0238871476478039,0.0416435958762092,0.1172075268204676,0.1506713113941119,0.6665904182614075,-2.164413458308486,-0.3930149251358204,-0.812162746104749,-1.051520868392536
T02,152,4,43.127,0.0184496493968137,0.0364217616612413,0.0387901462298985,0.0790732357081896,0.8272652070038568,-1.818931228091664,-0.4809182251615883,-1.5399808450738612,-1.6601105620665606
T02,126,5,49.354,0.0444704307591716,0.0358979214122202,0.0346405768714483,0.1012466196934094,0.7837444512637503,-1.3742038515901422,0.1514234499286074,-1.7112098021446192,-1.4471107808324488
T02,127,6,52.27,0.0166276045512814,0.0193368950472122,0.0221399825457146,0.0773431114049962,0.8645524064507953,-2.025927085365021,-0.1067382582778436,-2.0068233296539386,-1.7069277741766251
T03,140,1,3.3935,0.1743814965462763,0.3013360338424688,0.3460073866039055,0.1406463195784471,0.0376287634289023,0.6878409162066531,-0.3867737094612926,1.2732868736711351,0.9323058834134388
T03,141,2,35.7216,0.1209586054446786,0.2359916126573756,0.1791255969417622,0.0908207447074144,0.3731034402487691,-0.0839708606934258,-0.4725933192029717,-0.0222776964640953,-0.9991192370373236
T03,142,3,44.4284,0.0860248571342413,0.1697483102128793,0.1478020456648818,0.1873365058556612,0.4090882811323361,-0.6789136743991915,-0.480606705362266,-0.5123882558108717,-0.5522677080506408
T03,143,4,50.9061,0.0430763537716184,0.0670632467328167,0.2642840207559115,0.3338741432397412,0.291702235499912,-1.8661296266933656,-0.3130092631134917,-0.1357217047930937,0.0954810280208419
T04,197,1,2.9207,0.2386628738432469,0.1036259524185608,0.0999386129469168,0.0300337525279657,0.5277388082633095,0.3280055690796212,0.5899138604097636,-0.1885335755839388,-2.026765774814945
T04,199,2,6.0829,0.1876919870004614,0.1371810986872629,0.083036477306195,0.0918084974690532,0.5002819395370273,0.0292117295962826,0.2216781958750436,-0.7741680440966823,-1.198876184843114
T04,198,3,9.4158,0.2396096141015226,0.1707622685467746,0.1358589858141608,0.088571584687501,0.365197546850041,0.2311600996990612,0.2395243924105265,-0.2290332372495823,-1.001706798413054
T04,196,4,12.8074,0.1564169377600096,0.0937627138652451,0.0641443231042566,0.0451849270763143,0.6404910981941744,-0.0161380208625546,0.3618674458676895,-0.796381206379574,-1.8748735934310905
T05,160,1,9.4616,0.3279079697437324,0.5088771820307446,0.1200156092797799,0.0318538338636198,0.0113454050821232,2.687425245666613,-0.3107548375241632,1.5045064236457322,0.7299780961986548
T05,161,2,17.772,0.2842447436255917,0.3550479848987524,0.1753762464445127,0.0369544769853224,0.1483765480458206,1.280487393046402,-0.1572727872297372,0.7039944571700516,-0.9829254362997352
T05,163,3,25.3133,0.1113864188445996,0.4710725716838595,0.1986920710746604,0.0475265648677331,0.1713223735291474,0.7322810641455765,-1.0196527553436392,0.6444920506691145,-0.9066934627430144
T05,162,4,30.9608,0.041026057051733,0.0687775708107536,0.1439913593914153,0.099453192226916,0.6467518205191819,-1.5057898723930696,-0.3653410610632664,-0.4621955065415298,-1.323898725165732
T06,176,1,11.4691,0.0727134301140889,0.1664049856670875,0.2707061595603883,0.316684876496576,0.1734905481618591,-0.8813361257003838,-0.5854125650361839,0.1175908503030309,0.425525602752429
T06,177,2,21.2453,0.1649415179423839,0.1705521628824458,0.0557540648836159,0.0635835150646144,0.5451687392269398,0.3259125683803568,-0.0236528747301991,-0.9845107398282524,-1.5193894172152391
T06,178,3,29.0683,0.0717088557736304,0.1096771945811592,0.083488581434631,0.049144897984793,0.6859804702257862,-0.5094179475787771,-0.3004689083387473,-0.643481954836589,-1.863987301622592
T06,179,4,35.5795,0.0598551420487749,0.08059610386861,0.0732070339915588,0.0601787544280411,0.7261629656630151,-0.8238911588599974,-0.2103805063433689,-0.8567134529598908,-1.7610176800445978
T06,128,5,40.7252,0.0980844840742901,0.0803054078882494,0.0395151690780891,0.0416072481233325,0.7404876908360386,-0.2025729204927113,0.1414158584405125,-1.217483826762214,-2.0357849065883613
T06,129,6,42.3187,0.03645413429325,0.0576252109113285,0.0395075259678474,0.0476779286212601,0.8187352002063136,-1.0128112783121193,-0.3237879326389415,-1.3142520516668177,-2.0105111475976174
T07,189,1,2.9421,0.2976922399883625,0.1838437744363198,0.1075150043328529,0.0665331996881169,0.3444157815543477,0.6017786641180181,0.3408069820378084,-0.2793601554467712,-1.162588573653418
T07,190,2,7.0206,0.4039311878752125,0.2090658333441498,0.0874520541401252,0.0498690329409954,0.2496818916995167,1.1374963330966654,0.4656972323647224,-0.1989828790428266,-1.1389987265820636
T07,191,3,10.3754,0.0018144156918754,0.0024359757659457,0.032708053588315,0.0742143651415701,0.8888271898122937,-4.511523361514028,-0.2083022863756323,-1.682643458278135,-1.7557073159184795
T07,188,4,13.6042,0.125257615638704,0.0702510568476217,0.0792016095532482,0.0742020012531355,0.6510877167072902,-0.5600500673241064,0.4089178641829663,-0.8334153098605733,-1.535732163462657
T07,136,5,17.7978,0.1028222909555381,0.0563523977609129,0.0485811572897482,0.0886765096411975,0.7035676443526031,-0.7038068206341906,0.4252380211941015,-1.3368855980159415,-1.4645376455961272
T07,137,6,21.2544,0.0383087711770481,0.0178501649678079,0.0266848854690785,0.0666966491357999,0.8504595292502652,-1.6207079106431923,0.5399935007442697,-1.787203607251548,-1.8000266578979682
T08,149,1,3.9601,0.0612143565986849,0.1328859474968257,0.167415942598039,0.2887471691766232,0.349736584129827,-1.1456178333389708,-0.5480851664681791,-0.5232799753761848,-0.1355020213221319
T08,148,2,29.4464,0.0866429390622887,0.401710597995235,0.1530884814661828,0.1079479121421175,0.2506100693341757,0.1642174725294053,-1.0846568296883292,-0.0585897164249389,-0.5955602669668637
T08,150,3,38.5678,0.1319735954017546,0.1886239553165941,0.1714457058799206,0.0588597350536702,0.4490970083480607,-0.0522625629574003,-0.2525456694938448,0.0433302917742516,-1.436898733826959
T08,151,4,44.2194,0.0566995947075989,0.1255392642729608,0.2216351454103476,0.1727374584945551,0.4233885371145375,-1.203352751763411,-0.5620448925305433,-0.1624820293685994,-0.6339335500093093
T08,124,5,47.4393,0.0139458484855008,0.0216273774759846,0.0459204288568025,0.1332921989600497,0.7852141462216621,-2.490931732030893,-0.3102629865565866,-1.5940789343956272,-1.2539921992380745
T08,125,6,52.2079,0.173064488915682,0.2068033665429163,0.1072543960188895,0.0367875927053739,0.476090155817138,0.4681850826390861,-0.1259386369398779,-0.1716115705788582,-1.8105091577522692
T09,182,1,6.8128,0.1299184882741991,0.2227624333178619,0.5462644494589487,0.0681016187162349,0.0329530102327554,0.5076777904708379,-0.3812710159046805,1.9963842730047148,0.5133018007402409
T09,183,2,22.3581,0.0370877599694834,0.7202682584473413,0.1730908346032604,0.0238558727425999,0.0456972742373149,1.1471064860214593,-2.0975168160602387,1.3527568176833369,-0.4596252257140072
T09,180,3,30.3552,0.0493143819264861,0.4111016568530389,0.0924233291222272,0.0501803580373813,0.3969802740608661,0.164205299733581,-1.4995081502942065,-0.3456848176245672,-1.462482733162149
T09,181,4,36.6176,0.1136640574206662,0.2658185167522623,0.2746861050764241,0.063800630829844,0.2820306899208034,0.0221585103145435,-0.6007342862334806,0.5852153702935383,-1.0509394451797336
T10,170,1,6.387,0.3222192099555758,0.3336929555162605,0.2046372597808515,0.0637714407087469,0.0756791340385651,1.3054540541846795,-0.0247410900691029,0.8820898174263312,-0.1210545807846844
T10,168,2,12.6613,0.2334016215666083,0.1913327549278874,0.0732233529612149,0.1188583860618312,0.3831838844824579,0.3798273314539622,0.1405350564302773,-0.8734141257571413,-0.8277266389481224
T10,169,3,19.7162,0.139110901392404,0.1842514902661812,0.0972125915663911,0.11686070103686,0.4625643157381632,-0.0903044279722172,-0.1987183265929584,-0.7119718535876758,-0.9728396112795556
T10,171,4,25.5787,0.1824824752859547,0.2025555550279888,0.1880534564447802,0.1358203682629237,0.2910881449783524,-0.0164985263808695,-0.0737937005648459,-0.045522454633123,-0.5390225028288831
T10,138,5,28.9433,0.2343816994045673,0.1847908933976274,0.3851598078569335,0.1240140820867894,0.0716535172540823,0.3535980312764513,0.1680977377995088,1.1492513118229006,0.3878854626476209
T10,139,6,32.6052,0.3288790109967376,0.1798468419549713,0.1628379067696164,0.087878949782886,0.2405572904957885,0.5221692838112402,0.4267985690410076,0.0925057827113776,-0.7120550991915953
T11,186,1,0.2429,0.5068174730020572,0.1825270019056839,0.0834120425198423,0.0280404329832627,0.199203049589154,1.4974036238948971,0.7221347853067828,0.0896567254799913,-1.3864081088644644
T11,187,2,2.0076,0.4607508265488793,0.1519809787257946,0.0776302559769007,0.0256262164277165,0.2840117223207086,1.274488490525181,0.7842535575418991,-0.0770433616661463,-1.700874373152231
T11,184,3,3.3878,0.1034720292099907,0.0631820767179308,0.0387458916919257,0.0283408624808966,0.7662591398992559,-0.1697453638953186,0.3488021013448888,-1.0907478309030922,-2.331483614536927
T11,185,4,5.1213,0.4280997709005885,0.1389519509063684,0.0827897128580899,0.044263006506616,0.3058955588283371,0.9349733256178882,0.7956564068517197,-0.277929462509593,-1.3669042098656063
T12,159,1,8.4816,0.2697822138304012,0.4015733472101155,0.1376883961962855,0.034705954019306,0.1562500887438917,1.4117167627239788,-0.2812695282973182,0.5109705628363451,-1.0638751026033906
T12,157,2,16.2982,0.1159105787829061,0.2648002595102144,0.2476510805374069,0.1146580637726543,0.2569800173968182,-0.1114729525653925,-0.5841810634522199,0.2992823208716321,-0.570666276560083
T12,158,3,23.4702,0.220039950522787,0.4961240478265122,0.2172985923591921,0.0178172345045051,0.0487201747870032,1.918278062773774,-0.5748897410971575,1.6314766779846064,-0.7112977970838272
T12,156,4,28.7588,0.1115382195938841,0.4358789631566422,0.129235709623682,0.1602168902072193,0.1631302174185722,0.4217035348136134,-0.9637846254921072,-0.1828141298692643,-0.0127422767948722
T12,132,5,32.688,0.2482358777267946,0.3514324181582739,0.1251292899671758,0.0285386504419942,0.2466637637057614,1.232727130860476,-0.2458171955326751,0.3263575992791173,-1.5250644327693037
T12,133,6,34.7831,0.1828645983080574,0.4003815440220855,0.2087272660658339,0.0439739633808505,0.1640526282231726,0.9409626869370036,-0.5541397666900933,0.7341414321818878,-0.9309694078383698
T13,193,1,1.2348,0.2690524332539119,0.5261741447507422,0.1116140320737963,0.0338540034242549,0.0593053864972947,1.9977280526974803,-0.474274868869831,0.7451903653953813,-0.3964343784937665
T13,194,2,3.7196,0.3608115784149789,0.3517594854261314,0.1152462418776469,0.0281145231311569,0.1440681711500858,1.6699371960629004,0.0179663222611397,0.4848231231689481,-1.155412705378168
T13,195,3,5.9768,0.2387928117061545,0.2138727626229319,0.1933082294283407,0.090555686090553,0.2634705101520198,0.3349410869107767,0.0779337797703519,0.1831669209698365,-0.7551734029479078
T13,192,4,7.6827,0.2300960384325308,0.2693234213407359,0.1907240526838704,0.055895162061334,0.2539613254815286,0.6354046005803358,-0.1113100533321576,0.3841597807087958,-1.0703504786751554
T13,130,5,9.9757,0.1662760914935347,0.2186092713118247,0.1407050283595734,0.0431538873075261,0.431255721527541,0.3553857481832447,-0.1934901388372158,0.025253286401164,-1.627709417518276
T13,131,6,11.856,0.0959282627585313,0.1629661230210303,0.0923607707681964,0.1538930880860027,0.494851755366239,-0.4675740236083243,-0.3747253667221319,-0.8937011100974231,-0.8259007950195495
T14,166,1,2.3888,0.131864591286709,0.6945002041668196,0.0716871927000082,0.0550310716070149,0.0469169402394482,1.828978227291688,-1.1747991448331432,0.2810166668679553,0.1127970759845476
T14,165,2,7.957,0.0572278093960777,0.7778128600771657,0.0719259328344129,0.0280289185231204,0.0650044791692229,1.55989888462234,-1.8451569596223183,0.4260400768995118,-0.594831939533045
T14,164,3,11.0416,0.0738342814440951,0.6764301662347564,0.0840533278558371,0.0196130101566055,0.1460692143087059,1.4008016720901542,-1.5662458140815316,0.3684968262547267,-1.4197908320725725
T14,167,4,15.4212,0.0022327678920304,0.0301198360435335,0.0091307090722022,0.0700192542684931,0.8884974327237405,-2.5331461376398523,-1.8398507875353969,-2.7005686925936545,-1.7965896810320718
T14,122,5,17.1229,0.0689635196317126,0.4406507189391591,0.0904637052332133,0.0275595556110118,0.3723625005849029,0.6359348889382574,-1.311453182628654,-0.0923946384165214,-1.8409656019449188
T14,123,6,19.3299,0.0416687597581662,0.2878314041029171,0.0594657330665021,0.0422306012170434,0.5688035018553712,-0.0306324760436561,-1.3665709876867056,-0.7821546028736771,-1.8387533528533468
T15,147,1,18.3309,0.1029819131885661,0.1558258281900654,0.2919908929436786,0.24945334196451,0.1997480237131797,-0.7186531806043723,-0.2928733932939545,0.2192769517417443,0.15712987533545
T15,145,2,30.3235,0.0942325732618988,0.1444384491418675,0.337370850901599,0.1377284764536379,0.2862296502409966,-0.7760616524833731,-0.3019965021691972,0.4328603141837531,-0.5172558769825538
T15,146,3,36.1399,0.1091754604511518,0.1241892480864522,0.1106121151008821,0.1031645833256382,0.5528585930358757,-0.5058448308442649,-0.0911109063822424,-0.6284446089718912,-1.1870743538149608
T15,144,4,40.296,0.0639313492759867,0.0980992963841571,0.2842038523384373,0.2581532534087245,0.2956122485926943,-1.3790225383956536,-0.3027621608401571,0.0231809513553202,-0.0958095822060042
T15,134,5,40.9119,0.2325292340215332,0.1717238418083919,0.1137931762067282,0.0256294818020688,0.4563242661612778,0.6539901582468458,0.2143441042381721,0.0415670755364736,-2.0360859361354837
T15,135,6,40.9057,0.1345226446133213,0.2134341511893796,0.1477962332666596,0.1661934259507028,0.3380535449799363,-0.1952082429533842,-0.3263975298544828,-0.3856670899364486,-0.5020825654197272
