加工顺序,s_um,depth_p95_um,width_um,included_in_stable_region
13,-100,11.27561412,12.27878212,0
13,-99,12.99703846,12.45907706,0
13,-98,13.51623056,12.38092295,0
13,-97,14.23489213,12.21829899,0
13,-96,13.75320724,12.13130792,0
13,-95,13.46898438,12.16963165,0
13,-94,13.56638184,12.26599111,0
13,-93,14.46179277,11.9411235,0
13,-92,14.37213326,11.66187942,0
13,-91,13.72841841,11.50991687,0
13,-90,13.83029584,11.74404907,0
13,-89,13.95128878,11.78874295,0
13,-88,13.91223076,11.5065768,0
13,-87,14.29641844,11.86335507,0
13,-86,14.48984669,12.09938149,0
13,-85,16.80407898,12.44889787,0
13,-84,17.86437124,12.81900457,0
13,-83,16.83353495,12.78303194,0
13,-82,17.34758644,13.33884081,0
13,-81,17.56909629,13.34174992,0
13,-80,17.19574874,12.59654578,0
13,-79,16.59875165,12.9275245,0
13,-78,15.62646016,13.22578843,0
13,-77,15.22589618,13.22495132,0
13,-76,15.76677736,13.30722189,1
13,-75,14.56319569,12.79396626,1
13,-74,14.37213533,12.30526511,1
13,-73,14.20725412,12.38479376,1
13,-72,14.38696266,12.78017242,1
13,-71,14.49390576,12.82311797,1
13,-70,16.17965423,12.09604913,1
13,-69,13.80641085,12.24959368,1
13,-68,13.26316398,12.22376432,1
13,-67,15.99353104,11.83058424,1
13,-66,15.90370758,11.39492847,1
13,-65,15.62689388,11.0837681,1
13,-64,14.46304107,11.45001051,1
13,-63,11.84683227,12.15115216,1
13,-62,14.00837539,11.98153864,1
13,-61,12.28653973,12.18139215,1
13,-60,12.06381207,12.04264091,1
13,-59,14.3091468,11.07600296,1
13,-58,14.03428822,8.681497645,1
13,-57,13.94406785,9.653537061,1
13,-56,14.00776655,9.357507173,1
13,-55,14.07084975,9.55213197,1
13,-54,14.12224075,10.90356498,1
13,-53,13.72347376,12.11111081,1
13,-52,14.37251739,12.00704465,1
13,-51,14.99515395,12.15926436,1
13,-50,14.38834236,11.97190409,1
13,-49,13.5643044,11.92036096,1
13,-48,13.4373575,12.19172127,1
13,-47,14.09334907,12.62046748,1
13,-46,14.96189893,12.50359717,1
13,-45,15.04649917,12.31001122,1
13,-44,14.83643407,12.49634663,1
13,-43,14.7645912,11.8719255,1
13,-42,14.73782287,11.82050292,1
13,-41,14.65892019,12.32943563,1
13,-40,14.69454669,12.31133746,1
13,-39,14.25815358,12.09424917,1
13,-38,14.35863222,12.30022497,1
13,-37,14.77113382,12.93538083,1
13,-36,14.65385274,12.3552264,1
13,-35,14.53223258,12.5295765,1
13,-34,14.34493521,11.84955496,1
13,-33,14.38938495,11.70697153,1
13,-32,14.61639033,11.69816194,1
13,-31,14.5418096,11.47555252,1
13,-30,13.63310944,12.14681326,1
13,-29,13.9521483,7.096686963,1
13,-28,14.47515219,7.152722418,1
13,-27,14.49273951,12.24270747,1
13,-26,14.44061967,12.08316151,1
13,-25,14.35756627,11.81416026,1
13,-24,13.99495395,11.77829072,1
13,-23,13.97398801,12.28740348,1
13,-22,13.88946317,12.55019904,1
13,-21,13.81762434,12.5814294,1
13,-20,13.77318132,12.2193733,1
13,-19,13.4142217,12.03180199,1
13,-18,13.8931814,12.63180763,1
13,-17,14.03988967,12.61599678,1
13,-16,14.02007264,12.61144273,1
13,-15,14.13118621,12.78754733,1
13,-14,13.74761211,12.94707929,1
13,-13,13.81260661,12.97902228,1
13,-12,13.84139203,12.37689735,1
13,-11,13.51471348,12.4947891,1
13,-10,13.35930256,11.96246682,1
13,-9,13.34659689,12.39549896,1
13,-8,13.57168083,12.09140925,1
13,-7,13.66732624,12.22252093,1
13,-6,13.7077632,12.0083448,1
13,-5,13.85771119,11.89878272,1
13,-4,14.01603163,12.05001661,1
13,-3,13.62968535,11.8097061,1
13,-2,13.75580566,11.82413527,1
13,-1,13.68126656,12.29370737,1
13,0,13.59939731,12.55751302,1
13,1,13.67870221,12.59389215,1
13,2,14.02309395,13.00220405,1
13,3,13.97534374,12.8392515,1
13,4,13.82534067,12.70914369,1
13,5,13.85689999,12.1918328,1
13,6,13.73207651,12.75963604,1
13,7,13.74867216,13.30044137,1
13,8,13.79700604,13.25028809,1
13,9,13.84256561,12.81111081,1
13,10,13.93911368,12.58134891,1
13,11,13.93717201,12.39025653,1
13,12,13.97213977,12.48800021,1
13,13,13.90295164,12.41083887,1
13,14,13.86226817,12.38896246,1
13,15,13.73926832,12.39191257,1
13,16,13.79819331,12.58906663,1
13,17,13.81272834,12.62615472,1
13,18,14.00916181,12.41469862,1
13,19,14.22793028,11.9223782,1
13,20,14.15591754,11.9699447,1
13,21,13.83017613,11.96651271,1
13,22,14.18402338,12.42697789,1
13,23,14.45867394,12.59204994,1
13,24,14.14885816,12.63132396,1
13,25,13.99970488,12.54508583,1
13,26,14.00209962,12.87213103,1
13,27,13.8627986,13.16837488,1
13,28,13.78420614,13.16179569,1
13,29,13.80602007,12.60385805,1
13,30,13.7645707,12.36457318,1
13,31,13.80665283,12.75581653,1
13,32,13.96660213,13.21936833,1
13,33,14.20635859,13.01479796,1
13,34,14.21343079,12.75721045,1
13,35,14.15741647,12.87185918,1
13,36,14.23573809,12.74610517,1
13,37,13.88617303,12.99953797,1
13,38,13.77446238,13.21589948,1
13,39,14.34163686,12.94746434,1
13,40,14.67650864,12.79149062,1
13,41,14.73907004,12.55876704,1
13,42,14.61253302,12.66654999,1
13,43,14.63580312,12.99401926,1
13,44,14.49638776,12.60299587,1
13,45,14.65962447,10.89051281,1
13,46,14.2996547,12.14236813,1
13,47,14.28438839,12.09907532,1
13,48,14.44488982,12.02101593,1
13,49,14.24483039,12.2973128,1
13,50,14.0907368,12.35408138,1
13,51,14.49114941,12.41498142,1
13,52,14.63117153,12.33942503,1
13,53,14.47174655,11.85419276,1
13,54,14.55635285,12.10032306,1
13,55,14.60980274,12.02464937,1
13,56,14.75313148,12.07802723,1
13,57,14.76203949,12.75977435,1
13,58,14.77681915,12.80293595,1
13,59,15.29170069,12.68370528,1
13,60,15.22617341,13.03125149,1
13,61,15.08347352,13.14970865,1
13,62,15.32254974,13.28531443,1
13,63,15.20876267,12.7663807,1
13,64,14.75215992,12.36958531,1
13,65,14.98204666,12.3701707,1
13,66,15.28016642,12.56610493,1
13,67,15.29311723,11.84096607,1
13,68,15.11313684,12.59935395,1
13,69,15.37344338,12.29895676,1
13,70,15.69064814,12.09759827,1
13,71,15.68902606,11.73824116,1
13,72,15.6019271,11.48607449,1
13,73,15.55917783,12.01651448,0
13,74,15.57730433,12.42281303,0
13,75,16.34069813,12.92529413,0
13,76,16.56899427,13.82427902,0
13,77,17.01147864,13.09396429,0
13,78,16.94097871,12.66227434,0
13,79,16.58323893,12.9124823,0
13,80,16.67277522,13.28016588,0
13,81,17.00905806,12.69925414,0
13,82,16.77019701,12.59114084,0
13,83,16.63454828,12.31482833,0
13,84,16.45117775,12.27863099,0
13,85,16.17116386,12.36983128,0
13,86,16.06282381,12.77735196,0
13,87,15.65238139,12.9083181,0
13,88,14.75121924,13.06389241,0
13,89,14.12918101,12.93536137,0
13,90,13.9453788,13.01857996,0
13,91,14.35802471,13.05444447,0
13,92,14.34543379,12.95954953,0
13,93,14.61152168,13.04849207,0
13,94,14.42214999,12.56018267,0
13,95,13.9456413,12.64215435,0
13,96,13.82885016,12.62200849,0
13,97,13.47992292,12.2131443,0
13,98,12.1040679,12.07106132,0
13,99,11.09658353,12.26728757,0
13,100,9.027633964,11.78100868,0
19,-100,2.628714691,3.381062107,1
19,-99,6.674321215,7.638138803,1
19,-98,9.779448927,9.977691815,1
19,-97,11.04649336,10.37620369,1
19,-96,12.19391436,10.52655299,1
19,-95,13.34246391,10.51513099,1
19,-94,16.2914297,10.52928555,1
19,-93,17.36269167,10.1384914,1
19,-92,17.81305132,11.45182277,1
19,-91,20.60129635,11.89321067,1
19,-90,20.6326351,11.36423417,1
19,-89,19.96923164,11.26230637,1
19,-88,17.55797194,11.66048194,1
19,-87,15.84626703,12.0613604,1
19,-86,15.79744535,11.9716498,1
19,-85,15.58163847,11.57831096,1
19,-84,17.03114242,11.7720934,1
19,-83,17.8521398,11.2077165,1
19,-82,14.7936271,11.20660576,1
19,-81,13.79683338,10.92579765,1
19,-80,13.61622718,11.21954166,1
19,-79,13.6990635,11.09656372,1
19,-78,13.71528683,11.44413875,1
19,-77,13.64957238,11.7008744,1
19,-76,14.75648507,11.19619699,1
19,-75,16.78695935,11.14010931,1
19,-74,18.99556558,10.96236335,1
19,-73,18.46650887,11.32877749,1
19,-72,14.21057002,11.07828227,1
19,-71,13.34050109,11.23405324,1
19,-70,12.00395958,11.41982952,1
19,-69,11.12318767,11.44867865,1
19,-68,10.88671548,11.04705667,1
19,-67,10.86972775,11.12089401,1
19,-66,11.21531267,11.05667622,1
19,-65,12.60643071,10.99417222,1
19,-64,12.30892626,10.94130683,1
19,-63,12.08447925,10.53523538,1
19,-62,11.20764886,10.98562871,1
19,-61,12.02979904,10.63789982,1
19,-60,10.91869502,10.63560936,1
19,-59,11.04837949,11.46380927,1
19,-58,11.83466927,10.5104541,1
19,-57,10.97019724,10.5773061,1
19,-56,8.204686209,10.66857789,1
19,-55,6.61323644,10.91319516,1
19,-54,6.220251293,10.57228039,1
19,-53,6.795198305,10.23968152,1
19,-52,7.980546284,9.81508688,1
19,-51,9.909819634,9.961602862,1
19,-50,11.54688146,10.07624995,1
19,-49,12.54326523,10.40725068,1
19,-48,13.19979104,10.53872572,1
19,-47,13.48736825,10.7718339,1
19,-46,13.29781377,10.85309096,1
19,-45,13.23993765,11.00551672,1
19,-44,13.2188056,10.90010061,1
19,-43,13.52827618,10.96072236,1
19,-42,13.6803209,11.19773602,1
19,-41,12.56005278,11.24799711,1
19,-40,12.79973891,10.98832665,1
19,-39,11.70414038,10.55845964,1
19,-38,11.35294701,10.47534381,1
19,-37,11.24127184,10.24702433,1
19,-36,11.10248085,10.26283237,1
19,-35,11.03442855,10.07644052,1
19,-34,11.01303964,9.884088998,1
19,-33,10.21940022,10.82893748,1
19,-32,10.1580293,10.9263873,1
19,-31,10.5342001,11.2844739,1
19,-30,10.65633529,10.99375386,1
19,-29,9.728892257,10.29812905,1
19,-28,9.267903364,10.438367,1
19,-27,9.576687607,10.67915499,1
19,-26,9.47275135,10.84354025,1
19,-25,10.71082056,11.1427915,1
19,-24,11.36315049,11.17620669,1
19,-23,11.87262645,10.85625162,1
19,-22,12.46006284,11.11812984,1
19,-21,13.83702958,11.03011922,1
19,-20,16.72730033,11.05140252,1
19,-19,16.66121186,11.05624911,1
19,-18,18.20726649,11.00680775,1
19,-17,19.99875638,11.07034038,1
19,-16,19.93705578,11.13527978,1
19,-15,17.84725171,11.15661203,1
19,-14,15.77421992,11.10754892,1
19,-13,15.24394436,11.01629589,1
19,-12,15.00264031,10.57373448,1
19,-11,14.75371552,10.44406537,1
19,-10,13.80819473,10.72220416,1
19,-9,12.11130683,10.46047835,1
19,-8,12.01581755,10.16509646,1
19,-7,9.839006882,10.18620362,1
19,-6,9.151305162,10.36453736,1
19,-5,9.230793772,10.42977187,1
19,-4,8.933099772,10.28809012,1
19,-3,8.636377065,10.39241103,1
19,-2,8.67877967,10.63540855,1
19,-1,10.46745566,11.33220847,1
19,0,11.3241426,11.13407884,1
19,1,11.0299523,10.87890102,1
19,2,8.442777526,10.98537866,1
19,3,8.450832108,11.0766055,1
19,4,8.413989842,11.0275136,1
19,5,8.336011823,11.01762759,1
19,6,8.218512106,10.88014178,1
19,7,9.774921853,10.3984616,1
19,8,8.745470754,10.04645861,1
19,9,7.131450314,10.0523738,1
19,10,6.174294855,10.34720927,1
19,11,5.998836051,10.52929132,1
19,12,7.34589033,10.46237458,1
19,13,9.658577167,10.23526392,1
19,14,10.58602102,10.36963693,1
19,15,11.58820067,10.36712874,1
19,16,12.41096381,10.13967176,1
19,17,15.04512956,10.39420807,1
19,18,18.31287818,10.33965384,1
19,19,17.19111898,10.35857462,1
19,20,18.74729978,10.30657282,1
19,21,17.89279077,10.28074876,1
19,22,13.94465496,10.33790387,1
19,23,12.48752452,9.904813386,1
19,24,12.43298631,9.793918032,1
19,25,11.79364002,11.23412437,1
19,26,11.09688782,10.91613679,1
19,27,11.45490944,10.80969244,1
19,28,11.42356886,10.71443052,1
19,29,13.07205224,10.30241343,1
19,30,11.40464711,10.10141351,1
19,31,12.93997924,10.36688889,1
19,32,13.09853784,10.77256455,1
19,33,13.1048921,10.70587795,1
19,34,12.90537175,10.88930942,1
19,35,13.10669602,10.98561451,1
19,36,13.18810055,11.17901161,1
19,37,13.2727656,11.16169565,1
19,38,13.25700668,10.83719479,1
19,39,13.29613249,10.40635252,1
19,40,13.02328988,10.29038568,1
19,41,9.35009406,10.62950894,1
19,42,9.011051988,10.7298181,1
19,43,8.93880969,10.54107734,1
19,44,9.061290571,10.15621289,1
19,45,12.51556256,10.18821078,1
19,46,11.86879633,10.55262814,1
19,47,11.93922185,10.3502197,1
19,48,11.7831815,10.57592016,1
19,49,11.05128613,9.767008202,1
19,50,9.664531066,9.243258061,1
19,51,9.733654407,9.082103327,1
19,52,10.63949257,9.458819852,1
19,53,11.55084966,9.892001048,1
19,54,11.62756502,10.21489849,1
19,55,11.30848957,10.02641432,1
19,56,11.05904793,9.94506669,1
19,57,11.09507511,9.824552042,1
19,58,11.09104679,10.26981454,1
19,59,11.24761023,10.24878557,1
19,60,11.63571102,10.42315064,1
19,61,11.31282932,10.57300875,1
19,62,11.06828873,10.97353928,1
19,63,11.36843701,10.5710705,1
19,64,11.61037057,10.58729166,1
19,65,12.38156369,10.43985072,1
19,66,12.34968306,11.10035255,1
19,67,11.82508716,10.99821745,1
19,68,11.90607445,10.40013616,1
19,69,12.42719126,10.51300339,1
19,70,11.99956804,10.50889892,1
19,71,12.97129394,10.74889703,1
19,72,13.18214567,10.9100435,1
19,73,14.15948172,11.08823411,1
19,74,16.36379721,10.92221125,1
19,75,19.31592895,11.01935365,1
19,76,15.70667256,10.7954856,1
19,77,12.14383501,10.51598545,1
19,78,11.29595547,9.748660505,1
19,79,11.42524075,9.485752913,1
19,80,11.89929053,9.753447631,1
19,81,12.06411258,9.70901538,1
19,82,12.18585867,9.950502198,1
19,83,12.22628268,10.59407058,1
19,84,12.1953955,10.54319463,1
19,85,12.8749858,11.38881517,1
19,86,14.66545394,11.63572089,1
19,87,15.28695099,11.73493792,1
19,88,15.05406488,11.35218185,1
19,89,17.13982313,11.24265645,1
19,90,19.9399583,10.89478235,1
19,91,18.68967836,11.1452501,1
19,92,18.4038567,11.34189489,1
19,93,14.99495937,11.13009833,1
19,94,12.87441475,11.11758695,1
19,95,12.06044924,11.11280429,1
19,96,11.49738154,10.43256978,1
19,97,10.61079196,9.875831581,1
19,98,9.454817528,9.575384344,1
19,99,9.157160749,9.732089231,1
19,100,8.651609867,10.08263719,1
33,-100,1.73683801,5.356491272,0
33,-99,1.998902822,5.547880536,0
33,-98,2.469671116,6.091691138,0
33,-97,4.212879179,6.503602813,0
33,-96,4.078251609,6.849551936,0
33,-95,4.092688502,7.430115107,0
33,-94,3.869798529,7.622159028,0
33,-93,3.686717179,7.617702082,0
33,-92,3.810729007,7.636393518,0
33,-91,4.80795063,8.007869949,0
33,-90,6.401238799,7.810922217,0
33,-89,5.970137091,7.495809428,0
33,-88,5.788194743,7.153650789,0
33,-87,5.558934618,6.600083943,0
33,-86,5.234826455,6.916933626,0
33,-85,5.184885419,7.152675849,0
33,-84,4.694138366,6.827974311,0
33,-83,2.870901466,6.441261267,0
33,-82,1.285222909,1.419057494,0
33,-81,1.155481916,0.8188504434,0
33,-80,1.109636708,0.4925909404,0
33,-74,1.398144966,4.124242927,0
33,-73,3.592684418,6.435750563,1
33,-72,4.301668397,7.397531093,1
33,-71,4.121526158,6.957151162,1
33,-70,4.335699726,6.984557105,1
33,-69,4.266043235,6.425549978,1
33,-68,4.457259581,6.566515693,1
33,-67,4.533087962,6.847488972,1
33,-66,4.416150866,7.720503997,1
33,-65,4.117295216,7.60881345,1
33,-64,3.630015756,7.69328621,1
33,-63,4.123061895,8.155246992,1
33,-62,3.800783303,7.918068256,1
33,-61,3.738776076,7.130356861,1
33,-60,4.15903462,7.463080865,1
33,-59,4.040346743,7.597372654,1
33,-58,3.955196844,7.114910433,1
33,-57,3.86438272,6.991817107,1
33,-56,3.932080534,6.47483115,1
33,-55,3.955330106,7.039640179,1
33,-54,3.811162524,7.749414161,1
33,-53,3.701271722,8.30567443,1
33,-52,4.134151607,8.096426344,1
33,-51,4.236844189,7.503520708,1
33,-50,4.077963784,6.809925948,1
33,-49,4.006138285,6.606421621,1
33,-48,4.181904286,6.428866592,1
33,-47,4.285274561,6.740574458,1
33,-46,4.383317988,7.643341953,1
33,-45,4.627578542,7.683159437,1
33,-44,4.810864905,7.853922051,1
33,-43,4.685956706,8.411207644,1
33,-42,4.360100133,8.402864829,1
33,-41,4.029449666,8.838032176,1
33,-40,4.214920543,8.283741418,1
33,-39,3.952502115,8.358987989,1
33,-38,3.65870643,6.731276804,1
33,-37,3.906736754,5.086875477,1
33,-36,4.03350505,5.905155421,1
33,-35,4.240601785,6.771687908,1
33,-34,4.473609948,7.456023323,1
33,-33,4.323052712,7.469845279,1
33,-32,4.197385908,7.766356019,1
33,-31,3.91134927,8.094762685,1
33,-30,4.246002303,7.260840971,1
33,-29,4.758024251,7.229639471,1
33,-28,4.781308605,6.832182895,1
33,-27,4.598344072,7.100511359,1
33,-26,4.422542513,7.755793227,1
33,-25,4.467256751,7.88262569,1
33,-24,4.227299339,7.264479237,1
33,-23,4.262936391,7.198844096,1
33,-22,4.320662445,7.101687761,1
33,-21,4.156311055,7.139089933,1
33,-20,3.92708092,6.275993959,1
33,-19,2.670957332,2.968372449,1
33,-18,2.573853275,2.823272094,1
33,-17,2.180633486,5.275563259,1
33,-16,3.343249374,5.850861424,1
33,-15,3.959959189,6.354959091,1
33,-14,3.978726289,5.846049944,1
33,-13,4.093915812,6.347991506,1
33,-12,4.00860021,6.587645883,1
33,-11,4.114771118,6.534490408,1
33,-10,4.16102274,6.481519686,1
33,-9,4.200384029,6.57908755,1
33,-8,4.106314043,6.594939599,1
33,-7,4.106266136,6.87507405,1
33,-6,3.972992725,7.044956855,1
33,-5,4.125357585,6.884937955,1
33,-4,4.03645237,6.399870985,1
33,-3,3.896102549,7.208885767,1
33,-2,4.044460338,7.555289342,1
33,-1,4.422414351,6.30091795,1
33,0,4.417721177,7.032043753,1
33,1,3.865539574,7.234412312,1
33,2,4.215782918,7.150365893,1
33,3,4.05094852,6.737253298,1
33,4,3.753565652,6.875140044,1
33,5,3.937878453,6.805723712,1
33,6,3.855066423,6.501788822,1
33,7,3.103666385,5.64151714,0
33,8,2.352154857,5.426703303,0
33,9,1.837095333,4.299921899,0
33,23,1.204165129,1.623466032,0
33,24,1.451674778,3.539331167,0
33,25,1.359911243,3.912449668,0
33,26,2.28153456,3.936756038,0
33,27,3.900689306,5.847152302,0
33,28,3.652628474,6.563617632,0
33,29,3.721028225,6.410908531,0
33,30,3.883604437,5.95137859,0
33,31,4.048515891,6.622737227,0
33,32,4.206025562,6.883061608,0
33,33,4.334580672,7.024342118,0
33,34,4.345445184,6.999926961,0
33,35,4.270356723,6.951808478,0
33,36,3.995138541,7.063081697,0
33,37,3.944049752,7.329812977,0
33,38,4.043356355,7.227636933,0
33,39,4.225684786,7.211615439,0
33,40,4.126081883,6.701097995,0
33,41,4.165120542,7.210380083,0
33,42,4.382987296,7.343084854,0
33,43,4.34687259,7.071845244,0
33,44,4.255818115,6.13720513,0
33,45,4.103576123,5.57664335,0
33,46,3.485827889,5.562896229,0
33,47,1.969306251,4.44193341,0
33,48,1.398451915,2.888177095,0
33,49,1.117876678,2.191738423,0
33,50,1.154459559,1.715634402,0
33,51,1.35313927,3.123969414,0
33,52,1.874294405,7.797762513,0
33,53,2.699205658,7.114368546,0
33,54,4.21036126,6.88120271,0
33,55,4.236225086,6.709377439,0
33,56,4.014502995,6.461419439,0
33,57,4.112367609,6.527092362,0
33,58,4.075236894,6.283745943,0
33,59,3.97567774,6.208578314,0
33,60,3.961660786,6.365635499,0
33,61,3.835184159,6.092885935,0
33,62,4.031455728,6.392548549,0
33,63,3.516573755,6.513658064,0
33,64,3.664626069,6.43376842,0
33,65,3.593726118,6.560695024,0
33,66,4.16117986,6.441794097,0
33,67,4.431044041,6.338574965,0
33,68,4.112590344,6.370233784,0
33,69,4.266239827,6.503992363,0
33,70,4.122217053,6.659160694,0
33,71,3.905309556,6.575200415,0
33,72,3.899665407,6.657378298,0
33,73,4.056765018,7.031427269,0
33,74,4.28395725,6.385240517,0
33,75,4.451711479,5.986673262,0
33,76,4.540215415,6.166102544,0
33,77,4.495745404,6.648333112,0
33,78,4.205217651,6.917025911,0
33,79,4.310702208,7.008551463,0
33,80,4.371036562,6.746007886,0
33,81,4.650412764,7.339650423,0
33,82,4.697827581,7.380334688,0
33,83,4.951796653,6.661461758,0
33,84,5.201378634,6.383622028,0
33,85,4.39011071,6.499102909,0
33,86,4.680512941,6.48162964,0
33,87,4.639286902,6.729472688,0
33,88,5.159943581,7.250290792,0
33,89,5.069307862,7.22182958,0
33,90,5.642189306,7.305379345,0
33,91,4.356785089,6.724080679,0
33,92,3.748396159,7.066162283,0
33,93,4.487980804,6.479532255,0
33,94,4.668173636,6.372050188,0
33,95,5.777988616,7.044137333,0
33,96,6.448478354,7.388370539,0
33,97,4.647632673,7.377128165,0
33,98,3.603319854,6.970672436,0
33,99,2.963973525,6.868653162,0
33,100,2.579204368,6.477007482,0
34,-100,2.743902162,7.142136801,1
34,-99,3.729095755,7.100741449,1
34,-98,3.966279312,8.248619599,1
34,-97,3.913495036,8.801233115,1
34,-96,4.834332335,8.797025447,1
34,-95,4.935961339,8.69848125,1
34,-94,5.046508679,8.267850828,1
34,-93,4.748941657,8.608996664,1
34,-92,4.864030021,9.028787475,1
34,-91,6.080082779,8.966550743,1
34,-90,6.082767976,8.959556059,1
34,-89,5.713727538,8.686919059,1
34,-88,6.24176467,8.353564216,1
34,-87,6.267542998,8.645880818,1
34,-86,6.259660455,8.831267828,1
34,-85,6.227174607,8.461865267,1
34,-84,6.202163742,8.611598294,1
34,-83,6.23677775,8.054401886,1
34,-82,6.175367981,8.076052855,1
34,-81,6.170260768,8.302431994,1
34,-80,6.249609481,8.415930935,1
34,-79,6.298078064,8.081580485,1
34,-78,6.250995813,7.917624286,1
34,-77,5.190862985,8.405586952,1
34,-76,6.429648509,7.605534181,1
34,-75,6.058921544,7.755984932,1
34,-74,4.715898981,7.615379019,1
34,-73,4.54010101,8.307603725,1
34,-72,4.896784185,9.008718176,1
34,-71,4.74937085,8.499302137,1
34,-70,4.33617438,8.014250817,1
34,-69,4.610037661,8.149503462,1
34,-68,3.878945281,8.460342743,1
34,-67,3.023700789,8.752723038,1
34,-66,3.039142421,8.433735025,1
34,-65,3.023331087,7.625141618,1
34,-64,4.259697262,7.67437938,1
34,-63,4.148435207,7.462643518,1
34,-62,4.255954026,6.977830387,1
34,-61,3.839541168,7.109544321,1
34,-60,3.169099408,7.53709389,1
34,-59,3.126763771,7.926764985,1
34,-58,3.045797308,7.726307695,1
34,-57,3.071673464,7.776554658,1
34,-56,3.030323225,7.851435254,1
34,-55,3.443046157,8.292165651,1
34,-54,3.062683258,4.126828,1
34,-53,1.287668508,0.8091869452,1
34,-52,2.812141818,5.57911708,1
34,-51,2.950262291,9.363048705,1
34,-50,2.791177475,8.464538778,1
34,-49,3.00816855,7.505181371,1
34,-48,3.243419506,6.934935798,1
34,-47,4.005756427,8.23337353,1
34,-46,3.85929088,7.812143074,1
34,-45,3.931306768,8.513031242,1
34,-44,4.031498775,8.421357985,1
34,-43,3.929340988,8.366466952,1
34,-42,3.913916743,8.948663525,1
34,-41,4.074088153,9.193767463,1
34,-40,4.766231816,8.810469066,1
34,-39,4.918450438,8.668118296,1
34,-38,5.14245511,7.824687752,1
34,-37,5.397457479,8.528007851,1
34,-36,5.716259584,7.935008579,1
34,-35,5.711419423,8.135036952,1
34,-34,5.594556202,8.65354478,1
34,-33,5.459065919,8.906991002,1
34,-32,5.767207844,9.216601598,1
34,-31,5.679882464,9.279639424,1
34,-30,5.41957977,9.402586367,1
34,-29,4.3284109,9.4466184,1
34,-28,4.204804703,9.001055625,1
34,-27,5.047571901,8.762670147,1
34,-26,4.901907993,8.647031313,1
34,-25,4.68758945,8.439404614,1
34,-24,3.436671042,7.921739689,1
34,-23,2.852687828,6.118191375,1
34,-22,2.29642701,4.181276328,1
34,-21,2.073602313,3.386884201,1
34,-20,2.377220786,4.850940538,1
34,-19,2.428192698,7.002385141,1
34,-18,3.6741463,7.647364206,1
34,-17,3.923278183,8.044661498,1
34,-16,4.071366552,7.795738483,1
34,-15,4.173949081,7.78102306,1
34,-14,4.35075233,7.906878923,1
34,-13,4.470858889,8.159394795,1
34,-12,5.1465295,7.912918823,1
34,-11,6.194310499,8.452997435,1
34,-10,6.727858725,8.592638566,1
34,-9,7.594133007,9.01828301,1
34,-8,6.665792487,8.733141775,1
34,-7,4.777182496,8.010848124,1
34,-6,3.722123344,6.682359357,1
34,-5,4.198589995,6.692861399,1
34,-4,4.387361224,8.529461703,1
34,-3,3.925680792,8.567929679,1
34,-2,4.570173498,9.014304241,1
34,-1,5.195776108,9.062862604,1
34,0,5.232873451,8.821746974,1
34,1,6.06380182,8.187227658,1
34,2,6.224439363,8.057136574,1
34,3,5.932211712,8.015013205,1
34,4,5.853516136,7.371046104,1
34,5,6.373464641,6.851400146,1
34,6,4.026333462,7.540282089,1
34,7,4.081181994,7.680445369,1
34,8,3.337629233,7.236199166,1
34,9,2.640795527,7.205918772,1
34,10,2.635257345,7.388559866,1
34,11,2.623727331,6.762971519,1
34,12,3.493957671,6.758360122,1
34,13,4.275959191,7.229046603,1
34,14,5.165587,7.072206131,1
34,15,5.903471982,7.885563564,1
34,16,5.726243045,7.962504697,1
34,17,5.926617628,7.626200142,1
34,18,6.369586647,8.041484976,1
34,19,6.65753705,8.346213104,1
34,20,5.540472152,8.219790841,1
34,21,5.206425684,8.17222569,1
34,22,5.021324525,7.8541162,1
34,23,4.638189683,8.200601548,1
34,24,4.559811689,8.208478047,1
34,25,4.753072941,8.305429296,1
34,26,4.923033219,8.798068129,1
34,27,4.900573133,8.652910895,1
34,28,4.735077587,8.702326454,1
34,29,3.834220268,8.365335761,1
34,30,3.398703434,8.179027841,1
34,31,3.28078948,7.906803635,1
34,32,3.409739874,7.389073971,1
34,33,3.993716951,7.516823742,1
34,34,3.723089201,8.174824188,1
34,35,4.031607013,8.417053403,1
34,36,4.662569733,8.290646911,1
34,37,5.691887388,8.195494052,1
34,38,6.000990575,8.454663785,1
34,39,6.051615104,8.510473769,1
34,40,5.444092448,8.880441133,1
34,41,4.746856283,9.267504741,1
34,42,4.52919358,8.739030804,1
34,43,5.077963175,9.179254233,1
34,44,6.356101178,9.152713626,1
34,45,6.807161885,8.470839291,1
34,46,6.483680467,8.464074178,1
34,47,6.221482641,8.473831174,1
34,48,6.348186537,8.594308714,1
34,49,6.784782862,8.548855931,1
34,50,6.067063055,8.445610078,1
34,51,4.830481984,8.490159664,1
34,52,4.666595293,8.667445535,1
34,53,6.063612329,8.339123964,1
34,54,7.04418769,8.239116077,1
34,55,7.544375789,8.257945334,1
34,56,7.720719315,7.890548436,1
34,57,6.270851229,7.968092666,1
34,58,6.736570553,9.069521465,1
34,59,7.848304243,9.007482583,1
34,60,7.598597235,8.88033352,1
34,61,5.878978387,8.266050258,1
34,62,4.401871187,7.519160091,1
34,63,3.438465738,6.966055883,1
34,64,3.451470389,5.638508937,1
34,65,3.737773391,6.015290955,1
34,66,4.454269372,6.071962657,1
34,67,4.515089893,6.177029053,1
34,68,3.911456356,6.454811609,1
34,69,3.904200928,6.900077132,1
34,70,4.250959644,5.765852008,1
34,71,4.870463211,5.500397918,1
34,72,4.693008485,5.696991848,1
34,73,5.668664803,5.702534174,1
34,74,4.812387997,5.74577852,1
34,75,5.110022791,6.166160754,1
34,76,4.77240671,6.385306317,1
34,77,3.482366055,6.493102292,1
34,78,2.724328929,5.709480953,1
34,79,2.414477511,4.582026414,1
34,80,2.369024791,7.113417092,1
34,81,2.683247302,6.80886619,1
34,82,2.954558488,7.459631479,1
34,83,5.672993951,8.703940965,1
34,84,5.731261894,9.194973457,1
34,85,4.252893322,9.50809786,1
34,86,4.233975724,9.332010245,1
34,87,4.120003787,9.41330201,1
34,88,4.148163752,8.959407816,1
34,89,4.176564292,9.142857039,1
34,90,4.57780404,8.961313963,1
34,91,4.733621072,8.125563055,1
34,92,4.694753348,7.382226921,1
34,93,4.877565098,7.072488636,1
34,94,4.395528552,6.799877531,1
34,95,4.987247139,7.501449212,1
34,96,3.847801698,8.150686952,1
34,97,3.80796755,8.275201066,1
34,98,3.758216587,7.958000811,1
34,99,4.716958021,7.671303793,1
34,100,4.533296371,7.761226856,1
43,-100,0.9994483474,0.4667693532,0
43,-99,1.742017044,0.8666061245,0
43,-98,1.610109753,1.279781824,0
43,-97,1.652541604,4.097486258,0
43,-96,1.293220995,4.410571799,0
43,-95,1.104776102,1.812697778,0
43,-89,1.086707183,1.935579703,0
43,-88,1.041905329,1.673829273,0
43,-87,1.048677762,1.668110123,0
43,-85,1.234762805,2.628615358,0
43,-84,1.997796629,4.906684056,0
43,-83,2.611301609,5.613975031,0
43,-82,3.639128745,5.057896249,0
43,-81,5.167533645,4.908222726,0
43,-80,3.07131456,4.546824722,0
43,-79,1.969670114,4.206499111,0
43,-78,1.109148892,1.55861945,0
43,-77,1.150794705,1.473190319,0
43,-75,1.477599074,4.496423286,0
43,-74,1.528621245,6.021317176,0
43,-73,1.751935745,6.187982332,0
43,-72,2.39993282,6.015348054,0
43,-71,3.160188948,6.37364054,0
43,-70,4.653249311,7.17083101,0
43,-69,7.086175166,7.191160006,0
43,-68,7.70853855,7.157788108,0
43,-67,8.299666635,7.114539902,0
43,-66,11.06198276,7.269798236,0
43,-65,14.0267891,7.504817879,0
43,-64,11.18401083,7.891166272,0
43,-63,9.614297665,8.462539672,0
43,-62,9.683851462,8.12775452,0
43,-61,11.41533701,7.848425299,1
43,-60,12.73921564,7.871254671,1
43,-59,10.15405974,8.28856258,1
43,-58,9.906843627,8.360182018,1
43,-57,9.51601668,9.076831364,1
43,-56,8.835861396,8.756922592,1
43,-55,7.954861163,8.509022576,1
43,-54,7.284071837,8.596563612,1
43,-53,6.680662113,8.349519824,1
43,-52,3.940836575,7.960368108,1
43,-51,2.378617018,7.586271317,1
43,-50,2.54581226,7.043065268,1
43,-49,3.103727151,6.216421949,1
43,-48,4.846337869,6.469322297,1
43,-47,6.945386653,6.532976633,1
43,-46,7.680630576,6.813761916,1
43,-45,10.00058456,6.674936671,1
43,-44,8.771751189,6.803912688,1
43,-43,9.038310917,6.581791274,1
43,-42,11.44623633,7.321735871,1
43,-41,7.930166214,6.843274928,1
43,-40,5.638549483,7.416552862,1
43,-39,4.594429552,7.611000323,1
43,-38,3.556142246,7.283275991,1
43,-37,2.806188187,5.830198157,1
43,-36,1.955605573,5.54571898,1
43,-35,1.860659013,5.923982347,1
43,-34,2.761285261,6.274868569,1
43,-33,4.391106429,7.448144774,1
43,-32,5.329808241,7.239240519,1
43,-31,4.113266814,7.458643931,1
43,-30,4.183674005,7.776733998,1
43,-29,4.209189704,7.73899999,1
43,-28,4.222204555,7.541154099,1
43,-27,5.820462837,7.500073266,1
43,-26,6.451697245,7.313460927,1
43,-25,6.201554386,7.413668135,1
43,-24,5.650406249,7.348841752,1
43,-23,5.074407784,7.474016208,1
43,-22,4.783521389,7.405967596,1
43,-21,4.577351277,7.341548302,1
43,-20,4.133261346,7.462333903,1
43,-19,3.590151722,6.858060288,1
43,-18,3.209532156,6.353995717,1
43,-17,3.121390831,5.959579289,1
43,-16,2.995020044,4.740872979,1
43,-15,3.211032002,5.522541806,1
43,-14,4.971891698,6.199283735,1
43,-13,6.298955282,7.103796032,1
43,-12,8.279251432,7.82482045,1
43,-11,10.4054331,7.917110622,1
43,-10,10.24528774,7.784996505,1
43,-9,8.825283286,7.568456371,1
43,-8,5.520764817,7.202536678,1
43,-7,3.441683389,6.788884612,1
43,-6,2.353284822,5.966413172,1
43,-5,1.739106349,5.569534769,1
43,-4,1.807694508,6.766466737,1
43,-3,2.609473677,6.892218172,1
43,-2,4.028692688,7.01106375,1
43,-1,6.321950051,7.421294081,1
43,0,5.473651432,7.060246844,1
43,1,4.52737873,6.556054513,1
43,2,5.448152953,6.544588104,1
43,3,5.630450078,6.565300901,1
43,4,5.847533152,6.565750076,1
43,5,6.129357017,7.084013188,1
43,6,6.545520387,7.275377438,1
43,7,7.399768689,7.40204843,1
43,8,6.453634567,7.487118927,1
43,9,4.755018997,7.545097082,1
43,10,4.273384988,6.576594022,1
43,11,4.850861568,6.441410936,1
43,12,4.101131344,6.547544138,1
43,13,4.208063955,6.958318461,1
43,14,5.022652906,6.936699527,1
43,15,5.288093085,6.744270257,1
43,16,4.938540184,6.891447192,1
43,17,4.585961502,6.799938276,1
43,18,3.500250846,7.160357116,1
43,19,3.695410809,7.170815453,1
43,20,3.61057196,7.080495028,1
43,21,3.520365535,7.264552798,1
43,22,3.330914989,7.37971046,1
43,23,3.478510641,6.477360023,1
43,24,2.407210818,5.524739538,1
43,25,1.596507394,5.044114023,1
43,26,1.458938068,4.441343408,1
43,27,1.568553963,4.436728162,1
43,28,1.783707576,6.413075425,1
43,29,2.43351102,7.283562671,1
43,30,3.597097478,7.079454179,1
43,31,4.816570722,6.231253742,1
43,32,7.55942735,5.681336557,1
43,33,7.58230222,6.367188416,1
43,34,7.254075552,7.431242393,1
43,35,8.248431471,7.706740911,1
43,36,9.55389416,7.325867942,1
43,37,9.848729207,7.137226423,1
43,38,8.518913807,7.368534276,1
43,39,9.863375013,7.069878524,1
43,40,9.686038698,7.24768993,1
43,41,7.673535269,7.582069163,1
43,42,6.869451645,7.27350757,1
43,43,4.823422785,6.683182504,1
43,44,2.674056918,5.755501904,1
43,45,1.427809551,2.837123041,1
43,48,1.178936247,0.6697814901,0
43,49,1.735098384,2.728052763,0
43,50,1.957376147,3.721814027,0
43,51,1.869118367,4.334485402,0
43,52,1.827132457,5.005229096,0
43,53,1.846863309,5.512810999,0
43,54,1.931803397,5.239161087,0
43,55,2.192213236,5.26290489,0
43,56,2.154411499,6.407976512,0
43,57,2.132689781,7.747017572,0
43,58,2.376147653,5.653668755,0
43,59,2.861627452,6.785515054,0
43,60,4.707592882,7.004113208,0
43,61,6.578083312,6.958806043,0
43,62,10.3631064,7.032642161,0
43,63,6.357728924,6.531447401,0
43,64,5.396548228,6.173817851,0
43,65,6.4397265,6.256604967,0
43,66,6.568470844,5.846204782,0
43,67,6.535684,6.285835528,0
43,68,5.989836818,6.818943138,0
43,69,6.952843482,7.271290346,0
43,70,6.085232115,7.128397621,0
43,71,5.163330326,6.927008463,0
43,72,5.892971712,6.830055685,0
43,73,8.396089079,7.053828589,0
43,74,8.391957009,7.068761819,0
43,75,5.279653881,6.994282719,0
43,76,3.401213058,6.341229554,0
43,77,2.533993702,5.526536495,0
43,78,1.854895427,4.759674508,0
43,79,1.995469108,5.142903095,0
43,80,2.735645332,5.715424332,0
43,81,3.957179419,6.202225487,0
43,82,5.210457046,6.934920703,0
43,83,7.548023,6.5345771,0
43,84,10.27753052,6.786439812,0
43,85,9.212309845,6.970432675,0
43,86,7.039468619,7.40613303,0
43,87,5.863755411,7.436138766,0
43,88,5.831526523,7.13372619,0
43,89,7.664989377,7.040582589,0
43,90,5.721925318,6.748544022,0
43,91,3.528198009,6.246952945,0
43,92,2.635401325,5.508890521,0
43,93,1.914682948,4.628024924,0
43,94,1.241780675,2.092850736,0
43,96,0.9780295536,1.105757099,0
43,97,1.560389075,3.231400986,0
43,98,2.648011386,3.610762485,0
43,99,2.554766366,3.854502811,0
43,100,1.930692854,3.749024547,0
44,-100,2.422294284,5.850987163,0
44,-99,2.122411767,6.353324408,0
44,-98,1.813666518,6.132186497,0
44,-97,2.883527194,6.269041999,0
44,-96,1.852184266,6.13711833,0
44,-95,1.754105245,5.899242416,0
44,-94,2.371065696,5.60426332,0
44,-93,2.420032595,4.917948504,0
44,-92,2.890475417,4.005420302,0
44,-91,2.500514483,4.367050988,0
44,-90,1.991965214,5.173658041,0
44,-89,1.683497537,5.793835036,0
44,-88,1.779769801,6.534156265,0
44,-87,1.783848596,6.40141344,0
44,-86,1.686369962,5.983901948,0
44,-85,2.148542842,4.880104617,0
44,-84,2.06561275,3.113795415,0
44,-83,1.756571871,4.169738323,0
44,-82,1.521526309,2.397118399,0
44,-81,1.569730845,0.7354210669,0
44,-77,1.398455854,0.872265179,0
44,-76,1.357991046,1.148598363,0
44,-75,1.48334827,2.418283336,0
44,-74,1.880716733,4.903326692,0
44,-73,2.247366116,5.816101591,0
44,-72,2.940447221,6.394248178,0
44,-71,3.862182472,6.413278607,0
44,-70,3.764757252,5.896521169,0
44,-69,3.496214815,6.168401616,0
44,-68,3.32996882,5.775415139,0
44,-67,2.569746963,6.050269147,0
44,-66,2.496508501,6.706791416,0
44,-65,1.554179917,4.152394927,0
44,-64,1.191379155,1.661004977,0
44,-62,1.381539364,2.297775535,1
44,-61,1.759976062,4.255139835,1
44,-60,1.740786309,3.977062228,1
44,-59,2.163927281,5.061920244,1
44,-58,2.147265889,5.016531655,1
44,-57,2.923672838,4.249049221,1
44,-56,3.429722384,4.592322227,1
44,-55,3.79300153,5.858582976,1
44,-54,3.514691657,5.885480971,1
44,-53,3.347667209,6.126334964,1
44,-52,3.246617437,6.133264098,1
44,-51,3.157366069,5.844893932,1
44,-50,2.972866388,5.081811175,1
44,-49,2.258815832,4.959638139,1
44,-48,2.062284908,5.275844255,1
44,-47,1.969250493,5.679887306,1
44,-46,1.752246125,5.324588504,1
44,-45,1.653874214,3.498365908,1
44,-44,1.609345105,3.234977731,1
44,-43,1.53558631,3.35550583,1
44,-42,1.50495703,3.725218419,1
44,-41,1.50528487,4.452954299,1
44,-40,1.666704564,5.43851593,1
44,-39,1.711969164,5.677307833,1
44,-38,2.184626693,5.013224746,1
44,-37,1.550654051,4.85638612,1
44,-36,1.390824381,4.604293588,1
44,-35,2.738207135,3.367606777,1
44,-34,3.381892448,4.838450292,1
44,-33,4.21015797,4.877285799,1
44,-32,4.39690673,5.112571947,1
44,-31,3.916345101,5.358382955,1
44,-30,3.893980904,5.735126296,1
44,-29,3.584890024,6.54702405,1
44,-28,3.347535206,6.588509455,1
44,-27,3.44715315,6.406888661,1
44,-26,3.481484275,6.177574279,1
44,-25,3.941927941,5.637588515,1
44,-24,4.355998239,6.223928226,1
44,-23,4.366875589,5.015049279,1
44,-22,3.477552165,4.998884491,1
44,-21,2.865117643,4.791625504,1
44,-20,2.524420131,5.182967768,1
44,-19,2.587170708,5.41404458,1
44,-18,2.185490197,5.304759321,1
44,-17,1.794076368,4.272129525,1
44,-16,1.729816716,3.491183196,1
44,-15,2.11729614,3.863850556,1
44,-14,3.379081894,5.041683757,1
44,-13,3.252076089,5.072288866,1
44,-12,2.45929969,4.47178945,1
44,-11,2.198240845,5.2483059,1
44,-10,2.533580841,6.314320786,1
44,-9,3.068115655,6.545791674,1
44,-8,3.329333883,6.568198756,1
44,-7,3.074496038,5.458276688,1
44,-6,2.890256795,5.597719154,1
44,-5,2.570235848,6.734116588,1
44,-4,2.712302974,6.440984427,1
44,-3,3.133698953,5.987167844,1
44,-2,3.060219786,5.180388197,1
44,-1,2.211782646,4.245068486,1
44,0,1.233481905,2.192696318,1
44,1,1.259672394,1.896721901,1
44,2,1.508135608,3.571984616,1
44,3,1.572603028,3.76586263,1
44,4,1.44195651,3.084611355,1
44,5,1.458559766,3.401857187,1
44,6,1.410041293,4.253346247,1
44,7,1.401781448,4.181597158,1
44,8,1.437072996,4.238347568,1
44,9,1.805999851,2.148102267,1
44,10,2.292670044,4.416316166,1
44,11,3.854141461,4.844679328,1
44,12,3.800771197,5.495754552,1
44,13,3.527459352,5.952636818,1
44,14,2.83727784,5.741297154,1
44,15,2.642613363,5.896627549,1
44,16,2.822329569,4.20352997,1
44,17,2.613421222,4.94165115,1
44,18,2.095168397,5.067215845,1
44,19,2.239736876,4.462680437,1
44,20,2.359777596,5.486663152,1
44,21,2.614468081,5.950104288,1
44,22,2.999074459,6.113601662,1
44,23,3.0140546,6.379960768,1
44,24,3.162901096,6.208181098,1
44,25,3.684468701,5.912303779,1
44,26,3.898075578,5.919484214,1
44,27,3.0863929,6.631565889,1
44,28,2.563278698,6.569022736,1
44,29,1.98498866,5.196681532,1
44,30,1.559386086,3.589348636,1
44,31,1.297124066,2.039428766,1
44,32,1.19889851,3.642537272,1
44,33,1.88330133,4.137648843,1
44,34,2.403580972,4.095715003,1
44,35,1.324181444,4.229014397,1
44,36,1.306108158,3.950519161,1
44,37,1.765102487,3.460252966,1
44,38,2.239763725,3.346127422,1
44,39,1.373223117,4.064284541,1
44,40,2.190889157,3.610446275,1
44,41,1.933667212,3.528014303,1
44,42,1.434137411,3.461338941,1
44,43,1.808129554,3.632456314,1
44,44,2.169680913,3.141004585,1
44,45,2.206614843,3.610825882,1
44,46,1.611882658,2.547478475,1
44,47,2.136828122,3.220590415,1
44,48,1.804275271,4.397415881,1
44,49,1.4816954,2.226358598,1
44,50,2.20640496,3.136641438,1
44,51,1.873299689,3.276695575,1
44,52,1.169587631,1.11069409,1
44,55,1.131772558,0.5625164851,0
44,56,1.442269256,1.493721281,0
44,57,1.908734755,4.627536866,0
44,58,2.564927283,4.916408923,0
44,59,4.010556717,5.21538222,0
44,60,5.052254339,5.159235346,0
44,61,4.917253558,4.785499596,0
44,62,4.372571416,4.819073564,0
44,63,3.127154572,4.951731695,0
44,64,3.10132296,5.77720826,0
44,65,4.10627434,6.020885442,0
44,66,4.055532942,5.848925508,0
44,67,3.115498948,6.581454169,0
44,68,3.109434536,6.943391535,0
44,69,3.448825258,6.819684323,0
44,70,4.054909408,7.051951285,0
44,71,4.352508501,6.528672984,0
44,72,3.727400019,6.464325516,0
44,73,2.897930651,6.136822171,0
44,74,4.136143485,6.790809527,0
44,75,4.31868902,6.457895677,0
44,76,3.036217046,6.427800387,0
44,77,2.610745251,5.9314436,0
44,78,3.95623675,5.773379748,0
44,79,4.075310104,6.185566759,0
44,80,3.57242948,6.171271827,0
44,81,2.767462857,5.770568608,0
44,82,2.870676522,5.991743816,0
44,83,2.878768927,5.212759517,0
44,84,2.781835688,4.586995419,0
44,85,2.460044771,5.197074637,0
44,86,3.660806744,5.887353112,0
44,87,3.141032898,6.040973814,0
44,88,3.806768497,5.371110105,0
44,89,3.944157697,5.254472237,0
44,90,3.007184022,5.210534121,0
44,91,2.408299253,4.747178066,0
44,92,2.099481765,2.090877427,0
44,93,1.511640343,4.628631488,0
44,94,1.330937949,4.033256569,0
44,95,1.128102194,2.030184237,0
44,96,1.479952711,0.8890527294,0
48,-100,1.096980429,1.688640606,0
48,-99,1.09664796,2.651150562,0
48,-98,1.482646899,4.44107004,0
48,-97,1.907311211,5.472252909,0
48,-96,1.674224792,5.711959217,0
48,-95,1.786183989,6.503262727,0
48,-94,1.842635283,6.854063593,0
48,-93,1.872793188,6.417098202,0
48,-92,2.072430408,6.323325498,0
48,-91,2.34067922,6.682916826,0
48,-90,3.143127026,5.260196103,0
48,-89,3.211233498,5.128864444,0
48,-88,3.445856578,5.951231574,0
48,-87,4.292500161,7.168979035,0
48,-86,5.487629378,6.993580731,0
48,-85,5.632998278,7.084190444,0
48,-84,5.727138444,7.309931635,0
48,-83,5.999857942,6.682271333,0
48,-82,7.988726779,6.986657171,0
48,-81,9.27585147,6.992057175,0
48,-80,8.692112133,6.673391465,0
48,-79,9.344924368,6.913003489,0
48,-78,6.671499956,6.768799201,0
48,-77,4.600310843,6.770167284,0
48,-76,3.776461016,6.506683769,0
48,-75,4.080902304,6.531102985,0
48,-74,5.28009319,6.748569941,0
48,-73,8.642646181,7.327444194,0
48,-72,11.27770771,6.918184673,0
48,-71,7.840480166,6.509182426,0
48,-70,6.008719397,6.535626654,0
48,-69,6.694563187,5.998843969,0
48,-68,3.815210488,5.525924837,0
48,-67,2.19899735,4.461490639,0
48,-66,1.108472181,1.03482995,0
48,-60,1.11358921,1.73669321,0
48,-59,1.193527046,3.430053967,0
48,-58,1.165559252,2.571336255,0
48,-57,1.092852848,2.28895436,0
48,-56,1.049091136,1.749256795,0
48,-55,1.157349382,2.386370242,0
48,-54,1.830661136,4.343418495,0
48,-53,2.887997578,5.701779327,0
48,-52,4.760387335,7.01606542,0
48,-51,6.788113625,7.146497212,0
48,-50,5.590752002,6.851275174,0
48,-49,5.615966945,6.973822534,0
48,-48,7.881891195,7.022140727,0
48,-47,5.749353921,7.457076795,0
48,-46,6.002018472,7.604388729,0
48,-45,8.427470583,7.209939439,0
48,-44,7.105639177,7.044804562,0
48,-43,6.868883979,6.580289895,0
48,-42,6.584912357,6.436665207,0
48,-41,3.917830593,6.051199774,0
48,-40,2.555289584,5.748134148,0
48,-39,1.57290887,3.314740119,0
48,-38,0.982814369,0.5809205197,0
48,-37,1.248883592,0.8395485732,0
48,-32,1.545546758,1.754207023,1
48,-31,1.651847541,4.726005646,1
48,-30,1.856902723,6.843869161,1
48,-29,2.417792549,7.02203393,1
48,-28,2.098787693,7.581315382,1
48,-27,1.823373809,8.270024375,1
48,-26,1.867992123,8.319652388,1
48,-25,1.868757945,7.777276867,1
48,-24,1.824141022,7.249182611,1
48,-23,2.743622167,6.545257751,1
48,-22,2.845570828,6.288641516,1
48,-21,2.7624847,6.428029962,1
48,-20,2.597220507,6.68494774,1
48,-19,2.974192511,7.186368661,1
48,-18,2.53109379,7.317861886,1
48,-17,1.696939784,7.69062883,1
48,-16,1.648393426,7.882789863,1
48,-15,1.659860626,7.952128443,1
48,-14,1.648908598,7.962724843,1
48,-13,1.657671215,7.723781771,1
48,-12,2.827812318,7.264467755,1
48,-11,2.093461811,6.867911724,1
48,-10,1.642573607,6.110880561,1
48,-9,1.638315607,6.590405223,1
48,-8,1.800815772,6.624782903,1
48,-7,2.523935385,6.944028032,1
48,-6,4.825015668,7.311928593,1
48,-5,5.615096695,7.189212117,1
48,-4,6.934720439,6.930120823,1
48,-3,11.14431526,6.969117725,1
48,-2,8.674391607,8.437222274,1
48,-1,6.612122154,7.520440462,1
48,0,5.797457305,7.059495727,1
48,1,3.648362468,7.296559466,1
48,2,3.588862528,7.21817487,1
48,3,4.960470664,7.37258225,1
48,4,4.852233813,7.57035599,1
48,5,4.084464782,6.96350744,1
48,6,3.594310289,6.804806858,1
48,7,3.061196636,7.292107725,1
48,8,3.055347424,7.607032867,1
48,9,3.00084625,7.179000852,1
48,10,3.125948377,6.670352594,1
48,11,3.131702891,6.223394321,1
48,12,2.875648262,6.297036355,1
48,13,2.854467077,6.17992149,1
48,14,2.858024722,6.347720857,1
48,15,2.806102186,6.779827225,1
48,16,2.654679209,6.267659186,1
48,17,2.5225932,5.419361851,1
48,18,2.479488192,5.175405852,1
48,19,2.069904433,4.801766674,1
48,20,2.05431464,4.090336871,1
48,21,1.868483096,4.703979121,1
48,22,1.210256073,5.204621927,1
48,23,1.217668348,5.402514314,1
48,24,1.222972789,6.352996521,1
48,25,1.228515787,6.656390176,1
48,26,1.530911163,6.167094659,1
48,27,1.394550484,4.904767289,1
48,28,1.421808236,3.245669934,1
48,29,1.526335352,5.392220185,1
48,30,1.693253103,5.907660325,1
48,31,2.203370308,6.009299344,1
48,32,2.690161924,6.837530416,1
48,33,3.940121943,7.021508562,1
48,34,5.415313641,7.564324337,1
48,35,5.599213718,7.546094399,1
48,36,6.597456861,7.431759579,1
48,37,6.891825384,6.997674564,1
48,38,7.229266538,6.850709815,1
48,39,4.770279246,6.219607462,1
48,40,6.459838276,7.240943688,1
48,41,8.054515357,7.678135879,1
48,42,4.855872185,7.567880185,1
48,43,4.847791605,7.896028928,1
48,44,4.843914724,8.274466935,1
48,45,7.023903586,8.509364863,1
48,46,5.70468754,7.503071475,1
48,47,4.266983361,6.907800548,1
48,48,3.035635875,7.112848027,1
48,49,2.422244397,7.107045212,1
48,50,1.939896043,6.826521546,1
48,51,1.77179766,5.712439427,1
48,52,1.679099064,4.249047493,1
48,53,1.165699201,4.019794817,1
48,54,1.191978707,1.758054872,1
48,55,1.0292082,0.5590932776,1
48,58,0.9636438434,0.44435177,0
48,59,1.338669648,2.471337661,0
48,60,1.43628312,3.738517593,0
48,61,1.536158622,5.061709803,0
48,62,1.902822018,6.76829261,0
48,63,2.731345867,7.039393871,0
48,64,3.700549044,7.394229451,0
48,65,6.005300645,7.76318638,0
48,66,9.183356129,7.497325751,0
48,67,4.770850154,7.08662409,0
48,68,2.935946826,6.910020873,0
48,69,2.58412514,6.397738439,0
48,70,2.773835583,6.114826139,0
48,71,3.107815166,5.963915143,0
48,72,3.332919269,6.584496329,0
48,73,3.334308312,7.617915924,0
48,74,2.586705888,7.538401526,0
48,75,2.465396433,7.098100303,0
48,76,3.382852264,7.547468932,0
48,77,3.557561425,7.286139029,0
48,78,3.768993934,7.937872803,0
48,79,4.271600008,7.716676881,0
48,80,6.34867642,7.21867438,0
48,81,6.79595065,7.071658574,0
48,82,4.656389108,7.121792983,0
48,83,4.306508828,6.979481506,0
48,84,4.528858408,7.028603109,0
48,85,5.008384953,7.474227168,0
48,86,4.014937643,7.427882718,0
48,87,4.054556816,7.154964055,0
48,88,3.93469468,6.824603883,0
48,89,3.867416227,6.62494214,0
48,90,4.51617109,6.807667061,0
48,91,5.888077237,6.629442255,0
48,92,5.866864543,5.936172403,0
48,93,4.843796486,5.729355262,0
48,94,3.020961881,5.609625752,0
48,95,2.184975725,5.507572539,0
48,96,1.891074527,5.306020061,0
48,97,1.533325277,4.693635169,0
48,98,1.130755814,2.882966154,0
48,99,1.092584767,2.651471874,0
48,100,1.112355158,2.598236362,0
51,-100,1.927514331,2.893287715,0
51,-99,2.139074065,3.281750453,0
51,-98,1.648304048,5.759939433,0
51,-97,1.818735324,4.978146173,0
51,-96,1.726888747,7.306729049,0
51,-95,1.691362591,7.845823523,0
51,-94,2.644553289,7.510246266,0
51,-93,2.899656372,7.657695816,0
51,-92,3.987399396,8.136614934,0
51,-91,5.748099743,8.66998013,0
51,-90,9.128259262,8.685864466,0
51,-89,10.37600692,8.715374276,0
51,-88,11.09191548,8.719617909,0
51,-87,11.92069204,9.289803689,0
51,-86,11.99373113,9.542317827,0
51,-85,11.51246777,8.579279347,0
51,-84,9.962072494,8.61369456,0
51,-83,9.613294501,8.828028972,0
51,-82,9.415601169,8.696539244,0
51,-81,9.313975227,8.653866203,0
51,-80,9.498491908,8.689693216,0
51,-79,9.415481257,8.451684782,0
51,-78,9.06749795,8.645996682,0
51,-77,8.184772946,8.414763009,0
51,-76,7.952777895,8.291252407,0
51,-75,7.499192531,8.607518807,0
51,-74,6.664170067,7.443938326,0
51,-73,5.863204458,7.238555295,0
51,-72,5.655843677,8.186040588,0
51,-71,5.424234262,7.999606147,0
51,-70,5.453493728,7.519461406,0
51,-69,5.669832037,7.868921754,0
51,-68,5.584600788,7.930652834,0
51,-67,5.486765715,7.698084409,0
51,-66,5.32288758,7.966177136,0
51,-65,5.366078297,7.751417022,0
51,-64,5.162342416,7.773615092,0
51,-63,5.370679327,8.369927947,0
51,-62,4.972399906,8.60915561,0
51,-61,4.749276852,8.763367323,0
51,-60,5.27685656,8.629825308,0
51,-59,5.124328436,8.159553986,0
51,-58,5.086161227,7.713887403,0
51,-57,4.899267103,7.565886723,1
51,-56,4.694086621,7.533683943,1
51,-55,4.527402687,7.907017058,1
51,-54,4.324027365,7.809290387,1
51,-53,4.611742796,7.605508687,1
51,-52,4.837053463,7.695443016,1
51,-51,4.432164445,7.627189563,1
51,-50,4.312584823,7.224539209,1
51,-49,4.235432003,7.611615836,1
51,-48,4.372398983,7.21696199,1
51,-47,4.142021396,7.272434149,1
51,-46,3.976811128,6.611884371,1
51,-45,4.064947327,6.823178215,1
51,-44,3.920205981,7.328591539,1
51,-43,3.881241638,7.502386586,1
51,-42,3.662258767,7.692489711,1
51,-41,3.421171476,7.035369355,1
51,-40,3.559262727,6.74420898,1
51,-39,3.583541621,6.743664637,1
51,-38,4.062425035,6.644398061,1
51,-37,4.066507172,6.545368475,1
51,-36,4.11125494,7.563888867,1
51,-35,4.285391931,8.293420225,1
51,-34,4.335793044,8.791318973,1
51,-33,4.399842396,8.772621194,1
51,-32,4.238968934,8.250480534,1
51,-31,4.228597576,8.196326186,1
51,-30,3.953523985,8.022107086,1
51,-29,3.942112301,7.692462258,1
51,-28,3.991612158,8.045666862,1
51,-27,3.825626369,7.713298337,1
51,-26,3.798404874,7.497261561,1
51,-25,4.17819992,7.434453507,1
51,-24,4.350828286,7.375577702,1
51,-23,4.147038229,8.031057163,1
51,-22,3.941128712,8.101951157,1
51,-21,3.929007506,7.859122234,1
51,-20,3.946293531,7.790655931,1
51,-19,4.020480464,7.727276715,1
51,-18,3.818158287,7.082982031,1
51,-17,4.022629405,6.764358983,1
51,-16,4.129541701,6.849577056,1
51,-15,4.218279251,7.733303508,1
51,-14,4.214983142,8.07016785,1
51,-13,4.001095376,7.771112763,1
51,-12,4.035865713,7.824531174,1
51,-11,3.982138212,7.130717813,1
51,-10,4.023143475,6.876448789,1
51,-9,4.344005714,7.089734419,1
51,-8,4.289050413,7.716933152,1
51,-7,4.194971277,7.720117917,1
51,-6,3.885558831,7.65588477,1
51,-5,3.809648371,7.322047115,1
51,-4,3.660059443,7.177772292,1
51,-3,3.665586737,7.088262598,1
51,-2,3.843453467,7.238493581,1
51,-1,4.072942277,7.324265741,1
51,0,4.238506888,6.935122411,1
51,1,4.220644802,6.61500408,1
51,2,4.246775925,6.610772138,1
51,3,4.258565974,6.744269685,1
51,4,4.369311691,7.006775883,1
51,5,4.586886134,7.148900239,1
51,6,4.384787725,7.583234024,1
51,7,4.321533302,7.477879572,1
51,8,4.150090387,7.441600947,1
51,9,4.072540685,7.620747361,1
51,10,4.05624285,7.427615954,1
51,11,4.077554334,7.402268283,1
51,12,4.126606384,7.211788005,1
51,13,4.149023593,7.432990264,1
51,14,4.019886404,7.643942275,1
51,15,3.725201932,7.405681532,1
51,16,3.966112996,7.272060351,1
51,17,3.952406107,7.002582697,1
51,18,4.060582507,6.641694929,1
51,19,3.498988077,6.555640972,1
51,20,3.817749501,6.817221038,1
51,21,3.720931584,6.842692819,1
51,22,4.19338552,6.858563598,1
51,23,4.032749547,6.925815829,1
51,24,3.754036116,6.92699301,1
51,25,4.037651819,7.031162568,1
51,26,4.086258664,7.04693123,1
51,27,4.260329367,7.456134862,1
51,28,4.201520269,7.729609987,1
51,29,4.139967339,7.898812266,1
51,30,4.118091348,8.155731394,1
51,31,4.015505615,8.46095949,1
51,32,4.067191755,8.577628197,1
51,33,3.951239991,8.483853848,1
51,34,3.696528865,7.809494328,1
51,35,3.715011799,7.473754961,1
51,36,3.350752297,6.883609399,1
51,37,3.494733366,6.961230862,1
51,38,3.761579151,7.361080542,1
51,39,3.623957994,8.038619181,1
51,40,3.768204208,8.322621221,1
51,41,3.750542506,8.663105104,1
51,42,4.034004591,8.719782721,1
51,43,4.100833065,8.562440133,1
51,44,4.278399198,8.425398934,1
51,45,4.573254985,8.323710877,1
51,46,4.681226223,8.269245868,1
51,47,4.545092426,8.217258633,1
51,48,4.420812845,8.067373663,1
51,49,4.403051952,8.188713383,1
51,50,4.306871318,8.24790106,1
51,51,4.216594668,8.16599435,1
51,52,4.326324815,8.045566505,1
51,53,4.395459665,7.948499559,1
51,54,4.110003175,7.682117587,1
51,55,4.041510773,7.551360244,1
51,56,4.418752656,7.474755799,1
51,57,4.321069665,7.434979537,1
51,58,4.219879149,7.396223894,1
51,59,4.360320711,7.368104072,1
51,60,4.54905072,7.586821744,1
51,61,5.155083864,7.936037656,0
51,62,5.43477274,8.428982984,0
51,63,5.471390398,8.385882066,0
51,64,5.702221377,8.868971331,0
51,65,5.482831319,9.429019653,0
51,66,5.631896961,9.070284631,0
51,67,5.317015397,8.426870264,0
51,68,5.185926629,8.207786956,0
51,69,5.810896614,7.583362781,0
51,70,5.86825059,6.927163478,0
51,71,5.422612401,6.900236446,0
51,72,5.360653203,7.753334924,0
51,73,5.61655868,8.084744249,0
51,74,5.904395341,8.034793265,0
51,75,5.457941288,8.239047921,0
51,76,4.577608012,7.657139615,0
51,77,4.845847309,7.429130819,0
51,78,5.305205035,7.571323939,0
51,79,5.580869932,7.55407871,0
51,80,5.439060318,8.19961033,0
51,81,5.45959622,8.436783865,0
51,82,5.672850254,8.003721322,0
51,83,5.548734311,7.492387341,0
51,84,5.297353032,7.15659084,0
51,85,5.015254694,7.226066063,0
51,86,4.686361171,8.145487454,0
51,87,3.279171813,8.551539954,0
51,88,3.248581378,8.718760341,0
51,89,3.631677481,9.081794945,0
51,90,3.51965882,9.121194603,0
51,91,3.210146643,9.058409355,0
51,92,4.415095003,8.374465074,0
51,93,4.194770669,8.183643859,0
51,94,3.975167507,8.137060216,0
51,95,4.216768215,7.919605716,0
51,96,4.703127934,8.255354541,0
51,97,4.976119782,8.597219014,0
51,98,5.467815529,8.900863769,0
51,99,4.367364353,9.309048758,0
51,100,6.040884426,9.337739244,0
60,-93,1.935063622,1.701520544,0
60,-92,2.241427935,3.809241021,0
60,-91,2.541383856,5.388146502,0
60,-90,4.44128489,8.828807462,0
60,-89,6.413934201,9.233110793,0
60,-88,10.12157217,9.302003707,0
60,-87,11.05243228,9.300976387,0
60,-86,10.8888324,9.337917338,0
60,-85,8.735210566,8.961345244,0
60,-84,6.771537786,8.230660134,0
60,-83,4.992428963,7.766142029,0
60,-82,3.87650052,7.111603116,0
60,-81,3.555581584,6.610153555,0
60,-80,3.053384734,5.937837296,0
60,-79,2.610801143,5.476525017,0
60,-78,1.926488676,4.854030953,0
60,-77,1.701713257,1.065293212,0
60,-76,1.889575333,2.032941722,0
60,-75,1.796296849,0.8730591319,0
60,-66,1.800531747,0.7127519337,1
60,-65,1.792753607,0.9528895224,1
60,-64,1.720430581,0.7952716293,1
60,-63,1.959504435,1.019924543,1
60,-62,1.837337689,0.5430566128,1
60,79,1.82412994,1.2180802,0
60,80,1.944501139,2.521010252,0
60,81,1.918559081,2.063117822,0
60,82,1.732392574,0.5604606801,0
60,87,1.821641889,0.7446423332,0
60,88,1.917225647,0.6761866203,0
60,89,2.160871777,1.312074482,0
60,90,1.816888638,0.8033634644,0
60,95,1.61219754,0.3511963675,0
60,96,1.901892754,1.487753746,0
60,97,1.945431711,1.466488286,0
60,98,2.143937522,1.164989149,0
60,99,1.995258951,0.7730668479,0
60,100,2.073707102,4.493511487,0
68,-100,6.416192486,11.7364804,0
68,-99,6.424510829,11.86937264,0
68,-98,6.458184414,12.10605232,0
68,-97,6.483346523,11.80750755,0
68,-96,8.764487758,9.314994556,0
68,-95,8.666348921,9.678022813,0
68,-94,9.052319926,10.40212547,0
68,-93,10.00647806,11.32782879,0
68,-92,11.99284795,11.65002521,0
68,-91,12.45615185,11.86198792,0
68,-90,14.27071406,11.60069264,0
68,-89,13.80966754,11.86990472,0
68,-88,13.53965756,11.67590424,0
68,-87,13.62228724,11.21426843,0
68,-86,13.33359086,11.40784054,0
68,-85,12.80713659,11.68132062,0
68,-84,12.64124352,11.4925739,0
68,-83,12.33970964,11.46193448,0
68,-82,12.23402438,11.33173098,0
68,-81,11.26186141,11.3800834,0
68,-80,10.97771403,11.02658632,0
68,-79,10.17964082,11.34206391,0
68,-78,10.03875119,11.27033024,0
68,-77,9.953983119,11.23074182,0
68,-76,9.866226414,11.85783478,0
68,-75,9.987287826,12.25814999,0
68,-74,10.17736574,12.0716578,0
68,-73,10.15459057,12.09744925,0
68,-72,10.05607874,11.78976938,0
68,-71,9.777730968,11.10670848,0
68,-70,9.535602019,11.11039461,1
68,-69,9.346155323,11.37841295,1
68,-68,8.373048156,11.59381414,1
68,-67,7.762317483,11.75860537,1
68,-66,7.513181656,12.01787834,1
68,-65,7.760230835,11.91074587,1
68,-64,8.434124334,11.41431167,1
68,-63,8.737859305,11.30404157,1
68,-62,8.358994907,11.65545253,1
68,-61,8.439530219,11.80445337,1
68,-60,8.756956694,11.02611504,1
68,-59,8.799078713,10.74365826,1
68,-58,8.734184005,11.04936717,1
68,-57,8.77191496,11.48221754,1
68,-56,8.631541939,11.46637419,1
68,-55,8.643869709,11.38057504,1
68,-54,8.643063075,11.26671968,1
68,-53,8.517985252,11.16642373,1
68,-52,8.228085036,10.90772443,1
68,-51,8.217137789,10.64111395,1
68,-50,8.306523607,10.72964137,1
68,-49,8.290359334,11.05121305,1
68,-48,8.41778707,11.6077985,1
68,-47,8.544452989,11.81908646,1
68,-46,8.7977336,12.27008491,1
68,-45,8.907494136,11.72914208,1
68,-44,8.521086696,11.10459508,1
68,-43,8.222401227,11.16607387,1
68,-42,8.314866025,11.47223562,1
68,-41,8.190613909,11.69159682,1
68,-40,8.229582971,11.78843986,1
68,-39,8.283790266,12.15519746,1
68,-38,8.310324487,12.13426611,1
68,-37,8.122920442,11.78572273,1
68,-36,8.126051513,11.29840638,1
68,-35,7.68915655,11.17831029,1
68,-34,7.390572146,11.61706495,1
68,-33,7.24789547,11.2421067,1
68,-32,7.141555728,9.990350886,1
68,-31,7.209080136,8.978261168,1
68,-30,6.55568624,9.607711832,1
68,-29,7.068414363,10.84866887,1
68,-28,7.041650601,10.79749556,1
68,-27,7.279316991,10.95725694,1
68,-26,7.035409936,10.26530677,1
68,-25,7.178337859,10.82138514,1
68,-24,7.601048502,11.6133742,1
68,-23,7.705219335,12.06362291,1
68,-22,7.40319837,11.69279554,1
68,-21,6.461641975,11.31246338,1
68,-20,6.799277785,10.98236638,1
68,-19,7.430570783,10.66404075,1
68,-18,7.401654263,10.36723398,1
68,-17,7.483853972,10.94674508,1
68,-16,6.374509378,11.6400515,1
68,-15,3.652217268,11.66300394,1
68,-14,2.745790042,10.84919214,1
68,-13,2.287543694,7.113061728,1
68,-12,2.326538683,6.563313369,1
68,-11,3.902381816,11.14380128,1
68,-10,6.955903871,11.54510583,1
68,-9,7.313570775,11.93677601,1
68,-8,7.632357924,11.44121057,1
68,-7,7.884856495,10.97116342,1
68,-6,7.854999447,10.75329402,1
68,-5,7.696454592,11.81282078,1
68,-4,7.154931334,11.77765054,1
68,-3,6.708452079,12.10918938,1
68,-2,7.408376591,11.64133748,1
68,-1,7.487660678,11.16684942,1
68,0,7.300620398,11.43566244,1
68,1,7.467831693,11.76205323,1
68,2,7.608420488,11.92127396,1
68,3,7.807343256,10.31814918,1
68,4,7.678346459,10.10913306,1
68,5,7.41950624,11.12464499,1
68,6,7.509903487,11.09258388,1
68,7,7.416354754,11.07851753,1
68,8,7.601166941,11.41724369,1
68,9,7.679261351,11.35018389,1
68,10,7.50965533,11.04818554,1
68,11,7.557742215,10.88019171,1
68,12,7.598824084,10.70762699,1
68,13,7.60509797,10.36622918,1
68,14,7.470460581,8.943661173,1
68,15,7.346579525,8.42571269,1
68,16,7.262874071,7.932925894,1
68,17,7.331163718,7.054649628,1
68,18,6.737944956,6.309352746,1
68,19,7.174201368,5.943876723,1
68,20,7.425395539,6.340063217,1
68,21,7.424251362,8.481521486,1
68,22,7.536644464,9.281912595,1
68,23,7.704147577,10.33467481,1
68,24,7.254947323,10.67892996,1
68,25,6.506642311,10.78066302,1
68,26,6.323955682,10.82609076,1
68,27,6.237627882,8.242018974,1
68,28,6.466737834,10.80088607,1
68,29,7.07388939,11.01542042,1
68,30,7.600829267,10.98083629,1
68,31,7.993893706,10.61072463,1
68,32,8.035384077,10.55816478,1
68,33,7.963966284,10.25380736,1
68,34,7.859544268,11.22607588,1
68,35,7.76694707,11.21782812,1
68,36,7.483912796,11.02853977,1
68,37,7.883833271,11.3970006,1
68,38,8.021963689,11.37789575,1
68,39,8.069432924,11.32415704,1
68,40,8.133972446,11.78200414,1
68,41,8.135532974,11.7015028,1
68,42,8.220466823,11.39242164,1
68,43,8.238011908,10.96856547,1
68,44,8.27398453,11.09883398,1
68,45,8.582107105,10.97642009,1
68,46,8.774632975,11.18618826,1
68,47,8.752918627,10.79814791,1
68,48,8.481123137,10.83733601,1
68,49,8.455969503,10.8169681,1
68,50,8.201054617,11.0247517,1
68,51,8.399362373,11.32459369,1
68,52,8.565800842,11.44943862,1
68,53,8.581399591,11.76826506,1
68,54,8.752669141,12.02546085,1
68,55,8.662232818,11.26511893,1
68,56,8.78643912,11.40697667,1
68,57,9.063456017,11.34621489,1
68,58,9.063685889,11.20472353,1
68,59,9.049012692,11.48572566,1
68,60,8.920794619,11.70468243,1
68,61,8.832164645,11.92964585,1
68,62,9.153250302,12.03717302,1
68,63,9.285084289,12.01228117,1
68,64,9.091676198,12.01451417,1
68,65,9.346133692,11.67397056,1
68,66,9.401771102,11.40921072,1
68,67,9.461302752,11.3057297,1
68,68,9.516772038,11.22923518,1
68,69,9.749612723,11.37309029,1
68,70,10.05249996,11.68400531,1
68,71,10.01692776,11.71388708,0
68,72,10.24314352,11.53067477,0
68,73,10.15622866,12.02398012,0
68,74,10.11089317,12.34754796,0
68,75,10.13117813,11.81522546,0
68,76,10.46601159,11.57574525,0
68,77,10.64162787,11.39790437,0
68,78,10.57729657,11.28233765,0
68,79,10.1338875,11.07994139,0
68,80,10.21586747,11.08363973,0
68,81,10.50949783,10.9527028,0
68,82,10.83726375,11.17603103,0
68,83,11.26705159,11.17803629,0
68,84,11.26923565,11.31961863,0
68,85,11.07254004,11.32551835,0
68,86,10.67039134,11.383561,0
68,87,10.97951356,11.45778169,0
68,88,11.56895999,11.75013556,0
68,89,12.61754355,12.39031063,0
68,90,12.69134697,11.85123452,0
68,91,13.19200486,11.59520613,0
68,92,13.40577219,11.4596566,0
68,93,13.62524608,11.57357994,0
68,94,13.91140375,11.47886427,0
68,95,13.84167515,11.32337316,0
68,96,14.55832426,11.62399198,0
68,97,14.32526177,11.48525204,0
68,98,11.86931988,11.7278818,0
68,99,8.859391067,11.6454855,0
68,100,6.359732159,10.28087506,0
94,-100,6.819533338,7.478013836,1
94,-99,6.660290413,8.093163471,1
94,-98,7.199105749,7.690814876,1
94,-97,7.836242578,7.697694224,1
94,-96,8.240973263,7.769198677,1
94,-95,6.226772082,8.096395159,1
94,-94,6.149610804,8.192468363,1
94,-93,6.096777928,8.167939493,1
94,-92,7.586066515,7.99678271,1
94,-91,6.297122181,8.046676823,1
94,-90,6.22962876,8.17079769,1
94,-89,7.686571371,7.686303562,1
94,-88,7.232760762,7.386488416,1
94,-87,7.037908004,7.591540418,1
94,-86,7.704619809,7.669531109,1
94,-85,7.583475907,7.301978854,1
94,-84,7.127669433,7.417088258,1
94,-83,5.724797392,7.503469261,1
94,-82,4.391158793,7.502753927,1
94,-81,4.294442799,7.613929944,1
94,-80,4.354991517,7.171538162,1
94,-79,8.136002495,7.326750174,1
94,-78,8.194157747,7.480642012,1
94,-77,8.41647562,7.941609816,1
94,-76,8.65568281,8.42729766,1
94,-75,9.097562238,8.247955707,1
94,-74,9.597411681,8.045949639,1
94,-73,9.720415654,9.09321435,1
94,-72,9.143262753,9.235328156,1
94,-71,8.713608543,8.623484869,1
94,-70,7.200315628,8.496202474,1
94,-69,8.384574202,8.48001796,1
94,-68,9.124051671,8.319250145,1
94,-67,9.561417592,8.380647904,1
94,-66,9.82690552,6.559746055,1
94,-65,9.812859672,8.406678239,1
94,-64,9.781517732,7.816584683,1
94,-63,7.962802415,7.413928398,1
94,-62,8.343499832,7.436584644,1
94,-61,8.960292671,8.074389128,1
94,-60,9.25169361,8.402265845,1
94,-59,9.376979767,8.245714309,1
94,-58,9.422951505,7.747398521,1
94,-57,7.695803572,7.519028981,1
94,-56,7.785894717,7.65988931,1
94,-55,9.514971127,7.673208909,1
94,-54,9.746022577,8.090177771,1
94,-53,7.989690864,8.272978401,1
94,-52,8.212450711,8.162115484,1
94,-51,9.661353989,7.786215578,1
94,-50,10.78829838,8.02237862,1
94,-49,11.36282907,7.673116666,1
94,-48,10.63758159,7.638177635,1
94,-47,7.629581636,7.879735767,1
94,-46,5.79842196,8.120029276,1
94,-45,5.348709459,8.257747606,1
94,-44,5.262157862,7.818041812,1
94,-43,5.251928167,7.410531486,1
94,-42,5.289252715,7.703293862,1
94,-41,5.191994539,7.821339539,1
94,-40,5.18359696,8.015561661,1
94,-39,5.758551595,8.136291695,1
94,-38,6.471501423,8.272533875,1
94,-37,4.461154607,8.659286379,1
94,-36,4.525358758,8.529966038,1
94,-35,4.615528527,8.179961239,1
94,-34,5.88932685,7.550960339,1
94,-33,5.909574409,7.663430774,1
94,-32,6.688966226,8.40841409,1
94,-31,6.904633247,7.799806992,1
94,-30,6.980141499,7.983439925,1
94,-29,7.044832593,8.157805161,1
94,-28,5.712819834,7.956283843,1
94,-27,6.294923554,8.126203829,1
94,-26,6.546912043,8.272662668,1
94,-25,6.584059717,8.379334003,1
94,-24,7.244707948,8.412302754,1
94,-23,7.031453444,8.414411735,1
94,-22,4.626853207,8.566964094,1
94,-21,4.619547706,8.644448299,1
94,-20,4.63809187,8.453380643,1
94,-19,4.66431636,8.495933928,1
94,-18,4.720083269,8.542280792,1
94,-17,6.3459566,7.958873879,1
94,-16,7.859047878,7.676958417,1
94,-15,6.359354343,7.25400474,1
94,-14,5.765849772,7.250218322,1
94,-13,5.937639916,7.494258633,1
94,-12,6.172651764,7.458258681,1
94,-11,6.253556622,7.785774352,1
94,-10,6.602456986,7.705677283,1
94,-9,6.922558842,7.838994655,1
94,-8,7.147708168,7.553068822,1
94,-7,8.609911607,7.818444622,1
94,-6,9.049434868,7.976192283,1
94,-5,8.764587601,7.769161093,1
94,-4,10.56123801,7.721225797,1
94,-3,9.446844321,8.110577356,1
94,-2,8.024472788,8.106863549,1
94,-1,8.258764184,8.086610577,1
94,0,7.442851627,8.006108295,1
94,1,8.072827851,8.263085004,1
94,2,10.30518935,8.141909466,1
94,3,10.16710712,8.27094462,1
94,4,9.582010794,8.271647605,1
94,5,7.929935641,8.308733091,1
94,6,8.09162628,8.419342296,1
94,7,5.677643238,8.665944664,1
94,8,4.854217426,8.386897322,1
94,9,5.487794618,7.850697853,1
94,10,6.065346858,8.04059424,1
94,11,6.367891304,8.268291022,1
94,12,7.548286951,8.29192825,1
94,13,9.817735053,8.497242102,1
94,14,9.752098426,8.323692393,1
94,15,10.34245619,8.086746115,1
94,16,10.58850532,8.319485342,1
94,17,9.542241995,8.377481771,1
94,18,10.45022346,8.326316549,1
94,19,11.25682775,8.224053316,1
94,20,10.86101791,8.185817525,1
94,21,8.271892041,7.929276151,1
94,22,7.867553054,8.05456116,1
94,23,7.073320244,8.078904068,1
94,24,6.442614031,8.327789423,1
94,25,6.150255315,8.543118861,1
94,26,5.415525054,8.445098643,1
94,27,5.747812217,7.939395062,1
94,28,5.440970409,7.737317579,1
94,29,5.260300528,7.001349299,1
94,30,5.110615107,7.57452712,1
94,31,5.365267494,7.988624584,1
94,32,4.947405847,8.025623001,1
94,33,4.860820781,7.955867462,1
94,34,6.205634149,7.771449756,1
94,35,5.847373598,7.731179985,1
94,36,6.156109978,7.600358975,1
94,37,7.552222159,7.803728106,1
94,38,6.345732822,8.509090681,1
94,39,5.967784609,8.3593049,1
94,40,5.841813621,8.060369526,1
94,41,6.594910216,8.306278721,1
94,42,8.097189131,8.405711302,1
94,43,5.683242131,8.453783931,1
94,44,5.788971312,8.447043945,1
94,45,7.442912645,8.337162029,1
94,46,6.258558242,8.344101971,1
94,47,5.865319657,8.295206364,1
94,48,6.045354121,8.269385669,1
94,49,6.023304074,7.360890842,1
94,50,6.12337959,7.454893857,1
94,51,6.108075261,7.670921595,1
94,52,6.347506293,7.863274008,1
94,53,6.377724885,7.908643911,1
94,54,6.311709259,7.926157377,1
94,55,6.312861614,7.972941657,1
94,56,6.347940115,8.238462525,1
94,57,6.420393168,8.317591637,1
94,58,8.133629602,8.409620794,1
94,59,9.418989792,8.544865534,1
94,60,9.224642669,8.361041093,1
94,61,10.67209353,7.976469327,1
94,62,10.46718683,8.483938144,1
94,63,8.940400944,8.502121145,1
94,64,8.965134631,7.656191982,1
94,65,10.5319888,7.364363694,1
94,66,9.840441371,7.693897155,1
94,67,10.53031177,8.005366478,1
94,68,11.20649262,7.598359909,1
94,69,10.16906818,7.658879485,1
94,70,8.533158775,7.415334949,1
94,71,8.958214062,7.480105964,1
94,72,9.336039518,7.330956502,1
94,73,9.126244588,7.307504099,1
94,74,10.14516032,7.951224295,1
94,75,9.208813069,8.032938236,1
94,76,7.035066619,8.173905206,1
94,77,6.406116155,8.396708789,1
94,78,6.489420265,8.024384119,1
94,79,6.610576769,8.013860455,1
94,80,6.674968596,7.91422851,1
94,81,6.816832053,8.225418749,1
94,82,7.110828483,8.674812133,1
94,83,9.139580997,8.709449929,1
94,84,12.90710059,8.844956472,1
94,85,13.05990326,8.791232237,1
94,86,11.21914478,8.942697164,1
94,87,12.28177292,8.993608225,1
94,88,12.69921475,8.194484389,1
94,89,10.647073,8.078160437,1
94,90,10.00666846,8.534314858,1
94,91,8.127788174,8.556481331,1
94,92,8.068609871,8.106888734,1
94,93,10.25938351,8.314839748,1
94,94,11.36662369,8.224234227,1
94,95,7.389698207,8.042413256,1
94,96,4.197828223,7.45274794,1
94,97,2.249240383,5.161016626,1
94,98,1.481554614,2.759836764,1
94,99,1.182887839,1.646255284,1
94,100,1.095360639,1.3606389,0
95,-98,1.013960279,0.6858986283,0
95,-94,1.294384078,2.325959959,1
95,-93,2.157913564,5.591555581,1
95,-92,2.698378146,6.347811119,1
95,-91,2.799353845,6.244146364,1
95,-90,2.786767572,5.996499736,1
95,-89,2.730579825,6.039770754,1
95,-88,2.847139082,6.096526737,1
95,-87,3.333973321,6.404134714,1
95,-86,3.505809676,6.520091306,1
95,-85,3.604216849,6.623025126,1
95,-84,3.441067196,6.583394057,1
95,-83,3.329122014,6.280621459,1
95,-82,3.121023278,5.165482848,1
95,-81,3.149456957,5.49606626,1
95,-80,2.861245719,5.703579081,1
95,-79,2.320395282,5.622841345,1
95,-78,2.445855983,5.451171819,1
95,-77,2.71442591,5.383265197,1
95,-76,2.849075531,5.773277845,1
95,-75,3.081032768,6.109772342,1
95,-74,3.100001346,6.187095383,1
95,-73,3.010041284,5.982681232,1
95,-72,2.623117478,6.10266758,1
95,-71,2.604042305,5.789307313,1
95,-70,2.664964381,4.889451278,1
95,-69,2.714462205,4.409510145,1
95,-68,2.389013796,4.475018865,1
95,-67,2.531284606,5.003097758,1
95,-66,2.522358931,5.257436411,1
95,-65,2.663601988,5.862847551,1
95,-64,2.659336172,6.061017082,1
95,-63,2.818566346,5.872410116,1
95,-62,2.744539599,5.441477479,1
95,-61,2.770243002,5.008963641,1
95,-60,2.764705182,4.734243697,1
95,-59,2.550191872,4.704231266,1
95,-58,2.598808064,4.819154759,1
95,-57,2.612662532,5.092405531,1
95,-56,2.602229542,4.44576991,1
95,-55,2.662064508,4.229063133,1
95,-54,2.600531976,3.957394601,1
95,-53,2.126063883,3.820154751,1
95,-52,2.014609724,3.98241336,1
95,-51,2.489759046,4.008008241,1
95,-50,2.454613244,3.41037342,1
95,-49,2.48094727,3.312416224,1
95,-48,2.701967113,4.422524574,1
95,-47,2.657787819,5.102770175,1
95,-46,2.454752317,5.033452996,1
95,-45,2.705437947,5.562292383,1
95,-44,1.947909876,5.891274884,1
95,-43,1.895790552,5.799673344,1
95,-42,1.898590226,5.333540242,1
95,-41,1.82264725,5.053603529,1
95,-40,2.636597815,4.691181753,1
95,-39,2.887635258,5.068102588,1
95,-38,3.086500699,5.213606598,1
95,-37,3.095339596,5.424654091,1
95,-36,2.735457655,5.607987845,1
95,-35,2.635394326,5.896608858,1
95,-34,2.632095873,6.07529297,1
95,-33,2.720423599,5.497952133,1
95,-32,2.595062458,4.989345686,1
95,-31,2.535009832,4.190726174,1
95,-30,2.301053486,4.177579564,1
95,-29,1.878434117,3.115816713,1
95,-28,1.86805015,3.931208703,1
95,-27,1.876673003,4.028665594,1
95,-26,1.916811865,4.225954621,1
95,-25,1.804401281,4.014992199,1
95,-24,1.974116173,4.472075705,1
95,-23,1.869577313,5.465849839,1
95,-22,1.875348613,5.664459004,1
95,-21,1.905450455,5.610073603,1
95,-20,2.638015182,4.648733735,1
95,-19,2.726829994,4.535148734,1
95,-18,2.674561358,4.266964278,1
95,-17,2.685420436,4.954378004,1
95,-16,2.778730458,5.346559198,1
95,-15,2.845165672,5.261590373,1
95,-14,2.919547226,4.938287073,1
95,-13,2.928596578,5.348265939,1
95,-12,2.766770754,5.463329621,1
95,-11,2.687472479,6.055007243,1
95,-10,2.493742856,6.059197981,1
95,-9,2.762135507,6.146716547,1
95,-8,2.749463737,6.837229324,1
95,-7,2.936391355,6.12602591,1
95,-6,2.083081443,5.852213702,1
95,-5,2.922982937,5.927810148,1
95,-4,3.040940013,5.480240699,1
95,-3,2.884754973,5.269971843,1
95,-2,2.805656371,5.108392182,1
95,-1,2.842520698,5.281684566,1
95,0,2.778056857,5.776444772,1
95,1,2.362839155,5.568331384,1
95,2,1.749619796,3.773688521,1
95,3,1.854820206,2.773041027,1
95,4,1.943020776,4.641383413,1
95,5,2.236346786,4.295470343,1
95,6,1.761552278,2.309685507,1
95,7,2.537612745,2.072149693,1
95,8,2.655519838,2.532047642,1
95,9,2.797577054,2.444054645,1
95,10,2.328754437,3.448106016,1
95,11,2.784105889,5.134993527,1
95,12,2.869656571,5.183941795,1
95,13,2.86029816,4.37509599,1
95,14,2.510262909,5.787425257,1
95,15,2.235595572,5.435445144,1
95,16,2.337487645,5.152190122,1
95,17,2.456008447,4.913832176,1
95,18,2.496511517,5.145713692,1
95,19,2.347115037,4.895250522,1
95,20,2.277371587,5.346818786,1
95,21,2.313232041,4.575100409,1
95,22,2.385520396,4.594763342,1
95,23,2.636736069,4.566774863,1
95,24,2.729583025,5.007635967,1
95,25,2.867885243,5.101597433,1
95,26,2.88852153,4.737421161,1
95,27,2.437501224,4.6451034,1
95,28,2.44638156,4.564294059,1
95,29,2.694507717,4.909942121,1
95,30,2.618415347,5.067484648,1
95,31,2.450722037,5.573625313,1
95,32,2.787366185,6.183527006,1
95,33,3.056776016,5.783253595,1
95,34,2.9805561,5.262687988,1
95,35,2.74593213,4.969840036,1
95,36,2.434244899,4.765555593,1
95,37,2.562696099,4.406284822,1
95,38,2.71566403,4.289595021,1
95,39,2.748222906,4.735494121,1
95,40,2.681002506,5.336840386,1
95,41,2.654359241,5.227313384,1
95,42,2.548681065,5.054081503,1
95,43,2.694801333,5.057319643,1
95,44,2.911225989,5.215402719,1
95,45,2.775994387,4.802573886,1
95,46,2.689143467,5.103879212,1
95,47,2.722271552,5.311746642,1
95,48,2.738104841,4.976338997,1
95,49,2.07734665,4.901152142,1
95,50,2.269125037,5.173322242,1
95,51,2.080628332,4.91138336,1
95,52,2.515881478,5.182047271,1
95,53,2.399421038,5.130410353,1
95,54,2.499044855,5.90610229,1
95,55,2.508708885,5.898007733,1
95,56,2.489041368,5.626827643,1
95,57,2.505101997,5.352989371,1
95,58,2.862481903,5.20641855,1
95,59,2.820261165,5.182651164,1
95,60,3.288588791,5.168039456,1
95,61,3.111935759,4.845754845,1
95,62,3.065027696,5.094771812,1
95,63,2.901017285,5.249889915,1
95,64,3.14032243,5.055339089,1
95,65,3.22241941,4.950104958,1
95,66,3.058835845,5.156478891,1
95,67,2.81773294,5.355063721,1
95,68,2.940947267,6.032738031,1
95,69,2.522465052,6.274099969,1
95,70,2.967724241,5.702187576,1
95,71,2.798317509,5.55784411,1
95,72,2.764546456,5.165540996,1
95,73,2.83323068,5.615905719,1
95,74,2.811983327,5.496814713,1
95,75,2.990561024,5.305515554,1
95,76,3.289424524,4.587756387,1
95,77,3.079473862,4.692607226,1
95,78,2.972707944,4.73553092,1
95,79,2.28423971,4.715485223,1
95,80,2.137041012,4.054426758,1
95,81,2.719031109,3.928782873,1
95,82,2.150858347,3.916440354,1
95,83,2.380143056,4.326471234,1
95,84,2.381901896,4.475907307,1
95,85,2.676318454,4.363438405,1
95,86,2.994735986,4.3120671,1
95,87,2.434259792,4.386583294,1
95,88,2.382895752,4.881938256,1
95,89,2.622301685,5.13998468,1
95,90,3.005878266,6.251377397,1
95,91,2.877731789,5.985646062,1
95,92,2.594552809,5.416073415,1
95,93,2.767672675,5.56865629,1
95,94,2.802468874,5.317712234,1
95,95,1.714452457,5.434956504,1
95,96,1.834569264,5.628457435,1
95,97,2.177134574,4.352737575,1
95,98,1.339608764,2.608156496,1
95,99,1.169942543,1.505862472,0
101,-100,2.240080983,4.924312199,1
101,-99,3.287231517,5.298481289,1
101,-98,4.853049538,7.771180549,1
101,-97,5.632983804,7.886171124,1
101,-96,2.860913357,7.851277256,1
101,-95,2.985093264,7.78088872,1
101,-94,3.159935377,7.652826713,1
101,-93,6.227506259,7.2898391,1
101,-92,6.208308555,7.939963576,1
101,-91,4.914920741,8.379518291,1
101,-90,4.917692239,8.272015569,1
101,-89,4.777168399,8.168445146,1
101,-88,5.475503114,7.799608389,1
101,-87,4.979277657,7.400592451,1
101,-86,3.877038596,6.1698124,1
101,-85,3.129823035,4.970636281,1
101,-84,2.180574232,4.88853768,1
101,-83,2.003759101,5.373546714,1
101,-82,2.45669864,7.745795973,1
101,-81,3.619460232,8.392368505,1
101,-80,5.094200853,8.44062163,1
101,-79,7.382179153,8.78987779,1
101,-78,7.462075937,9.003158368,1
101,-77,7.795961086,8.631859331,1
101,-76,8.270317833,9.054737845,1
101,-75,8.292065539,8.951447696,1
101,-74,8.317735572,8.606485574,1
101,-73,8.345777806,8.727492896,1
101,-72,8.272251947,8.687580391,1
101,-71,8.531755777,8.489133735,1
101,-70,10.10471284,9.269613281,1
101,-69,12.04639833,8.887091028,1
101,-68,11.59219382,9.346752611,1
101,-67,10.27049276,9.286990675,1
101,-66,10.22785378,8.743367974,1
101,-65,10.59815326,9.217046296,1
101,-64,10.80559831,8.783854419,1
101,-63,10.85852078,8.918018097,1
101,-62,11.53156329,9.288086996,1
101,-61,13.25636083,9.683164363,1
101,-60,12.2782569,9.572172536,1
101,-59,11.94891683,9.547101856,1
101,-58,11.51736478,9.23895045,1
101,-57,10.36357124,8.589412223,1
101,-56,10.21261982,9.213859562,1
101,-55,10.04687722,9.273032191,1
101,-54,9.602578343,9.209194427,1
101,-53,9.643413457,8.839240514,1
101,-52,9.948385871,8.848463655,1
101,-51,10.50472817,9.001467136,1
101,-50,11.16529005,8.793341154,1
101,-49,10.46556322,8.618389257,1
101,-48,13.37462646,8.49554863,1
101,-47,11.76632268,8.784722517,1
101,-46,11.65703716,8.982015295,1
101,-45,11.2109255,8.941260255,1
101,-44,12.33979589,8.69986935,1
101,-43,10.73739544,8.21714359,1
101,-42,10.19629138,8.6853519,1
101,-41,11.31484014,8.598201853,1
101,-40,12.3255562,9.257262885,1
101,-39,14.42828417,9.455439566,1
101,-38,12.32287543,9.476535103,1
101,-37,11.63598047,9.048973021,1
101,-36,12.03730433,9.037426339,1
101,-35,11.6562421,9.175987699,1
101,-34,11.10005724,10.01995553,1
101,-33,10.75157403,9.750040854,1
101,-32,9.605206121,9.184307149,1
101,-31,10.06793087,8.989059637,1
101,-30,10.14513848,9.016915767,1
101,-29,9.712278778,8.847879617,1
101,-28,9.831385141,8.544379675,1
101,-27,8.52538879,8.730248313,1
101,-26,7.374258236,8.746725186,1
101,-25,4.998799359,8.58549623,1
101,-24,3.831439199,8.275367437,1
101,-23,3.658395378,7.9786007,1
101,-22,4.535034789,7.699315504,1
101,-21,6.17318606,7.931305787,1
101,-20,6.146464284,8.328589324,1
101,-19,5.233644041,8.750853302,1
101,-18,5.203021265,8.713961504,1
101,-17,5.188745951,8.175251775,1
101,-16,5.284476528,8.172814871,1
101,-15,6.192603278,8.120213477,1
101,-14,7.738707478,8.377022733,1
101,-13,7.953588387,8.157397412,1
101,-12,10.6904704,7.588514342,1
101,-11,8.79271013,7.62115406,1
101,-10,10.02205972,7.523269748,1
101,-9,14.39323048,7.480024408,1
101,-8,13.41141488,8.124733833,1
101,-7,11.18587231,8.497277499,1
101,-6,11.5640212,8.874217277,1
101,-5,11.27342846,9.02792362,1
101,-4,10.78921577,9.142279871,1
101,-3,12.02657861,8.778906538,1
101,-2,9.942966328,8.931656521,1
101,-1,8.018822816,8.318289198,1
101,0,7.62958145,7.485720499,1
101,1,8.109948635,6.769940428,1
101,2,8.252235441,7.176379937,1
101,3,8.211657389,7.904762328,1
101,4,7.813005311,8.871229304,1
101,5,8.08580913,8.965741409,1
101,6,8.43434137,9.156474137,1
101,7,9.181050239,9.082102797,1
101,8,11.58794961,9.604539014,1
101,9,10.95817432,9.284895968,1
101,10,10.11384417,8.887508297,1
101,11,9.674450919,8.774795678,1
101,12,9.682074404,8.795727639,1
101,13,10.2603153,8.810066438,1
101,14,12.30829507,8.730868827,1
101,15,10.86859406,8.78836052,1
101,16,9.58507361,8.799389926,1
101,17,8.64939355,9.266854609,1
101,18,9.047831284,9.502731249,1
101,19,9.638911461,9.472758397,1
101,20,10.05196413,9.141711423,1
101,21,12.50856366,9.19812941,1
101,22,11.99795038,8.87677538,1
101,23,11.5221298,8.632337213,1
101,24,12.01193369,8.436300398,1
101,25,11.4295723,8.989688866,1
101,26,12.23482482,9.297406008,1
101,27,12.40427311,8.876297368,1
101,28,10.2511008,7.872629553,1
101,29,8.934578192,9.294246547,1
101,30,8.630524553,9.301830061,1
101,31,8.227838955,9.234975539,1
101,32,8.311509697,9.427318094,1
101,33,7.516082775,9.161272977,1
101,34,5.291038111,9.19341484,1
101,35,4.340066918,8.830978181,1
101,36,4.042526136,8.970958456,1
101,37,4.099418379,8.991224146,1
101,38,4.570693116,8.936452604,1
101,39,6.300546388,8.931196472,1
101,40,8.86214677,9.384385938,1
101,41,10.98624958,9.834751299,1
101,42,10.72696213,9.712065883,1
101,43,12.29558799,9.002693519,1
101,44,10.36755049,8.551442648,1
101,45,8.224273711,8.67250656,1
101,46,8.095455821,8.689089671,1
101,47,9.355333155,8.700625992,1
101,48,12.04919564,8.627870176,1
101,49,14.72990052,8.96175815,1
101,50,13.8479164,8.935644618,1
101,51,13.0288402,9.048649897,1
101,52,13.12218835,8.958076833,1
101,53,14.28693754,8.897608187,1
101,54,12.85000678,8.994797214,1
101,55,10.49346378,8.925810012,1
101,56,11.18325717,8.882306675,1
101,57,9.055058515,8.074841587,1
101,58,5.650502831,7.409817993,1
101,59,3.789794965,7.498203545,1
101,60,2.963251635,6.992730936,1
101,61,3.056250598,6.051645173,1
101,62,4.314738927,5.636652857,1
101,63,7.236777049,5.498672661,1
101,64,9.697947347,6.036431806,1
101,65,9.431544521,7.111327081,1
101,66,9.644650639,8.827241901,1
101,67,10.14850176,9.278594023,1
101,68,9.731903102,9.612681638,1
101,69,10.18831313,9.563301711,1
101,70,12.00546845,9.674260957,1
101,71,11.77934604,9.857422153,1
101,72,11.21310001,9.398112503,1
101,73,11.06391602,9.28217619,1
101,74,12.91717177,9.173153034,1
101,75,14.31569601,8.703986541,1
101,76,17.19606208,8.47156141,1
101,77,15.20711171,7.952972836,1
101,78,11.58108491,7.882685473,1
101,79,11.07473417,8.057487087,1
101,80,12.13936343,8.132887873,1
101,81,8.042098141,7.99052073,1
101,82,6.214068344,8.013181566,1
101,83,6.065452685,8.109237347,1
101,84,6.616287008,7.992915943,1
101,85,9.348636429,8.546961865,1
101,86,15.47829417,8.704337967,1
101,87,11.98725225,9.120048271,1
101,88,7.230653177,9.453945958,1
101,89,4.574641808,8.888103898,1
101,90,3.057595127,7.868409219,1
101,91,2.397083249,8.018316772,1
101,92,1.693352452,7.91089429,1
101,93,1.599846609,6.647656907,0
101,94,1.555946588,6.018226092,0
101,95,1.430117083,4.713833682,0
101,96,1.161269019,3.675786402,0
101,97,1.009129119,0.774481384,0
104,-100,7.234422587,6.961809935,0
104,-99,4.325417168,7.840816414,0
104,-98,3.843404279,7.41452803,0
104,-97,5.583540707,7.231099639,0
104,-96,8.158862177,7.205656463,0
104,-95,6.722087923,7.254766975,0
104,-94,4.824303175,7.19614123,0
104,-93,4.114359559,6.89213891,0
104,-92,4.236223706,6.340313781,0
104,-91,2.695631262,6.353468125,0
104,-90,2.434319524,5.288467312,0
104,-89,2.39277621,7.27243115,0
104,-88,2.386788947,7.55737243,0
104,-87,2.403148971,7.566462744,0
104,-86,2.343610774,7.463028447,0
104,-85,2.631070469,7.403357973,0
104,-84,2.366786946,3.53604419,0
104,-75,1.092734983,1.626616717,0
104,-74,1.410035949,2.230203189,0
104,-73,1.614202756,4.162780775,0
104,-72,1.67241594,4.653195728,0
104,-71,1.724802247,5.18107716,0
104,-70,1.796666872,5.1787566,0
104,-69,2.602644887,6.324202246,0
104,-68,4.866960685,6.240076349,0
104,-67,10.64409331,6.30744421,0
104,-66,12.56834031,6.424558765,0
104,-65,12.6346714,8.179185223,0
104,-64,12.96710437,8.097057014,0
104,-63,12.94970294,8.034447027,0
104,-62,12.87304216,7.973232821,0
104,-61,12.27748718,7.626557704,0
104,-60,12.39258653,7.929618809,0
104,-59,12.44686582,7.787013572,0
104,-58,12.22235429,7.456577823,0
104,-57,12.05033224,7.279769559,0
104,-56,11.87135237,7.507989762,1
104,-55,11.89079399,6.902123208,1
104,-54,11.87141718,7.185288223,1
104,-53,11.74639475,7.508498342,1
104,-52,11.43194971,7.566205438,1
104,-51,11.15132854,7.233477571,1
104,-50,9.289863005,7.317172287,1
104,-49,10.66838964,6.493499629,1
104,-48,11.39084493,5.845157901,1
104,-47,11.39795785,6.575549658,1
104,-46,11.43591542,6.683167343,1
104,-45,11.44849988,7.043115821,1
104,-44,11.21170454,7.361520001,1
104,-43,10.72194343,6.968224855,1
104,-42,10.81360144,7.099536274,1
104,-41,11.0236785,7.355713991,1
104,-40,11.08738803,7.383790747,1
104,-39,10.95548752,7.729163951,1
104,-38,11.06808942,6.515867694,1
104,-37,11.27304608,7.881318802,1
104,-36,11.84147624,8.174684955,1
104,-35,11.36179332,8.232080091,1
104,-34,11.31236872,8.076266148,1
104,-33,11.14580078,7.897324442,1
104,-32,10.87810509,7.745026324,1
104,-31,10.60298695,7.426295608,1
104,-30,10.90523472,7.38440835,1
104,-29,10.91219586,7.622121135,1
104,-28,10.68681984,7.315041565,1
104,-27,10.62029246,7.451441516,1
104,-26,10.67926642,7.71285564,1
104,-25,10.62372667,7.948156307,1
104,-24,10.78110533,8.246717626,1
104,-23,10.63588259,8.001001315,1
104,-22,10.5265217,7.677552921,1
104,-21,10.91608143,7.377833127,1
104,-20,10.28461623,7.854078156,1
104,-19,10.15124519,7.499409823,1
104,-18,10.20577983,7.700612795,1
104,-17,10.7480921,7.790965283,1
104,-16,10.96567962,6.426988715,1
104,-15,11.0954034,6.482520908,1
104,-14,10.87538609,7.180006026,1
104,-13,10.45823868,7.414871024,1
104,-12,10.21854138,7.567988117,1
104,-11,10.32033187,8.217103864,1
104,-10,10.47946936,7.769316265,1
104,-9,10.31256925,7.675162144,1
104,-8,10.26394051,8.063869297,1
104,-7,10.22269734,8.435618554,1
104,-6,10.00155228,8.889405306,1
104,-5,10.10749147,8.564582543,1
104,-4,10.16778691,7.170478504,1
104,-3,10.24885841,7.432862283,1
104,-2,10.01572807,8.128812327,1
104,-1,10.28483732,7.781398501,1
104,0,10.49747802,7.993096422,1
104,1,10.66995976,8.245217471,1
104,2,10.60952414,8.079928871,1
104,3,10.69613137,7.838902243,1
104,4,10.90598048,7.688406858,1
104,5,11.03681779,7.426237119,1
104,6,10.92921928,8.283632489,1
104,7,10.61186979,7.919406002,1
104,8,10.48420498,7.556774033,1
104,9,10.22218435,7.369666093,1
104,10,10.19275183,7.91819732,1
104,11,10.08951997,8.088618586,1
104,12,10.32460203,7.257080451,1
104,13,10.36564859,7.396090624,1
104,14,10.6549025,8.00623737,1
104,15,10.85830208,8.258140005,1
104,16,10.74232306,8.338793729,1
104,17,10.73006067,8.433571852,1
104,18,10.9127362,8.636598558,1
104,19,10.94222241,7.815269871,1
104,20,10.63786612,7.548399764,1
104,21,10.53780275,7.458206505,1
104,22,10.3117931,7.427951581,1
104,23,10.25645933,8.348557891,1
104,24,10.45780597,8.017176103,1
104,25,10.65144292,7.532358535,1
104,26,10.61026821,7.513793081,1
104,27,10.53909096,7.638840109,1
104,28,10.79571131,7.956802835,1
104,29,11.29016746,8.374949352,1
104,30,11.03897294,8.219143251,1
104,31,10.8163394,8.193990398,1
104,32,10.98487865,7.754155199,1
104,33,10.86137509,7.396970743,1
104,34,10.47638885,7.12371991,1
104,35,10.22823114,7.657793524,1
104,36,10.96399059,7.811182685,1
104,37,10.42790236,7.892449638,1
104,38,10.22664405,8.188995666,1
104,39,10.85302147,8.42397796,1
104,40,11.05428901,8.49190395,1
104,41,11.28684881,8.443150301,1
104,42,11.10244418,8.398108858,1
104,43,11.45843139,7.708457685,1
104,44,11.22747961,7.364173037,1
104,45,11.50837947,7.218687393,1
104,46,11.7630668,6.975971047,1
104,47,11.58959937,6.800668956,1
104,48,11.56306567,6.678233149,1
104,49,12.25081349,7.437423979,1
104,50,11.79912425,7.920387635,1
104,51,11.60778288,7.589294486,1
104,52,11.31282128,7.047072605,0
104,53,12.21846833,7.256673476,0
104,54,12.18235598,7.575437055,0
104,55,12.28107574,7.635013748,0
104,56,12.99426786,7.489984239,0
104,57,12.97141612,7.769488638,0
104,58,11.78088714,7.661304673,0
104,59,11.63758405,7.922034299,0
104,60,12.62273484,7.689421285,0
104,61,12.44812363,7.481403378,0
104,62,13.14335915,7.832416709,0
104,63,13.30259405,7.426587861,0
104,64,13.5844762,7.146105689,0
104,65,10.79398746,6.085957335,0
104,66,6.297068704,6.101076641,0
104,67,4.563959146,6.418471048,0
104,68,4.743958284,6.284423952,0
104,69,2.874373791,7.858161017,0
104,70,2.252933524,7.272956438,0
104,71,1.981811327,6.516536469,0
104,72,2.952471467,7.071140758,0
104,73,3.92725509,7.653920313,0
104,74,3.715427784,7.189700682,0
104,75,3.897230277,6.490910352,0
104,76,3.932153015,7.025274688,0
104,77,4.358888744,7.023507321,0
104,78,6.317213406,7.295422708,0
104,79,10.92555281,7.153268409,0
104,80,12.50282665,8.120213795,0
104,81,8.339395232,8.448968214,0
104,82,6.970804638,8.4277274,0
104,83,6.714697859,8.536606159,0
104,84,7.866950458,8.2109622,0
104,85,7.185558745,7.799161362,0
104,86,5.006148814,7.675738384,0
104,87,4.031680705,7.353890957,0
104,88,3.321668463,6.561938726,0
104,89,2.345417321,5.007383473,0
104,90,2.009711825,4.246132905,0
104,91,1.28865008,1.803406024,0
104,92,1.178791303,1.252423671,0
104,93,1.73711701,1.052819133,0
116,-100,2.789863066,7.415599177,0
116,-99,3.20529562,6.601319392,0
116,-98,2.897634831,6.515149561,0
116,-97,2.618411354,6.698761289,0
116,-96,2.764020095,7.208600729,0
116,-95,2.804246058,5.96678827,0
116,-94,2.653451204,5.730673043,0
116,-93,2.99965633,5.21847152,0
116,-92,3.172718854,5.049050027,0
116,-91,2.822301666,5.188173118,0
116,-90,3.113510584,5.252182862,0
116,-89,2.842286684,5.489659767,0
116,-88,2.032298457,5.898762327,0
116,-87,1.611393022,6.449696367,0
116,-86,2.181228256,4.97738273,0
116,-85,2.76216614,6.25488272,0
116,-84,3.197013143,7.572266057,0
116,-83,4.289463957,9.653337104,0
116,-82,5.96149549,9.748391158,0
116,-81,8.786794411,10.11986322,0
116,-80,12.63883797,10.26711182,0
116,-79,14.04000808,9.730580117,0
116,-78,12.34468017,10.14378565,0
116,-77,9.958773997,10.2380545,0
116,-76,9.215698073,10.09092974,0
116,-75,8.723903268,10.59970453,0
116,-74,8.508215566,10.56637175,0
116,-73,10.50599097,10.64402508,0
116,-72,11.94016612,10.51475861,0
116,-71,10.27561406,10.03475357,0
116,-70,11.16612445,9.574313561,0
116,-69,10.13726804,9.901333697,0
116,-68,11.76707703,9.752356558,0
116,-67,6.973958819,9.391777772,0
116,-66,4.341692073,8.169228419,0
116,-65,5.066006085,6.001861265,0
116,-64,4.29501126,6.40015008,0
116,-63,3.981088895,7.330579925,0
116,-62,3.801719412,8.391389037,0
116,-61,3.863334129,9.520486453,0
116,-60,4.691965034,9.360005379,0
116,-59,5.107110156,9.708910642,0
116,-58,6.060775685,9.684244837,0
116,-57,6.078124505,9.833738331,0
116,-56,6.353799031,10.65727256,0
116,-55,8.909092571,10.22567212,0
116,-54,10.93178554,9.954175787,0
116,-53,13.89188681,10.09457843,1
116,-52,14.84213917,10.04974917,1
116,-51,14.8410382,10.23211872,1
116,-50,14.9535593,10.94699447,1
116,-49,15.13643819,10.5333238,1
116,-48,15.12214931,10.04820411,1
116,-47,15.40637114,10.62617187,1
116,-46,16.3838638,11.05268148,1
116,-45,16.32722306,10.41574612,1
116,-44,16.49330665,9.894908364,1
116,-43,15.91012226,9.480846178,1
116,-42,15.91944017,9.012409628,1
116,-41,15.92107059,10.21300381,1
116,-40,15.98093428,9.330753546,1
116,-39,15.82436896,7.667307843,1
116,-38,15.43307891,7.79795546,1
116,-37,15.75433882,9.710225807,1
116,-36,15.53349559,9.296669494,1
116,-35,15.55713815,9.6338379,1
116,-34,14.62096535,9.32651099,1
116,-33,14.70409857,9.147755517,1
116,-32,14.97398993,9.38003082,1
116,-31,14.60371419,9.667086519,1
116,-30,15.24067307,9.794967817,1
116,-29,15.34449305,10.30286412,1
116,-28,15.25109647,10.22420263,1
116,-27,15.77376864,10.20280011,1
116,-26,15.65096416,10.47337774,1
116,-25,15.71469152,9.969065471,1
116,-24,15.56804353,9.910310644,1
116,-23,15.62254789,10.11180888,1
116,-22,15.38554494,10.22416062,1
116,-21,14.89548568,10.03653028,1
116,-20,14.82061773,10.33248202,1
116,-19,15.12070432,10.59076929,1
116,-18,15.21438683,10.03055342,1
116,-17,14.84087279,9.730306789,1
116,-16,15.0031002,8.747449476,1
116,-15,15.48064856,8.635769692,1
116,-14,15.40629307,7.709972086,1
116,-13,15.29086197,8.627627721,1
116,-12,15.01594105,8.937528934,1
116,-11,14.4725258,9.84977636,1
116,-10,14.7840974,9.637720138,1
116,-9,14.90805017,10.23526787,1
116,-8,14.6344198,10.38669002,1
116,-7,14.50612354,10.66765651,1
116,-6,14.62685024,11.36531031,1
116,-5,14.54589055,11.06884209,1
116,-4,14.5236547,10.05294477,1
116,-3,14.63449901,10.15336747,1
116,-2,14.73016743,10.22509252,1
116,-1,14.2087033,10.42726623,1
116,0,13.91216495,9.967995307,1
116,1,13.7250366,10.12374638,1
116,2,13.91373657,9.877235426,1
116,3,14.08540797,9.891378361,1
116,4,14.35944663,10.29403746,1
116,5,14.29400121,10.89176012,1
116,6,14.38460891,9.630414327,1
116,7,14.58112193,10.19837713,1
116,8,15.08221983,8.125730863,1
116,9,15.26567765,8.084824591,1
116,10,14.93018048,9.473856251,1
116,11,14.62234111,11.25801739,1
116,12,14.59222702,10.81580031,1
116,13,14.39621313,10.14395457,1
116,14,14.2795061,10.08655088,1
116,15,14.51693081,10.12915507,1
116,16,14.91471101,10.2836359,1
116,17,14.70120157,10.49454526,1
116,18,14.75032166,10.61321053,1
116,19,15.20149347,10.5234725,1
116,20,14.95810902,11.04612095,1
116,21,15.40919579,10.60313209,1
116,22,15.37331681,10.56752894,1
116,23,15.20056688,10.44662465,1
116,24,15.22346514,10.54220603,1
116,25,15.11751532,10.24510678,1
116,26,15.14589871,10.77764145,1
116,27,15.30711413,10.45196441,1
116,28,15.14760902,10.38654914,1
116,29,15.59506662,10.66901239,1
116,30,15.52644631,10.96672958,1
116,31,14.7302858,10.64917205,1
116,32,14.83059785,10.22724392,1
116,33,15.06287351,10.07928717,1
116,34,15.2911143,9.61140939,1
116,35,15.63131791,10.86148312,1
116,36,15.66098753,11.13444774,1
116,37,15.34885385,10.98854735,1
116,38,15.15460346,11.08038004,1
116,39,14.84572136,10.63214147,1
116,40,14.72383378,10.47452824,1
116,41,14.93655596,11.47116641,1
116,42,15.08383338,11.60387474,1
116,43,15.65716966,11.13017607,1
116,44,15.68265401,10.03514098,1
116,45,15.11257991,9.94727394,1
116,46,12.52001671,9.215552939,0
116,47,9.580711964,9.266756522,0
116,48,8.627512559,10.20373603,0
116,49,9.21231509,10.46080194,0
116,50,12.03638915,11.05504382,0
116,51,15.62279062,10.63765218,0
116,52,15.62873835,10.25147696,0
116,53,15.85481862,11.76763264,0
116,54,15.96740278,11.37551852,0
116,55,16.13567182,11.41267368,0
116,56,16.09939477,11.06007899,0
116,57,15.0992512,11.41174896,0
116,58,12.67849891,10.41796117,0
116,59,12.86722449,9.440873135,0
116,60,14.01105328,9.165173841,0
116,61,14.41903049,9.367155235,0
116,62,15.46236043,9.968612444,0
116,63,16.88255048,10.19406222,0
116,64,15.75840135,10.1294667,0
116,65,15.05403281,10.29748444,0
116,66,16.55460337,10.47369051,0
116,67,14.76387328,10.81830477,0
116,68,10.53680356,10.91948614,0
116,69,6.930158667,10.6347269,0
116,70,4.754833572,10.82295402,0
116,71,3.793499906,9.354105625,0
116,72,3.16826102,10.05716657,0
116,73,3.136776093,9.150980293,0
116,74,3.067026935,9.069772576,0
116,75,3.11114452,9.016408175,0
116,76,2.960907125,9.268706341,0
116,77,2.575045324,9.303338462,0
116,78,2.704875077,9.355156632,0
116,79,3.255302178,9.704164461,0
116,80,3.068120062,9.25333222,0
116,81,3.265048593,9.152381018,0
116,82,3.280823305,9.747725839,0
116,83,3.406359903,10.04560681,0
116,84,3.427386009,9.694097901,0
116,85,3.44500917,9.60100301,0
116,86,3.984700358,9.690157463,0
116,87,4.34383146,10.68503158,0
116,88,4.20432144,10.79056209,0
116,89,3.639130779,11.4550599,0
116,90,3.657303739,11.32923519,0
116,91,3.624663899,10.91273877,0
116,92,3.562470366,10.63814829,0
116,93,3.782867851,10.85144533,0
116,94,4.757404909,10.28139232,0
116,95,4.088331801,5.104974433,0
116,96,3.303407852,4.781746209,0
116,97,2.241983424,3.216407239,0
116,98,2.13997596,2.085502262,0
