加工顺序,xi_um,median_depth_um
13,-11.32231805,0.08549672354
13,-10.9997454,0.08549672354
13,-10.67717274,0.08549672354
13,-10.35460009,0.08463903129
13,-10.03202743,0.08916742187
13,-9.709454779,0.09485248437
13,-9.386882125,0.09290398426
13,-9.064309471,0.08230460561
13,-8.741736816,0.07147359693
13,-8.419164162,0.08352535151
13,-8.096591508,0.08738730469
13,-7.774018854,0.1169605569
13,-7.451446199,0.1842216316
13,-7.128873545,0.3233972133
13,-6.806300891,0.6636913876
13,-6.483728237,1.163481541
13,-6.161155582,1.678583934
13,-5.838582928,2.37661874
13,-5.516010274,2.925890508
13,-5.19343762,3.626643843
13,-4.870864966,4.223606291
13,-4.548292311,5.013539118
13,-4.225719657,5.814210089
13,-3.903147003,6.534920716
13,-3.580574349,7.279406257
13,-3.258001694,7.978344334
13,-2.93542904,8.539307979
13,-2.612856386,9.27548104
13,-2.290283732,9.836478773
13,-1.967711077,10.53589688
13,-1.645138423,11.11174907
13,-1.322565769,11.7461364
13,-0.9999931146,12.30770391
13,-0.6774204604,12.83132047
13,-0.3548478061,13.36887926
13,-0.03227515188,13.67304658
13,0.2902975024,13.91477969
13,0.6128701566,14.08500398
13,0.9354428109,14.12286129
13,1.258015465,14.15085149
13,1.580588119,13.99963724
13,1.903160774,13.80051367
13,2.225733428,13.30529297
13,2.548306082,12.51630706
13,2.870878736,11.43459756
13,3.193451391,10.33848746
13,3.516024045,9.000228509
13,3.838596699,7.761145472
13,4.161169353,6.450302279
13,4.483742008,5.238488569
13,4.806314662,3.94483888
13,5.128887316,2.823840779
13,5.45145997,1.681826272
13,5.774032624,0.8314882879
13,6.096605279,0.2826055549
13,6.419177933,0.1912283601
13,6.741750587,0.1560621287
13,7.064323241,0.1278192781
13,7.386895896,0.08572563001
13,7.70946855,0.1004190061
13,8.032041204,0.09016298992
13,8.354613858,0.09386996317
13,8.677186513,0.1033803206
13,8.999759167,0.1033803206
19,-10.48354581,0.09323159568
19,-10.15916753,0.09323159568
19,-9.834789246,0.08952052773
19,-9.510410961,0.07731154171
19,-9.186032677,0.08340610796
19,-8.861654393,0.08281762235
19,-8.537276108,0.06500098058
19,-8.212897824,0.0699197946
19,-7.888519539,0.06346872095
19,-7.564141255,0.06238209465
19,-7.23976297,0.06983370127
19,-6.915384686,0.02525410744
19,-6.591006401,0.09293567058
19,-6.266628117,0.1231810459
19,-5.942249833,0.3425868608
19,-5.617871548,0.7975060925
19,-5.293493264,1.329221422
19,-4.969114979,1.918370049
19,-4.644736695,2.802407247
19,-4.32035841,3.82402186
19,-3.995980126,4.752318632
19,-3.671601842,5.653277889
19,-3.347223557,6.599753127
19,-3.022845273,7.424349186
19,-2.698466988,8.362212964
19,-2.374088704,9.299500845
19,-2.049710419,10.09012881
19,-1.725332135,10.63421391
19,-1.40095385,11.04306182
19,-1.076575566,11.27804004
19,-0.7521972816,11.40454317
19,-0.4278189972,11.57999997
19,-0.1034407127,11.58159773
19,0.2209375717,11.52688049
19,0.5453158561,11.23154375
19,0.8696941406,10.97120794
19,1.194072425,10.69350359
19,1.518450709,10.04014911
19,1.842828994,9.214465407
19,2.167207278,8.715400872
19,2.491585563,8.223845852
19,2.815963847,7.775505568
19,3.140342132,7.094458035
19,3.464720416,6.217961402
19,3.7890987,5.205542223
19,4.113476985,4.214830725
19,4.437855269,3.168638955
19,4.762233554,2.217581823
19,5.086611838,1.427939592
19,5.410990123,0.8395827687
19,5.735368407,0.3631720791
19,6.059746692,0.1973744544
19,6.384124976,0.1505216891
19,6.70850326,0.1214853771
19,7.032881545,0.08875516525
19,7.357259829,0.08631714446
19,7.681638114,0.09423925412
19,8.006016398,0.09095642886
19,8.330394683,0.07879107024
19,8.654772967,0.07627925996
19,8.979151251,0.07627925996
19,9.303529536,0.07517813656
19,9.62790782,0.07627925996
19,9.952286105,0.07627925996
33,-9.774085179,0.04485445021
33,-9.453960475,0.04485445021
33,-9.13383577,0.04485445021
33,-8.813711065,0.04903313586
33,-8.493586361,0.06962987756
33,-8.173461656,0.07929743995
33,-7.853336951,0.08604076167
33,-7.533212247,0.08166112748
33,-7.213087542,0.09238434446
33,-6.892962837,0.06375159159
33,-6.572838132,0.05621546134
33,-6.252713428,0.05921521095
33,-5.932588723,0.05674171289
33,-5.612464018,0.09263830744
33,-5.292339314,0.05018288913
33,-4.972214609,0.06623019963
33,-4.652089904,0.09106024521
33,-4.3319652,0.1513880944
33,-4.011840495,0.3577296312
33,-3.69171579,0.721769131
33,-3.371591086,1.123489181
33,-3.051466381,1.591523071
33,-2.731341676,2.011685253
33,-2.411216972,2.445816534
33,-2.091092267,2.980873094
33,-1.770967562,3.475075084
33,-1.450842858,3.809584669
33,-1.130718153,3.889823607
33,-0.8105934483,4.038756654
33,-0.4904687436,4.118889874
33,-0.1703440389,4.004828263
33,0.1497806658,3.911847098
33,0.4699053705,3.832002551
33,0.7900300751,3.72815348
33,1.11015478,3.500060162
33,1.430279484,3.25769179
33,1.750404189,3.007388174
33,2.070528894,2.866945844
33,2.390653599,2.512880905
33,2.710778303,2.049661693
33,3.030903008,1.647340764
33,3.351027713,1.152701016
33,3.671152417,0.866401203
33,3.991277122,0.5847452337
33,4.311401827,0.4188059497
33,4.631526531,0.2584611443
33,4.951651236,0.1708671243
33,5.271775941,0.0996078579
33,5.591900645,0.1009550685
33,5.91202535,0.1091742985
33,6.232150055,0.09187802991
33,6.552274759,0.1163149919
33,6.872399464,0.1263875681
33,7.192524169,0.1476366004
33,7.512648873,0.1142251007
33,7.832773578,0.08300893189
33,8.152898283,0.08446058228
33,8.473022987,0.09153068243
33,8.793147692,0.09721987903
33,9.113272397,0.0892988239
33,9.433397101,0.0892988239
33,9.753521806,0.0892988239
33,10.07364651,0.0892988239
33,10.39377122,0.0892988239
34,-10.46195582,-0.005989442682
34,-10.13433653,-0.005989442682
34,-9.806717229,-0.009492236059
34,-9.479097932,-0.0007070778663
34,-9.151478635,0.006916918642
34,-8.823859339,0.007201824548
34,-8.496240042,0.004647287214
34,-8.168620745,0.0005823332314
34,-7.841001448,0.006933700388
34,-7.513382152,-0.01085168535
34,-7.185762855,-0.005735761396
34,-6.858143558,-0.006130997533
34,-6.530524261,-0.002551633833
34,-6.202904965,-0.003787845653
34,-5.875285668,0.0809408747
34,-5.547666371,0.1478458257
34,-5.220047075,0.2729626938
34,-4.892427778,0.494030817
34,-4.564808481,0.7266508773
34,-4.237189184,1.03421282
34,-3.909569888,1.383763179
34,-3.581950591,1.711439946
34,-3.254331294,2.041482069
34,-2.926711997,2.380520226
34,-2.599092701,2.696555811
34,-2.271473404,3.01783014
34,-1.943854107,3.350547134
34,-1.616234811,3.592438374
34,-1.288615514,3.840924309
34,-0.9609962171,3.932508407
34,-0.6333769204,4.07342623
34,-0.3057576237,4.155145198
34,0.02186167305,4.208050727
34,0.3494809698,4.183009338
34,0.6771002665,4.181976837
34,1.004719563,4.115658059
34,1.33233886,4.016384015
34,1.659958157,3.765961801
34,1.987577453,3.640118105
34,2.31519675,3.395309514
34,2.642816047,2.979662797
34,2.970435344,2.50478403
34,3.29805464,2.111696165
34,3.625673937,1.602363396
34,3.953293234,1.052951966
34,4.28091253,0.603162283
34,4.608531827,0.3565578026
34,4.936151124,0.1834375634
34,5.263770421,0.1355341552
34,5.591389717,0.07429925311
34,5.919009014,0.05899638162
34,6.246628311,0.06529983579
34,6.574247608,0.014757068
34,6.901866904,-0.0190501658
34,7.229486201,-0.0227644923
34,7.557105498,-0.004718514316
34,7.884724794,0.01457172228
34,8.212344091,-0.004718514316
34,8.539963388,-0.004718514316
34,8.867582685,0.001857112377
34,9.195201981,-0.005441891896
34,9.522821278,0.01525979517
34,9.850440575,0.006086104648
34,10.17805987,0.006086104648
43,-11.83783767,0.06196926517
43,-11.49601183,0.06196926517
43,-11.154186,0.06196926517
43,-10.81236016,0.06196926517
43,-10.47053432,0.06206368092
43,-10.12870848,0.05969478754
43,-9.786882648,0.05854396839
43,-9.445056811,0.04753880041
43,-9.103230974,0.0628620786
43,-8.761405137,0.07738676718
43,-8.4195793,0.09793198513
43,-8.077753463,0.09716449084
43,-7.735927626,0.08679476367
43,-7.394101789,0.06635551694
43,-7.052275952,0.08207682717
43,-6.710450115,0.09003297568
43,-6.368624278,0.09744752921
43,-6.026798441,0.09061784197
43,-5.684972604,0.1189005137
43,-5.343146767,0.112450499
43,-5.00132093,0.1100640731
43,-4.659495093,0.1954704145
43,-4.317669256,0.3033465225
43,-3.975843419,0.4949704212
43,-3.634017582,0.8158267807
43,-3.292191745,1.166508262
43,-2.950365908,1.783017366
43,-2.608540072,2.432973021
43,-2.266714235,2.913133506
43,-1.924888398,3.177126575
43,-1.583062561,3.47790435
43,-1.241236724,3.703262407
43,-0.8994108867,4.307148106
43,-0.5575850497,4.144503667
43,-0.2157592127,4.327971204
43,0.1260666242,4.213750052
43,0.4678924612,4.254318515
43,0.8097182982,4.425378746
43,1.151544135,4.372998664
43,1.493369972,4.028692688
43,1.835195809,3.539724555
43,2.177021646,2.962716979
43,2.518847483,2.476298253
43,2.86067332,1.9214865
43,3.202499157,1.508012195
43,3.544324994,1.07269028
43,3.886150831,0.6003061987
43,4.227976668,0.3230641762
43,4.569802505,0.1976002386
43,4.911628342,0.184208207
43,5.253454179,0.1372699758
43,5.595280016,0.1446297136
43,5.937105853,0.1090683555
43,6.27893169,0.1408410761
43,6.620757527,0.1408157377
43,6.962583364,0.1197894828
43,7.304409201,0.1151683216
43,7.646235038,0.1090743424
43,7.988060875,0.1002547789
43,8.329886712,0.09023805876
43,8.671712548,0.09203884862
43,9.013538385,0.09203884862
43,9.355364222,0.09203884862
43,9.697190059,0.09203884862
44,-10.39983021,0.1123220099
44,-10.07698414,0.1123220099
44,-9.754138073,0.1123220099
44,-9.431292006,0.1123220099
44,-9.108445939,0.1542860094
44,-8.785599873,0.1746885129
44,-8.462753806,0.1484453187
44,-8.139907739,0.1288481129
44,-7.817061672,0.1103774719
44,-7.494215605,0.1115858506
44,-7.171369538,0.101786066
44,-6.848523472,0.07775029576
44,-6.525677405,0.07723140943
44,-6.202831338,0.1146143774
44,-5.879985271,0.09010056648
44,-5.557139204,0.1037310378
44,-5.234293137,0.07620831222
44,-4.911447071,0.06008907576
44,-4.588601004,0.0573508223
44,-4.265754937,0.06201569442
44,-3.94290887,0.08808415122
44,-3.620062803,0.1333546777
44,-3.297216737,0.3141418727
44,-2.97437067,0.6337343249
44,-2.651524603,0.9292840192
44,-2.328678536,1.18102859
44,-2.005832469,1.362487134
44,-1.682986402,1.707249783
44,-1.360140336,1.788048192
44,-1.037294269,1.901601496
44,-0.714448202,2.104830031
44,-0.3916021351,2.064444466
44,-0.06875606832,2.038039473
44,0.2540899985,2.030791254
44,0.5769360653,2.012230723
44,0.8997821321,1.806314563
44,1.222628199,1.618535344
44,1.545474266,1.425567407
44,1.868320333,1.298374818
44,2.191166399,1.146628579
44,2.514012466,0.9401547223
44,2.836858533,0.797900036
44,3.1597046,0.5677108871
44,3.482550667,0.378999026
44,3.805396734,0.283365848
44,4.1282428,0.2230387621
44,4.451088867,0.1763196212
44,4.773934934,0.1546574828
44,5.096781001,0.09613519359
44,5.419627068,0.06175323833
44,5.742473135,0.04369904492
44,6.065319201,0.05960374191
44,6.388165268,0.04472201695
44,6.711011335,0.005085398318
44,7.033857402,0.03362638403
44,7.356703469,0.03162180281
44,7.679549535,0.02032062451
44,8.002395602,0.02957240344
44,8.325241669,0.02607666411
44,8.648087736,0.05394699946
44,8.970933803,0.04333533102
44,9.29377987,0.05451788691
44,9.616625936,0.05451788691
44,9.939472003,0.05451788691
48,-10.41900324,0.1648494975
48,-10.10440214,0.1648494975
48,-9.789801041,0.1648494975
48,-9.475199944,0.1631490203
48,-9.160598847,0.1512978241
48,-8.845997749,0.1195474146
48,-8.531396652,0.1247847389
48,-8.216795555,0.1412389261
48,-7.902194458,0.097653601
48,-7.587593361,0.07236408588
48,-7.272992264,0.007983136032
48,-6.958391167,0.008079470649
48,-6.643790069,0.02823403463
48,-6.329188972,0.02668260854
48,-6.014587875,0.03856142964
48,-5.699986778,0.05972641178
48,-5.385385681,0.1017654829
48,-5.070784584,0.09036031133
48,-4.756183486,0.1122155806
48,-4.441582389,0.1551657139
48,-4.126981292,0.2664856654
48,-3.812380195,0.5594152969
48,-3.497779098,0.8392568155
48,-3.183178001,1.108384062
48,-2.868576903,1.360736681
48,-2.553975806,1.561807854
48,-2.239374709,1.692208153
48,-1.924773612,1.860756698
48,-1.610172515,2.057523339
48,-1.295571418,2.133508701
48,-0.9809703205,2.29749614
48,-0.6663692233,2.364175819
48,-0.3517681262,2.323944917
48,-0.03716702903,2.454062808
48,0.2774340681,2.48622469
48,0.5920351653,2.556470331
48,0.9066362624,2.437937093
48,1.22123736,2.31046512
48,1.535838457,2.054086944
48,1.850439554,1.846454295
48,2.165040651,1.689249555
48,2.479641748,1.527265767
48,2.794242845,1.444804865
48,3.108843943,1.173446468
48,3.42344504,0.9475738538
48,3.738046137,0.6813098955
48,4.052647234,0.456367098
48,4.367248331,0.20280782
48,4.681849428,0.1792201979
48,4.996450526,0.1736774004
48,5.311051623,0.1670406182
48,5.62565272,0.1405958249
48,5.940253817,0.09248462086
48,6.254854914,0.114243434
48,6.569456011,0.1521203599
48,6.884057108,0.09747510615
48,7.198658206,0.1084183566
48,7.513259303,0.09316347697
48,7.8278604,0.06602100755
48,8.142461497,0.09817765314
48,8.457062594,0.1265279999
48,8.771663691,0.1271770934
48,9.086264789,0.1271770934
48,9.400865886,0.1271770934
51,-9.866093234,0.1087662451
51,-9.542503716,0.1087662451
51,-9.218914199,0.1087662451
51,-8.895324681,0.10939581
51,-8.571735163,0.1066810681
51,-8.248145646,0.1025741071
51,-7.924556128,0.106199493
51,-7.600966611,0.09550023793
51,-7.277377093,0.09971587516
51,-6.953787576,0.07731172617
51,-6.630198058,0.04248516696
51,-6.30660854,0.02507853091
51,-5.983019023,0.02904125349
51,-5.659429505,0.03432410217
51,-5.335839988,0.02472183559
51,-5.01225047,0.07609175542
51,-4.688660953,0.1283112151
51,-4.365071435,0.2807186913
51,-4.041481917,0.6806129071
51,-3.7178924,1.023057609
51,-3.394302882,1.547704755
51,-3.070713365,2.021672493
51,-2.747123847,2.52813331
51,-2.423534329,3.031096091
51,-2.099944812,3.385233116
51,-1.776355294,3.742558691
51,-1.452765777,3.955459077
51,-1.129176259,4.111342915
51,-0.8055867416,4.053928937
51,-0.481997224,3.971696451
51,-0.1584077064,3.958164775
51,0.1651818111,3.90902408
51,0.4887713287,3.789405852
51,0.8123608463,3.669352252
51,1.135950364,3.528988432
51,1.459539881,3.339335947
51,1.783129399,3.132573001
51,2.106718917,2.862120836
51,2.430308434,2.542478155
51,2.753897952,2.135178779
51,3.077487469,1.671095222
51,3.401076987,1.314133153
51,3.724666504,0.926416818
51,4.048256022,0.6224131435
51,4.37184554,0.2636613964
51,4.695435057,0.1529113789
51,5.019024575,0.0907673852
51,5.342614092,0.05474560302
51,5.66620361,0.04375645903
51,5.989793128,0.0262125915
51,6.313382645,0.0005541899514
51,6.636972163,0.01510660186
51,6.96056168,0.01946480629
51,7.284151198,0.02627144235
51,7.607740715,0.05289360871
51,7.931330233,0.04592141813
51,8.254919751,0.06618345254
51,8.578509268,0.06071722822
51,8.902098786,0.05445102395
51,9.225688303,0.07088286461
51,9.549277821,0.0693559822
51,9.872867338,0.07088286461
51,10.19645686,0.07088286461
51,10.52004637,0.07088286461
60,-11.61036273,-0.08075249545
60,-11.28574842,-0.08075249545
60,-10.96113411,-0.1302203917
60,-10.6365198,-0.1096574974
60,-10.31190549,-0.1233869749
60,-9.987291174,-0.1672702664
60,-9.662676863,-0.180953558
60,-9.338062551,-0.1150572748
60,-9.01344824,-0.1656264562
60,-8.688833929,-0.1484943525
60,-8.364219617,-0.1568564929
60,-8.039605306,-0.203684098
60,-7.714990994,-0.1803519943
60,-7.390376683,-0.1737121235
60,-7.065762372,-0.09938834605
60,-6.74114806,-0.07152357939
60,-6.416533749,-0.07246651038
60,-6.091919438,-0.01554786017
60,-5.767305126,-0.00406194234
60,-5.442690815,0.04785864963
60,-5.118076503,0.1188599628
60,-4.793462192,0.1343741008
60,-4.468847881,0.967483181
60,-4.144233569,1.116026796
60,-3.819619258,1.113341563
60,-3.495004946,1.407775609
60,-3.170390635,1.210734619
60,-2.845776324,1.134141129
60,-2.521162012,1.687544943
60,-2.196547701,1.414138
60,-1.87193339,1.448275859
60,-1.547319078,1.692919475
60,-1.222704767,1.626593881
60,-0.8980904554,1.771633682
60,-0.573476144,1.320796507
60,-0.2488618326,1.119063872
60,0.07575247876,0.9501197253
60,0.4003667901,0.9610941314
60,0.7249811015,0.7621531421
60,1.049595413,0.6281275482
60,1.374209724,0.5941019543
60,1.698824036,0.4738732028
60,2.023438347,0.09933092841
60,2.348052658,-0.367831212
60,2.67266697,-0.2547183871
60,2.997281281,-0.09702858572
60,3.321895593,-0.2081349008
60,3.646509904,-0.1887105642
60,3.971124215,-0.2435803328
60,4.295738527,-0.304314253
60,4.620352838,-0.3319898469
60,4.94496715,-0.3600116267
60,5.269581461,-0.2547545577
60,5.594195772,-0.1495936051
60,5.918810084,-0.2920838684
60,6.243424395,-0.3612960782
60,6.568038706,-0.4220805855
60,6.892653018,-0.4220805855
60,7.217267329,-0.4220805855
60,7.541881641,-0.4220805855
60,7.866495952,-0.4220805855
60,8.191110263,-0.4220805855
60,8.515724575,-0.4220805855
60,8.840338886,-0.4220805855
68,-10.09094379,0.1012284654
68,-9.77301662,0.1012284654
68,-9.455089445,0.1012284654
68,-9.13716227,0.1105313314
68,-8.819235096,0.1037761164
68,-8.501307921,0.1041212803
68,-8.183380747,0.07090095737
68,-7.865453572,0.04368107796
68,-7.547526398,0.06895292361
68,-7.229599223,0.1038179597
68,-6.911672048,0.1241418417
68,-6.593744874,0.1922556459
68,-6.275817699,0.4319993533
68,-5.957890525,0.8026149856
68,-5.63996335,1.145189245
68,-5.322036175,1.590400016
68,-5.004109001,1.953005716
68,-4.686181826,2.401257729
68,-4.368254652,2.887954559
68,-4.050327477,3.380093967
68,-3.732400303,3.935793565
68,-3.414473128,4.537370917
68,-3.096545953,5.009311533
68,-2.778618779,5.566202824
68,-2.460691604,5.983288723
68,-2.14276443,6.437969214
68,-1.824837255,6.76699707
68,-1.50691008,7.051227153
68,-1.188982906,7.325988051
68,-0.8710557312,7.573403668
68,-0.5531285566,7.711373631
68,-0.2352013821,7.766720476
68,0.08272579253,7.83977352
68,0.4006529671,7.87247748
68,0.7185801417,7.820390971
68,1.036507316,7.675749801
68,1.354434491,7.701140263
68,1.672361665,7.47346723
68,1.99028884,7.140270242
68,2.308216015,6.685852422
68,2.626143189,6.10925466
68,2.944070364,5.661938049
68,3.261997538,5.114283863
68,3.579924713,4.320313967
68,3.897851888,3.620331243
68,4.215779062,2.989622928
68,4.533706237,2.336817077
68,4.851633411,1.867209592
68,5.169560586,1.331081826
68,5.48748776,0.8014842718
68,5.805414935,0.472377577
68,6.12334211,0.2323742441
68,6.441269284,0.1441948344
68,6.759196459,0.1208492789
68,7.077123633,0.1046405404
68,7.395050808,0.1024789487
68,7.712977983,0.1176842317
68,8.030905157,0.08591599201
68,8.348832332,0.1146853271
68,8.666759506,0.1224817713
68,8.984686681,0.1146853271
68,9.302613856,0.1028266661
68,9.62054103,0.1028266661
68,9.938468205,0.1028266661
94,-10.4269025,0.009497689613
94,-10.11414421,0.009497689613
94,-9.801385931,0.0004143283155
94,-9.488627647,-0.01723904579
94,-9.175869364,-0.01568309457
94,-8.863111081,-0.01235025903
94,-8.550352798,-0.01187324817
94,-8.237594515,0.00111820105
94,-7.924836232,0.0008625846559
94,-7.612077949,0.01999801866
94,-7.299319666,0.003105499274
94,-6.986561382,0.01666932888
94,-6.673803099,0.02143127362
94,-6.361044816,0.01225359072
94,-6.048286533,0.01618352307
94,-5.73552825,0.03239313088
94,-5.422769967,0.024492992
94,-5.110011684,0.06269065751
94,-4.797253401,0.09537405931
94,-4.484495117,0.1764575454
94,-4.171736834,0.366153646
94,-3.858978551,1.04754342
94,-3.546220268,1.761466154
94,-3.233461985,2.467852281
94,-2.920703702,3.305575867
94,-2.607945419,4.040257404
94,-2.295187136,4.692732539
94,-1.982428853,5.254909339
94,-1.669670569,5.769569657
94,-1.356912286,6.309799388
94,-1.044154003,6.575617431
94,-0.73139572,6.790959613
94,-0.4186374369,6.882609444
94,-0.1058791538,6.921109979
94,0.2068791293,7.00055225
94,0.5196374125,6.792551097
94,0.8323956956,6.296022597
94,1.145153979,6.190233137
94,1.457912262,5.779515259
94,1.770670545,5.169985984
94,2.083428828,4.558708218
94,2.396187111,4.089372865
94,2.708945394,3.438181683
94,3.021703677,2.94318925
94,3.334461961,2.357987446
94,3.647220244,1.805576151
94,3.959978527,1.231493774
94,4.27273681,0.7260218115
94,4.585495093,0.2729956157
94,4.898253376,0.1285064279
94,5.211011659,0.09486879034
94,5.523769942,0.05532687951
94,5.836528226,0.04930615256
94,6.149286509,0.05234546543
94,6.462044792,0.06117968302
94,6.774803075,0.0443821352
94,7.087561358,0.02236746416
94,7.400319641,0.02782402269
94,7.713077924,0.03462333129
94,8.025836207,0.01387238681
94,8.33859449,0.01179306982
94,8.651352774,-0.006365459811
94,8.964111057,0.01006161524
94,9.27686934,0.01006161524
95,-11.50841,0.02603220198
95,-11.18177641,0.02603220198
95,-10.85514281,0.02558592994
95,-10.52850922,0.02548441691
95,-10.20187562,0.005541491349
95,-9.875242031,-0.001380912062
95,-9.548608437,0.01538926332
95,-9.221974843,0.02556891247
95,-8.895341249,0.008898658082
95,-8.568707655,0.02365668007
95,-8.242074061,0.03496195636
95,-7.915440467,0.0494598555
95,-7.588806873,0.03471407042
95,-7.262173279,0.03202534685
95,-6.935539685,0.02486787307
95,-6.608906091,0.02584033372
95,-6.282272497,0.03436436873
95,-5.955638903,0.03780375475
95,-5.629005309,0.04173084686
95,-5.302371715,0.04787932491
95,-4.975738121,0.03085171964
95,-4.649104527,0.02815137754
95,-4.322470933,0.02723615837
95,-3.995837339,0.06971397842
95,-3.669203745,0.1579759039
95,-3.342570151,0.3078311321
95,-3.015936556,0.5236729083
95,-2.689302962,0.8570809083
95,-2.362669368,1.187440185
95,-2.036035774,1.426701176
95,-1.70940218,1.721797628
95,-1.382768586,1.942650926
95,-1.056134992,2.223007334
95,-0.7295013984,2.400419913
95,-0.4028678044,2.540737288
95,-0.07623421034,2.54838647
95,0.2503993837,2.509487742
95,0.5770329777,2.492188917
95,0.9036665717,2.317358395
95,1.230300166,2.100400483
95,1.55693376,1.899949632
95,1.883567354,1.612308965
95,2.210200948,1.276786391
95,2.536834542,0.9968821192
95,2.863468136,0.6867116235
95,3.19010173,0.3521277727
95,3.516735324,0.1413362551
95,3.843368918,0.09289700073
95,4.170002512,0.0872785797
95,4.496636106,0.0776073604
95,4.8232697,0.05052599196
95,5.149903294,0.05204655334
95,5.476536888,0.01850197014
95,5.803170482,0.05274996573
95,6.129804076,0.04361611485
95,6.45643767,0.03941208417
95,6.783071264,0.04989177053
95,7.109704858,0.05243951397
95,7.436338452,0.04458350958
95,7.762972046,0.0315291236
95,8.08960564,0.03657587809
95,8.416239234,0.0353228517
95,8.742872828,0.03657587809
95,9.069506422,0.03657587809
101,-11.86605901,-0.03968920061
101,-11.54359734,-0.03968920061
101,-11.22113566,-0.03968920061
101,-10.89867399,-0.01466778713
101,-10.57621231,-0.02354883824
101,-10.25375063,-0.01470917381
101,-9.931288958,0.005625010969
101,-9.608827282,-0.01741437926
101,-9.286365606,-0.002058705675
101,-8.963903931,-0.000405231199
101,-8.641442255,-0.003347738779
101,-8.318980579,-0.01860412851
101,-7.996518903,-0.03136234524
101,-7.674057227,-0.03972265633
101,-7.351595552,-0.03703747304
101,-7.029133876,-0.03962135126
101,-6.7066722,-0.04994671275
101,-6.384210524,-0.04472182273
101,-6.061748848,-0.01529484483
101,-5.739287173,0.01340111622
101,-5.416825497,0.06483787517
101,-5.094363821,0.1298317531
101,-4.771902145,0.2421244383
101,-4.449440469,0.5877086965
101,-4.126978793,1.224308168
101,-3.804517118,1.897367625
101,-3.482055442,2.838173739
101,-3.159593766,3.947343467
101,-2.83713209,4.903387122
101,-2.514670414,5.791309349
101,-2.192208739,6.772464438
101,-1.869747063,7.618097933
101,-1.547285387,8.218873722
101,-1.224823711,8.537258007
101,-0.9023620353,8.690865993
101,-0.5799003595,8.735735825
101,-0.2574386837,9.040367453
101,0.06502299209,9.037475797
101,0.3874846679,8.489326973
101,0.7099463437,8.309553211
101,1.03240802,8.073945749
101,1.354869695,7.688984136
101,1.677331371,7.143297924
101,1.999793047,6.321068349
101,2.322254723,5.570042816
101,2.644716399,4.989993404
101,2.967178074,4.180029143
101,3.28963975,3.448674637
101,3.612101426,2.662015262
101,3.934563102,2.0732703
101,4.257024778,1.35300839
101,4.579486453,0.7812361445
101,4.901948129,0.3343304493
101,5.224409805,0.1790042304
101,5.546871481,0.1085679248
101,5.869333157,0.07325892992
101,6.191794832,0.0344860352
101,6.514256508,0.01658278729
101,6.836718184,0.005880842782
101,7.15917986,-0.01651746565
101,7.481641536,-0.02679593605
101,7.804103212,-0.02603990534
101,8.126564887,-0.02603990534
101,8.449026563,-0.02603990534
104,-10.41587492,0.1278802726
104,-10.09891495,0.1278802726
104,-9.781954983,0.1278802726
104,-9.464995013,0.1278802726
104,-9.148035044,0.1177956568
104,-8.831075074,0.096325697
104,-8.514115105,0.08036949203
104,-8.197155135,0.09255051384
104,-7.880195165,0.09133266916
104,-7.563235196,0.0920201591
104,-7.246275226,0.1189883815
104,-6.929315257,0.1117163523
104,-6.612355287,0.1135858636
104,-6.295395318,0.1224907878
104,-5.978435348,0.1049173606
104,-5.661475378,0.1039383577
104,-5.344515409,0.1040632892
104,-5.027555439,0.1328503854
104,-4.71059547,0.2676540159
104,-4.3936355,0.545812199
104,-4.07667553,0.9580911189
104,-3.759715561,1.441956614
104,-3.442755591,1.9709561
104,-3.125795622,2.773140393
104,-2.808835652,3.708146208
104,-2.491875682,4.739548596
104,-2.174915713,5.766983855
104,-1.857955743,6.862682792
104,-1.540995774,7.871556152
104,-1.224035804,8.79946577
104,-0.9070758345,9.545859795
104,-0.5901158649,10.08067179
104,-0.2731558953,10.38830225
104,0.04380407429,10.67197932
104,0.3607640439,10.70030467
104,0.6777240135,10.65189184
104,0.9946839831,10.57210697
104,1.311643953,10.35098997
104,1.628603922,10.10105417
104,1.945563892,8.976433995
104,2.262523861,7.361186204
104,2.579483831,5.564662075
104,2.896443801,3.609731652
104,3.21340377,2.113189205
104,3.53036374,1.113325598
104,3.847323709,0.6273207722
104,4.164283679,0.2531610134
104,4.481243649,0.1647081598
104,4.798203618,0.1386917595
104,5.115163588,0.1048173044
104,5.432123557,0.09463292064
104,5.749083527,0.1216073141
104,6.066043497,0.1211975421
104,6.383003466,0.1017428512
104,6.699963436,0.0741823236
104,7.016923405,0.107249648
104,7.333883375,0.08692874124
104,7.650843344,0.08022547121
104,7.967803314,0.06925509569
104,8.284763284,0.04718928598
104,8.601723253,0.0612360609
104,8.918683223,0.06419344694
104,9.235643192,0.06419344694
104,9.552603162,0.06419344694
116,-10.89012344,0.05259638982
116,-10.57586857,0.05259638982
116,-10.26161369,0.05259638982
116,-9.947358816,0.05259638982
116,-9.63310394,0.05606235049
116,-9.318849064,0.06357700936
116,-9.004594188,0.07212349944
116,-8.690339312,0.09876145997
116,-8.376084435,0.06963271609
116,-8.061829559,0.1056210202
116,-7.747574683,0.04835246796
116,-7.433319807,0.1008191158
116,-7.119064931,0.1344967268
116,-6.804810054,0.2108883662
116,-6.490555178,0.2630925237
116,-6.176300302,0.4786549123
116,-5.862045426,0.6803191825
116,-5.54779055,0.9749428784
116,-5.233535673,1.184146112
116,-4.919280797,1.497578484
116,-4.605025921,1.867343937
116,-4.290771045,2.296493311
116,-3.976516169,2.907568162
116,-3.662261292,3.686473514
116,-3.348006416,4.752321852
116,-3.03375154,5.668231469
116,-2.719496664,7.00202908
116,-2.405241788,8.334939908
116,-2.090986911,9.723870854
116,-1.776732035,11.12514658
116,-1.462477159,12.33583934
116,-1.148222283,13.31763264
116,-0.8339674067,13.93208416
116,-0.5197125305,14.55942156
116,-0.2054576543,15.03104496
116,0.1087972219,15.11432808
116,0.4230520981,15.08765392
116,0.7373069743,14.90263269
116,1.05156185,14.65014391
116,1.365816727,14.32276432
116,1.680071603,13.54873921
116,1.994326479,12.46527748
116,2.308581355,11.23135557
116,2.622836231,9.931284689
116,2.937091108,8.64219581
116,3.251345984,7.393570401
116,3.56560086,5.933646322
116,3.879855736,4.701632717
116,4.194110612,3.358094604
116,4.508365489,2.227616863
116,4.822620365,1.31698693
116,5.136875241,0.6900149414
116,5.451130117,0.3559132961
116,5.765384993,0.2338776791
116,6.07963987,0.2205960001
116,6.393894746,0.2217359097
116,6.708149622,0.2156949406
116,7.022404498,0.2143148504
116,7.336659374,0.2004047093
116,7.650914251,0.1908311657
116,7.965169127,0.1982796782
116,8.279424003,0.1694509176
116,8.593678879,0.1694509176
116,8.907933755,0.1694509176
