target,variant,model,fold,skill_q2,alpha,n_train,n_test
D,src_gkf,full,0,0.741860962431755,3.1622776601683795,160,40
D,src_gkf,full,1,0.5319013258483427,1.0,160,40
D,src_gkf,full,2,0.5910760332064742,10.0,160,40
D,src_gkf,full,3,0.5515685530812657,3.1622776601683795,160,40
D,src_gkf,full,4,0.5089156594999787,3.1622776601683795,160,40
D,src_gkf,h_only,0,0.02905345209992405,31.622776601683793,160,40
D,src_gkf,h_only,1,0.04363427561439881,10.0,160,40
D,src_gkf,h_only,2,0.07313600843816526,31.622776601683793,160,40
D,src_gkf,h_only,3,0.1392431944988468,10.0,160,40
D,src_gkf,h_only,4,-0.0005767687101083663,31.622776601683793,160,40
D,src_gkf,minus_h,0,0.7401376026111293,3.1622776601683795,160,40
D,src_gkf,minus_h,1,0.5232312819589802,1.0,160,40
D,src_gkf,minus_h,2,0.5007105707957495,10.0,160,40
D,src_gkf,minus_h,3,0.37603593570895066,3.1622776601683795,160,40
D,src_gkf,minus_h,4,0.4191064859552013,3.1622776601683795,160,40
D,src_gkf,dummy,0,0.0,,160,40
D,src_gkf,dummy,1,0.0,,160,40
D,src_gkf,dummy,2,0.0,,160,40
D,src_gkf,dummy,3,0.0,,160,40
D,src_gkf,dummy,4,0.0,,160,40
D,proc_gkf,full,0,0.6729598375987916,10.0,160,40
D,proc_gkf,full,1,0.5773697665762406,3.1622776601683795,160,40
D,proc_gkf,full,2,0.44933278824280987,3.1622776601683795,160,40
D,proc_gkf,full,3,0.7081197241194032,3.1622776601683795,160,40
D,proc_gkf,full,4,0.40022880025802976,3.1622776601683795,160,40
D,proc_gkf,h_only,0,0.12189506319459464,100.0,160,40
D,proc_gkf,h_only,1,0.054001182152712546,316.22776601683796,160,40
D,proc_gkf,h_only,2,0.0364206500181381,31.622776601683793,160,40
D,proc_gkf,h_only,3,0.037679358564521426,100.0,160,40
D,proc_gkf,h_only,4,-0.300090851780177,10.0,160,40
D,proc_gkf,minus_h,0,0.49818245081382273,10.0,160,40
D,proc_gkf,minus_h,1,0.43484437336595216,3.1622776601683795,160,40
D,proc_gkf,minus_h,2,0.34173622258538006,10.0,160,40
D,proc_gkf,minus_h,3,0.6670412888381845,10.0,160,40
D,proc_gkf,minus_h,4,0.47241099476782555,10.0,160,40
D,proc_gkf,dummy,0,0.0,,160,40
D,proc_gkf,dummy,1,0.0,,160,40
D,proc_gkf,dummy,2,0.0,,160,40
D,proc_gkf,dummy,3,0.0,,160,40
D,proc_gkf,dummy,4,0.0,,160,40
A,src_gkf,full,0,0.22086468835893458,31.622776601683793,160,40
A,src_gkf,full,1,-0.01024198062285575,31.622776601683793,160,40
A,src_gkf,full,2,0.160495937348061,10.0,160,40
A,src_gkf,full,3,-0.0649641284658935,31.622776601683793,160,40
A,src_gkf,full,4,0.19764229231797714,31.622776601683793,160,40
A,src_gkf,h_only,0,-0.0021211643561804827,1000.0,160,40
A,src_gkf,h_only,1,-0.12224823661391704,31.622776601683793,160,40
A,src_gkf,h_only,2,0.001141167869953219,1000.0,160,40
A,src_gkf,h_only,3,0.0048532193810170154,1000.0,160,40
A,src_gkf,h_only,4,0.0019569278383476663,1000.0,160,40
A,src_gkf,minus_h,0,0.22156538482169064,31.622776601683793,160,40
A,src_gkf,minus_h,1,0.1020969009497742,31.622776601683793,160,40
A,src_gkf,minus_h,2,0.1423742782242734,10.0,160,40
A,src_gkf,minus_h,3,-0.08512448046629295,31.622776601683793,160,40
A,src_gkf,minus_h,4,0.17189691193838408,31.622776601683793,160,40
A,src_gkf,dummy,0,0.0,,160,40
A,src_gkf,dummy,1,0.0,,160,40
A,src_gkf,dummy,2,0.0,,160,40
A,src_gkf,dummy,3,0.0,,160,40
A,src_gkf,dummy,4,0.0,,160,40
A,proc_gkf,full,0,0.11568136481436508,31.622776601683793,160,40
A,proc_gkf,full,1,0.1680954219943619,100.0,160,40
A,proc_gkf,full,2,0.12571772703647888,31.622776601683793,160,40
A,proc_gkf,full,3,0.15670773844161656,100.0,160,40
A,proc_gkf,full,4,0.21118188427209783,31.622776601683793,160,40
A,proc_gkf,h_only,0,0.0009147169038730141,1000.0,160,40
A,proc_gkf,h_only,1,0.0033352117709373186,1000.0,160,40
A,proc_gkf,h_only,2,-0.01618222063084107,100.0,160,40
A,proc_gkf,h_only,3,-0.005607640211155784,1000.0,160,40
A,proc_gkf,h_only,4,0.0014276408560811582,1000.0,160,40
A,proc_gkf,minus_h,0,0.09900518814884685,31.622776601683793,160,40
A,proc_gkf,minus_h,1,0.1492453026534245,100.0,160,40
A,proc_gkf,minus_h,2,0.12943792958598954,31.622776601683793,160,40
A,proc_gkf,minus_h,3,0.18053850637875335,100.0,160,40
A,proc_gkf,minus_h,4,0.18986474129100772,31.622776601683793,160,40
A,proc_gkf,dummy,0,0.0,,160,40
A,proc_gkf,dummy,1,0.0,,160,40
A,proc_gkf,dummy,2,0.0,,160,40
A,proc_gkf,dummy,3,0.0,,160,40
A,proc_gkf,dummy,4,0.0,,160,40
Pl,src_gkf,full,0,0.37704517584918384,10.0,160,40
Pl,src_gkf,full,1,0.30763513211106275,31.622776601683793,160,40
Pl,src_gkf,full,2,0.3082626913088109,10.0,160,40
Pl,src_gkf,full,3,0.36747300780876413,10.0,160,40
Pl,src_gkf,full,4,0.29058368511536314,10.0,160,40
Pl,src_gkf,h_only,0,0.019602065842605598,3.1622776601683795,160,40
Pl,src_gkf,h_only,1,0.05785094199821805,10.0,160,40
Pl,src_gkf,h_only,2,0.1464285129862113,31.622776601683793,160,40
Pl,src_gkf,h_only,3,0.18341452010286952,10.0,160,40
Pl,src_gkf,h_only,4,0.14524463679998068,10.0,160,40
Pl,src_gkf,minus_h,0,0.31465692679579527,31.622776601683793,160,40
Pl,src_gkf,minus_h,1,0.24314133701175333,31.622776601683793,160,40
Pl,src_gkf,minus_h,2,0.131951608017974,31.622776601683793,160,40
Pl,src_gkf,minus_h,3,0.1452754132763393,31.622776601683793,160,40
Pl,src_gkf,minus_h,4,0.11568221164784454,31.622776601683793,160,40
Pl,src_gkf,dummy,0,0.0,,160,40
Pl,src_gkf,dummy,1,0.0,,160,40
Pl,src_gkf,dummy,2,0.0,,160,40
Pl,src_gkf,dummy,3,0.0,,160,40
Pl,src_gkf,dummy,4,0.0,,160,40
Pl,proc_gkf,full,0,0.4041337289958268,10.0,160,40
Pl,proc_gkf,full,1,0.3372629834513998,31.622776601683793,160,40
Pl,proc_gkf,full,2,0.3471483663073964,31.622776601683793,160,40
Pl,proc_gkf,full,3,0.33921883550334,31.622776601683793,160,40
Pl,proc_gkf,full,4,0.19687569704107166,10.0,160,40
Pl,proc_gkf,h_only,0,0.1861085629908351,31.622776601683793,160,40
Pl,proc_gkf,h_only,1,0.16401321932181556,31.622776601683793,160,40
Pl,proc_gkf,h_only,2,0.0749113416376983,31.622776601683793,160,40
Pl,proc_gkf,h_only,3,-0.03950126528130515,10.0,160,40
Pl,proc_gkf,h_only,4,0.13999392647196807,31.622776601683793,160,40
Pl,proc_gkf,minus_h,0,0.19055118173537466,31.622776601683793,160,40
Pl,proc_gkf,minus_h,1,0.13867045359788177,31.622776601683793,160,40
Pl,proc_gkf,minus_h,2,0.24215668933294232,31.622776601683793,160,40
Pl,proc_gkf,minus_h,3,0.3520581882919116,31.622776601683793,160,40
Pl,proc_gkf,minus_h,4,-0.0201860485933143,31.622776601683793,160,40
Pl,proc_gkf,dummy,0,0.0,,160,40
Pl,proc_gkf,dummy,1,0.0,,160,40
Pl,proc_gkf,dummy,2,0.0,,160,40
Pl,proc_gkf,dummy,3,0.0,,160,40
Pl,proc_gkf,dummy,4,0.0,,160,40
Ot_A2,src_gkf,full,0,0.4362632635500263,1.0,160,40
Ot_A2,src_gkf,full,1,0.6482498998951916,3.1622776601683795,160,40
Ot_A2,src_gkf,full,2,0.6613456895892484,3.1622776601683795,160,40
Ot_A2,src_gkf,full,3,0.641425679911622,10.0,160,40
Ot_A2,src_gkf,full,4,0.46513109609432257,0.1,160,40
Ot_A2,src_gkf,h_only,0,0.46680358486251916,0.001,160,40
Ot_A2,src_gkf,h_only,1,0.624838838190799,0.001,160,40
Ot_A2,src_gkf,h_only,2,0.6150926883025883,0.001,160,40
Ot_A2,src_gkf,h_only,3,0.6277379477171798,1.0,160,40
Ot_A2,src_gkf,h_only,4,0.4463937647179286,0.001,160,40
Ot_A2,src_gkf,minus_h,0,0.0050576007118317,1000.0,160,40
Ot_A2,src_gkf,minus_h,1,0.008701342468437345,1000.0,160,40
Ot_A2,src_gkf,minus_h,2,0.010782149896684912,1000.0,160,40
Ot_A2,src_gkf,minus_h,3,0.0049410789474827466,1000.0,160,40
Ot_A2,src_gkf,minus_h,4,-0.007941959506743146,1000.0,160,40
Ot_A2,src_gkf,dummy,0,0.0,,160,40
Ot_A2,src_gkf,dummy,1,0.0,,160,40
Ot_A2,src_gkf,dummy,2,0.0,,160,40
Ot_A2,src_gkf,dummy,3,0.0,,160,40
Ot_A2,src_gkf,dummy,4,0.0,,160,40
Ot_A2,proc_gkf,full,0,0.7353666122437339,1.0,160,40
Ot_A2,proc_gkf,full,1,0.6416039883494734,3.1622776601683795,160,40
Ot_A2,proc_gkf,full,2,0.5287862286827657,1.0,160,40
Ot_A2,proc_gkf,full,3,0.25146753686651235,3.1622776601683795,160,40
Ot_A2,proc_gkf,full,4,0.5515234307230563,0.001,160,40
Ot_A2,proc_gkf,h_only,0,0.7313621672322836,1.0,160,40
Ot_A2,proc_gkf,h_only,1,0.604017544161094,1.0,160,40
Ot_A2,proc_gkf,h_only,2,0.5535919090583696,3.1622776601683795,160,40
Ot_A2,proc_gkf,h_only,3,0.225964540535445,1.0,160,40
Ot_A2,proc_gkf,h_only,4,0.611121986803146,1.0,160,40
Ot_A2,proc_gkf,minus_h,0,-0.0063896196676414,1000.0,160,40
Ot_A2,proc_gkf,minus_h,1,0.00243393357945465,1000.0,160,40
Ot_A2,proc_gkf,minus_h,2,0.006294716094618957,1000.0,160,40
Ot_A2,proc_gkf,minus_h,3,-0.0022644565871683398,1000.0,160,40
Ot_A2,proc_gkf,minus_h,4,-0.07109057241538252,316.22776601683796,160,40
Ot_A2,proc_gkf,dummy,0,0.0,,160,40
Ot_A2,proc_gkf,dummy,1,0.0,,160,40
Ot_A2,proc_gkf,dummy,2,0.0,,160,40
Ot_A2,proc_gkf,dummy,3,0.0,,160,40
Ot_A2,proc_gkf,dummy,4,0.0,,160,40
Ot_ent,src_gkf,full,0,0.4503804851563875,1.0,160,40
Ot_ent,src_gkf,full,1,0.6787944473254606,3.1622776601683795,160,40
Ot_ent,src_gkf,full,2,0.6623014674517541,3.1622776601683795,160,40
Ot_ent,src_gkf,full,3,0.6791298176341798,10.0,160,40
Ot_ent,src_gkf,full,4,0.40839673759424755,1.0,160,40
Ot_ent,src_gkf,h_only,0,0.4605515511651278,0.001,160,40
Ot_ent,src_gkf,h_only,1,0.6069240778141922,0.31622776601683794,160,40
Ot_ent,src_gkf,h_only,2,0.5820385643160475,0.1,160,40
Ot_ent,src_gkf,h_only,3,0.6401938713100487,3.1622776601683795,160,40
Ot_ent,src_gkf,h_only,4,0.3774734363959933,1.0,160,40
Ot_ent,src_gkf,minus_h,0,0.010193786182666309,1000.0,160,40
Ot_ent,src_gkf,minus_h,1,0.014784579839985601,1000.0,160,40
Ot_ent,src_gkf,minus_h,2,0.018502118959910052,1000.0,160,40
Ot_ent,src_gkf,minus_h,3,0.032646368879842846,100.0,160,40
Ot_ent,src_gkf,minus_h,4,-0.008135503848158976,316.22776601683796,160,40
Ot_ent,src_gkf,dummy,0,0.0,,160,40
Ot_ent,src_gkf,dummy,1,0.0,,160,40
Ot_ent,src_gkf,dummy,2,0.0,,160,40
Ot_ent,src_gkf,dummy,3,0.0,,160,40
Ot_ent,src_gkf,dummy,4,0.0,,160,40
Ot_ent,proc_gkf,full,0,0.6955295353222753,0.31622776601683794,160,40
Ot_ent,proc_gkf,full,1,0.6449446532640573,3.1622776601683795,160,40
Ot_ent,proc_gkf,full,2,0.7420697390393854,0.001,160,40
Ot_ent,proc_gkf,full,3,0.2972509054022139,3.1622776601683795,160,40
Ot_ent,proc_gkf,full,4,0.43188311939451096,0.001,160,40
Ot_ent,proc_gkf,h_only,0,0.6639637432817527,1.0,160,40
Ot_ent,proc_gkf,h_only,1,0.5730638657762053,3.1622776601683795,160,40
Ot_ent,proc_gkf,h_only,2,0.6325843556125155,3.1622776601683795,160,40
Ot_ent,proc_gkf,h_only,3,0.1909947578800304,1.0,160,40
Ot_ent,proc_gkf,h_only,4,0.48413923431954153,1.0,160,40
Ot_ent,proc_gkf,minus_h,0,0.00013255364477049447,1000.0,160,40
Ot_ent,proc_gkf,minus_h,1,0.02705448164062041,316.22776601683796,160,40
Ot_ent,proc_gkf,minus_h,2,0.014047281240879506,1000.0,160,40
Ot_ent,proc_gkf,minus_h,3,0.01859636496062833,316.22776601683796,160,40
Ot_ent,proc_gkf,minus_h,4,-0.19919735165652175,100.0,160,40
Ot_ent,proc_gkf,dummy,0,0.0,,160,40
Ot_ent,proc_gkf,dummy,1,0.0,,160,40
Ot_ent,proc_gkf,dummy,2,0.0,,160,40
Ot_ent,proc_gkf,dummy,3,0.0,,160,40
Ot_ent,proc_gkf,dummy,4,0.0,,160,40
Ot_A2_16_32,src_gkf,full,0,0.20986306828195533,31.622776601683793,160,40
Ot_A2_16_32,src_gkf,full,1,0.1385861314563489,31.622776601683793,160,40
Ot_A2_16_32,src_gkf,full,2,0.017492263939601127,31.622776601683793,160,40
Ot_A2_16_32,src_gkf,full,3,0.2202890349019202,31.622776601683793,160,40
Ot_A2_16_32,src_gkf,full,4,0.142907040635617,31.622776601683793,160,40
Ot_A2_16_32,src_gkf,h_only,0,0.2339626076877167,3.1622776601683795,160,40
Ot_A2_16_32,src_gkf,h_only,1,0.10350494999256843,31.622776601683793,160,40
Ot_A2_16_32,src_gkf,h_only,2,0.16783456428004018,3.1622776601683795,160,40
Ot_A2_16_32,src_gkf,h_only,3,0.24128186345874947,0.31622776601683794,160,40
Ot_A2_16_32,src_gkf,h_only,4,0.11274625670223426,0.001,160,40
Ot_A2_16_32,src_gkf,minus_h,0,0.00389202552488066,316.22776601683796,160,40
Ot_A2_16_32,src_gkf,minus_h,1,0.007525789508300851,1000.0,160,40
Ot_A2_16_32,src_gkf,minus_h,2,-0.09156614791615403,100.0,160,40
Ot_A2_16_32,src_gkf,minus_h,3,0.0015838020762403149,1000.0,160,40
Ot_A2_16_32,src_gkf,minus_h,4,0.002344443905551441,1000.0,160,40
Ot_A2_16_32,src_gkf,dummy,0,0.0,,160,40
Ot_A2_16_32,src_gkf,dummy,1,0.0,,160,40
Ot_A2_16_32,src_gkf,dummy,2,0.0,,160,40
Ot_A2_16_32,src_gkf,dummy,3,0.0,,160,40
Ot_A2_16_32,src_gkf,dummy,4,0.0,,160,40
Ot_ent_16_32,src_gkf,full,0,0.21586490669122393,31.622776601683793,160,40
Ot_ent_16_32,src_gkf,full,1,0.14370802412743688,31.622776601683793,160,40
Ot_ent_16_32,src_gkf,full,2,0.004321370692691451,31.622776601683793,160,40
Ot_ent_16_32,src_gkf,full,3,0.2656246718559352,31.622776601683793,160,40
Ot_ent_16_32,src_gkf,full,4,0.08552570006042504,31.622776601683793,160,40
Ot_ent_16_32,src_gkf,h_only,0,0.2623043828384307,1.0,160,40
Ot_ent_16_32,src_gkf,h_only,1,0.1381927899628057,10.0,160,40
Ot_ent_16_32,src_gkf,h_only,2,0.14422244242616877,1.0,160,40
Ot_ent_16_32,src_gkf,h_only,3,0.30433871373611776,3.1622776601683795,160,40
Ot_ent_16_32,src_gkf,h_only,4,0.07855579424508918,0.001,160,40
Ot_ent_16_32,src_gkf,minus_h,0,-0.002192403052321934,1000.0,160,40
Ot_ent_16_32,src_gkf,minus_h,1,0.0007922743700228274,1000.0,160,40
Ot_ent_16_32,src_gkf,minus_h,2,-0.01647593670544567,1000.0,160,40
Ot_ent_16_32,src_gkf,minus_h,3,-0.0010479446435311957,1000.0,160,40
Ot_ent_16_32,src_gkf,minus_h,4,-0.007101890630502483,1000.0,160,40
Ot_ent_16_32,src_gkf,dummy,0,0.0,,160,40
Ot_ent_16_32,src_gkf,dummy,1,0.0,,160,40
Ot_ent_16_32,src_gkf,dummy,2,0.0,,160,40
Ot_ent_16_32,src_gkf,dummy,3,0.0,,160,40
Ot_ent_16_32,src_gkf,dummy,4,0.0,,160,40
Ot_joint,src_gkf,full,0,0.442654028628496,1.0,160,40
Ot_joint,src_gkf,full,1,0.6630364901524536,3.1622776601683795,160,40
Ot_joint,src_gkf,full,2,0.6618278136360567,3.1622776601683795,160,40
Ot_joint,src_gkf,full,3,0.6614075057238205,10.0,160,40
Ot_joint,src_gkf,full,4,0.43578133112473627,0.31622776601683794,160,40
Ot_joint,src_gkf,h_only,0,0.4639733340003591,0.001,160,40
Ot_joint,src_gkf,h_only,1,0.6160156635859828,0.31622776601683794,160,40
Ot_joint,src_gkf,h_only,2,0.5984198018305389,0.001,160,40
Ot_joint,src_gkf,h_only,3,0.6338015670072863,3.1622776601683795,160,40
Ot_joint,src_gkf,h_only,4,0.41090614833791783,0.31622776601683794,160,40
Ot_joint,src_gkf,minus_h,0,0.007382715076315716,1000.0,160,40
Ot_joint,src_gkf,minus_h,1,0.011646232670398882,1000.0,160,40
Ot_joint,src_gkf,minus_h,2,0.014676342126915487,1000.0,160,40
Ot_joint,src_gkf,minus_h,3,0.016008442074141982,316.22776601683796,160,40
Ot_joint,src_gkf,minus_h,4,-0.015209997417668708,316.22776601683796,160,40
Ot_joint,src_gkf,dummy,0,0.0,,160,40
Ot_joint,src_gkf,dummy,1,0.0,,160,40
Ot_joint,src_gkf,dummy,2,0.0,,160,40
Ot_joint,src_gkf,dummy,3,0.0,,160,40
Ot_joint,src_gkf,dummy,4,0.0,,160,40
D,src_gkf_inbox,full,0,0.6511421796857935,3.1622776601683795,80,21
D,src_gkf_inbox,full,1,0.7108489409884886,3.1622776601683795,81,20
D,src_gkf_inbox,full,2,0.7105247779411467,1.0,81,20
D,src_gkf_inbox,full,3,0.7240801490080587,1.0,81,20
D,src_gkf_inbox,full,4,0.36449138799670167,0.001,81,20
D,src_gkf_inbox,h_only,0,0.07579192336839147,0.1,80,21
D,src_gkf_inbox,h_only,1,0.011160682618762685,31.622776601683793,81,20
D,src_gkf_inbox,h_only,2,0.22902737980641075,3.1622776601683795,81,20
D,src_gkf_inbox,h_only,3,0.09935141839330752,100.0,81,20
D,src_gkf_inbox,h_only,4,-0.38020107352775145,3.1622776601683795,81,20
D,src_gkf_inbox,minus_h,0,0.5739308663832065,3.1622776601683795,80,21
D,src_gkf_inbox,minus_h,1,0.6790018838578922,0.31622776601683794,81,20
D,src_gkf_inbox,minus_h,2,0.5213929099356545,3.1622776601683795,81,20
D,src_gkf_inbox,minus_h,3,0.5767043617388947,3.1622776601683795,81,20
D,src_gkf_inbox,minus_h,4,0.25589546301555066,3.1622776601683795,81,20
D,src_gkf_inbox,dummy,0,0.0,,80,21
D,src_gkf_inbox,dummy,1,0.0,,81,20
D,src_gkf_inbox,dummy,2,0.0,,81,20
D,src_gkf_inbox,dummy,3,0.0,,81,20
D,src_gkf_inbox,dummy,4,0.0,,81,20
A,src_gkf_inbox,full,0,0.07251945237243396,316.22776601683796,80,21
A,src_gkf_inbox,full,1,-0.01816301373355378,316.22776601683796,81,20
A,src_gkf_inbox,full,2,0.08917893421683787,100.0,81,20
A,src_gkf_inbox,full,3,0.04375688271681011,316.22776601683796,81,20
A,src_gkf_inbox,full,4,-0.4539483970356124,100.0,81,20
A,src_gkf_inbox,h_only,0,-0.008002386476858359,1000.0,80,21
A,src_gkf_inbox,h_only,1,-0.0015564642714176458,1000.0,81,20
A,src_gkf_inbox,h_only,2,-0.002455408798612835,1000.0,81,20
A,src_gkf_inbox,h_only,3,-0.00034493513127209496,1000.0,81,20
A,src_gkf_inbox,h_only,4,0.0002153842730859834,1000.0,81,20
A,src_gkf_inbox,minus_h,0,0.09464546249694061,316.22776601683796,80,21
A,src_gkf_inbox,minus_h,1,-0.009990551510768775,316.22776601683796,81,20
A,src_gkf_inbox,minus_h,2,0.10367684311759795,100.0,81,20
A,src_gkf_inbox,minus_h,3,0.0808183494241973,100.0,81,20
A,src_gkf_inbox,minus_h,4,-0.4499901179397694,100.0,81,20
A,src_gkf_inbox,dummy,0,0.0,,80,21
A,src_gkf_inbox,dummy,1,0.0,,81,20
A,src_gkf_inbox,dummy,2,0.0,,81,20
A,src_gkf_inbox,dummy,3,0.0,,81,20
A,src_gkf_inbox,dummy,4,0.0,,81,20
Pl,src_gkf_inbox,full,0,0.42265348438561445,31.622776601683793,80,21
Pl,src_gkf_inbox,full,1,0.2588128871466757,31.622776601683793,81,20
Pl,src_gkf_inbox,full,2,0.3629219822441606,10.0,81,20
Pl,src_gkf_inbox,full,3,0.5042956401794,10.0,81,20
Pl,src_gkf_inbox,full,4,0.20639017127157788,31.622776601683793,81,20
Pl,src_gkf_inbox,h_only,0,0.2863572773489831,10.0,80,21
Pl,src_gkf_inbox,h_only,1,0.02521189353065567,3.1622776601683795,81,20
Pl,src_gkf_inbox,h_only,2,0.15757527500212554,3.1622776601683795,81,20
Pl,src_gkf_inbox,h_only,3,0.3250877614546531,10.0,81,20
Pl,src_gkf_inbox,h_only,4,0.1921056765085548,10.0,81,20
Pl,src_gkf_inbox,minus_h,0,0.12158547550000431,100.0,80,21
Pl,src_gkf_inbox,minus_h,1,0.15113375914427674,100.0,81,20
Pl,src_gkf_inbox,minus_h,2,0.18320037324416982,10.0,81,20
Pl,src_gkf_inbox,minus_h,3,0.18697566522166553,31.622776601683793,81,20
Pl,src_gkf_inbox,minus_h,4,-0.06748082490974494,31.622776601683793,81,20
Pl,src_gkf_inbox,dummy,0,0.0,,80,21
Pl,src_gkf_inbox,dummy,1,0.0,,81,20
Pl,src_gkf_inbox,dummy,2,0.0,,81,20
Pl,src_gkf_inbox,dummy,3,0.0,,81,20
Pl,src_gkf_inbox,dummy,4,0.0,,81,20
Ot_A2,src_gkf_inbox,full,0,0.7067205575717503,3.1622776601683795,80,21
Ot_A2,src_gkf_inbox,full,1,0.7450340395827952,3.1622776601683795,81,20
Ot_A2,src_gkf_inbox,full,2,0.6632913244812517,3.1622776601683795,81,20
Ot_A2,src_gkf_inbox,full,3,0.6319687382500437,0.001,81,20
Ot_A2,src_gkf_inbox,full,4,0.5925407363619484,1.0,81,20
Ot_A2,src_gkf_inbox,h_only,0,0.7044636970676054,3.1622776601683795,80,21
Ot_A2,src_gkf_inbox,h_only,1,0.7563629673744536,1.0,81,20
Ot_A2,src_gkf_inbox,h_only,2,0.6941971291417859,0.1,81,20
Ot_A2,src_gkf_inbox,h_only,3,0.7477049272616105,0.001,81,20
Ot_A2,src_gkf_inbox,h_only,4,0.6948484702931408,0.001,81,20
Ot_A2,src_gkf_inbox,minus_h,0,-0.0028491817523348395,1000.0,80,21
Ot_A2,src_gkf_inbox,minus_h,1,-0.004623518823115624,1000.0,81,20
Ot_A2,src_gkf_inbox,minus_h,2,-0.003384027167603554,1000.0,81,20
Ot_A2,src_gkf_inbox,minus_h,3,-0.0020783442223835102,1000.0,81,20
Ot_A2,src_gkf_inbox,minus_h,4,-0.0029492714083083627,1000.0,81,20
Ot_A2,src_gkf_inbox,dummy,0,0.0,,80,21
Ot_A2,src_gkf_inbox,dummy,1,0.0,,81,20
Ot_A2,src_gkf_inbox,dummy,2,0.0,,81,20
Ot_A2,src_gkf_inbox,dummy,3,0.0,,81,20
Ot_A2,src_gkf_inbox,dummy,4,0.0,,81,20
Ot_ent,src_gkf_inbox,full,0,0.7314882877423282,3.1622776601683795,80,21
Ot_ent,src_gkf_inbox,full,1,0.6486835305680178,10.0,81,20
Ot_ent,src_gkf_inbox,full,2,0.7297051206566283,3.1622776601683795,81,20
Ot_ent,src_gkf_inbox,full,3,0.5797541439354001,0.001,81,20
Ot_ent,src_gkf_inbox,full,4,0.6495613742049169,0.001,81,20
Ot_ent,src_gkf_inbox,h_only,0,0.6838801641343581,3.1622776601683795,80,21
Ot_ent,src_gkf_inbox,h_only,1,0.6464495518796867,1.0,81,20
Ot_ent,src_gkf_inbox,h_only,2,0.7287387448397407,0.001,81,20
Ot_ent,src_gkf_inbox,h_only,3,0.742909804971265,1.0,81,20
Ot_ent,src_gkf_inbox,h_only,4,0.6563730956847276,0.001,81,20
Ot_ent,src_gkf_inbox,minus_h,0,0.00018998986784168892,1000.0,80,21
Ot_ent,src_gkf_inbox,minus_h,1,-0.001965811355936209,1000.0,81,20
Ot_ent,src_gkf_inbox,minus_h,2,-0.00033588810240581246,1000.0,81,20
Ot_ent,src_gkf_inbox,minus_h,3,-0.0034300949618262244,1000.0,81,20
Ot_ent,src_gkf_inbox,minus_h,4,-0.0024913327600319946,1000.0,81,20
Ot_ent,src_gkf_inbox,dummy,0,0.0,,80,21
Ot_ent,src_gkf_inbox,dummy,1,0.0,,81,20
Ot_ent,src_gkf_inbox,dummy,2,0.0,,81,20
Ot_ent,src_gkf_inbox,dummy,3,0.0,,81,20
Ot_ent,src_gkf_inbox,dummy,4,0.0,,81,20
