target_id,family,cv_variant,input_set,dR2_median,dR2_q25,dR2_q75,n_folds,n_folds_pos,pair
DCT_16_32_PC1,D,proc_gkf,A,-0.3746712122106457,-0.4001823805149632,-0.37059190427767913,5,0,extratrees-ridge
DCT_16_32_PC1,D,proc_gkf,C,-0.6904023037114388,-1.0136611554565897,-0.42735828512792323,5,0,extratrees-ridge
DCT_16_32_PC1,D,proc_gkf,R,-0.23516935894555951,-1.0104416491935566,-0.2202414087862423,5,1,extratrees-ridge
DCT_16_32_PC1,D,proc_gss,A,-0.663584176155797,-1.0072621810608107,-0.3773503696732639,5,0,extratrees-ridge
DCT_16_32_PC1,D,proc_gss,C,-0.30206602188933573,-0.5968963143765913,-0.28797584485844263,5,0,extratrees-ridge
DCT_16_32_PC1,D,proc_gss,R,-0.2493088456028551,-0.7579972627821221,-0.1335079913511967,5,0,extratrees-ridge
DCT_16_32_PC1,D,src_gkf,A,-0.5807943863370939,-0.8935552148637497,-0.1909635254017772,5,0,extratrees-ridge
DCT_16_32_PC1,D,src_gkf,C,-0.48786777939415704,-0.7610652779840872,-0.4319373315901065,5,0,extratrees-ridge
DCT_16_32_PC1,D,src_gkf,R,-0.0480855904111436,-1.1457024154234539,-0.010533189130186082,5,1,extratrees-ridge
DCT_16_32_PC1,D,src_gss,A,-0.9967325798870845,-1.414252712883892,-0.19856949124196868,5,0,extratrees-ridge
DCT_16_32_PC1,D,src_gss,C,-1.0605592281846876,-1.315640584505429,-0.085579024182139,5,0,extratrees-ridge
DCT_16_32_PC1,D,src_gss,R,-1.0919877238130418,-1.4698003553963686,0.0425332293484234,5,2,extratrees-ridge
DCT_16_32_PC2,D,proc_gkf,A,-0.8833527140327821,-0.9367765819503657,-0.003728385378433341,5,1,extratrees-ridge
DCT_16_32_PC2,D,proc_gkf,C,-0.8091717799251206,-1.221413067505518,-0.6134822591592448,5,0,extratrees-ridge
DCT_16_32_PC2,D,proc_gkf,R,-1.4096825543444464,-2.3940115599188485,-1.1801446223909409,5,1,extratrees-ridge
DCT_16_32_PC2,D,proc_gss,A,-0.7957390158770274,-0.8470966614063686,-0.5677246734640791,5,0,extratrees-ridge
DCT_16_32_PC2,D,proc_gss,C,-0.4742508608602374,-1.3030155817483215,-0.36123586041678846,5,1,extratrees-ridge
DCT_16_32_PC2,D,proc_gss,R,-0.7576779995847995,-1.7827969003749906,0.131146951787383,5,2,extratrees-ridge
DCT_16_32_PC2,D,src_gkf,A,-0.9378057461765869,-1.4372229056993144,-0.2611001874527546,5,0,extratrees-ridge
DCT_16_32_PC2,D,src_gkf,C,-0.2257765949710322,-2.1112514998222434,-0.125951767110123,5,0,extratrees-ridge
DCT_16_32_PC2,D,src_gkf,R,-0.534498982698509,-4.011332481140971,-0.1350849226704554,5,1,extratrees-ridge
DCT_16_32_PC2,D,src_gss,A,-0.5055289994515204,-1.0878785444864338,-0.0995126650790738,5,1,extratrees-ridge
DCT_16_32_PC2,D,src_gss,C,0.017660161700804256,-0.034763616405362796,0.04718169087676231,5,3,extratrees-ridge
DCT_16_32_PC2,D,src_gss,R,-0.4887287271320917,-0.6151883092623592,-0.03649288110305052,5,1,extratrees-ridge
DCT_16_32_PC3,D,proc_gkf,A,-0.8152122739461585,-0.9911849261903913,-0.45875381090290346,5,1,extratrees-ridge
DCT_16_32_PC3,D,proc_gkf,C,-0.3946411515085171,-0.7827379996099693,-0.013629143703176833,5,1,extratrees-ridge
DCT_16_32_PC3,D,proc_gkf,R,-0.10193643134313149,-0.908154386268194,-0.040308631166118804,5,0,extratrees-ridge
DCT_16_32_PC3,D,proc_gss,A,-0.6309398500014978,-3.421956030902077,-0.034597094201193,5,1,extratrees-ridge
DCT_16_32_PC3,D,proc_gss,C,-0.1473406217455233,-1.5813877296981071,0.093757189209331,5,2,extratrees-ridge
DCT_16_32_PC3,D,proc_gss,R,0.0669072887722369,-0.5473498195411666,0.2708861982379415,5,3,extratrees-ridge
DCT_16_32_PC3,D,src_gkf,A,-0.6792170406452229,-0.7914812878663822,-0.43677350812301113,5,0,extratrees-ridge
DCT_16_32_PC3,D,src_gkf,C,-0.3584192794711681,-0.4363409043850082,-0.17759416450953208,5,0,extratrees-ridge
DCT_16_32_PC3,D,src_gkf,R,-0.3703161724535807,-0.43707190283161423,-0.0015169678052151941,5,1,extratrees-ridge
DCT_16_32_PC3,D,src_gss,A,-0.2435024846622991,-0.3665813279782482,-0.03259540931572591,5,1,extratrees-ridge
DCT_16_32_PC3,D,src_gss,C,-0.09353341053338693,-0.3702833643935198,-0.0608836309527211,5,1,extratrees-ridge
DCT_16_32_PC3,D,src_gss,R,-0.5883236360371906,-1.27259442914161,-0.4953865881117477,5,0,extratrees-ridge
DCT_32_64_PC1,D,proc_gkf,A,-0.3109216195628727,-0.3146501611540969,0.10507253417383901,5,2,extratrees-ridge
DCT_32_64_PC1,D,proc_gkf,C,-0.15908205698520658,-0.2654059943600692,0.1429007348653572,5,2,extratrees-ridge
DCT_32_64_PC1,D,proc_gkf,R,-0.46956624591645363,-1.1377154237072171,-0.1791252014416011,5,1,extratrees-ridge
DCT_32_64_PC1,D,proc_gss,A,-0.2505806348760125,-0.2993829587166258,0.1268009116135658,5,2,extratrees-ridge
DCT_32_64_PC1,D,proc_gss,C,-0.05749282606151309,-0.0682714419024096,0.038749947001177495,5,2,extratrees-ridge
DCT_32_64_PC1,D,proc_gss,R,-0.3072710945219904,-0.5383337064083171,-0.24822126083977358,5,1,extratrees-ridge
DCT_32_64_PC1,D,src_gkf,A,-0.0130528573660457,-0.577540694979197,0.0634980170887775,5,2,extratrees-ridge
DCT_32_64_PC1,D,src_gkf,C,-0.0345865436664876,-0.42587239309851,0.1089159165390925,5,2,extratrees-ridge
DCT_32_64_PC1,D,src_gkf,R,-0.0953398230922432,-0.5825702418756751,-0.0832350674044495,5,1,extratrees-ridge
DCT_32_64_PC1,D,src_gss,A,-0.3130679601519503,-0.5218167646048345,0.033650756917319294,5,2,extratrees-ridge
DCT_32_64_PC1,D,src_gss,C,0.028940759313018594,-0.003440199523498222,0.0686739806688123,5,3,extratrees-ridge
DCT_32_64_PC1,D,src_gss,R,-0.2131487469950153,-0.352212486180152,-0.11075885920486567,5,0,extratrees-ridge
DCT_32_64_PC2,D,proc_gkf,A,-0.4748082574685424,-1.3586434850234301,-0.2405796387185056,5,0,extratrees-ridge
DCT_32_64_PC2,D,proc_gkf,C,-0.3413335814585239,-0.5444319754439186,-0.22834635138052461,5,0,extratrees-ridge
DCT_32_64_PC2,D,proc_gkf,R,-0.245166252368692,-0.33843936166017774,-0.1245602941187349,5,0,extratrees-ridge
DCT_32_64_PC2,D,proc_gss,A,-0.9135297851933799,-4.048437889190523,-0.5765988458367937,5,0,extratrees-ridge
DCT_32_64_PC2,D,proc_gss,C,-0.8594056998537742,-3.30280154426092,-0.3251527306173296,5,0,extratrees-ridge
DCT_32_64_PC2,D,proc_gss,R,-0.4536274362139674,-0.9457123930520113,-0.135182428616073,5,1,extratrees-ridge
DCT_32_64_PC2,D,src_gkf,A,-0.8318774393199346,-1.0053352183684343,-0.8012203255024247,5,0,extratrees-ridge
DCT_32_64_PC2,D,src_gkf,C,-0.8474064802987937,-0.8975880537344769,-0.5159219995891051,5,0,extratrees-ridge
DCT_32_64_PC2,D,src_gkf,R,-0.5759602222052671,-1.2358144491593657,-0.5267524376051088,5,0,extratrees-ridge
DCT_32_64_PC2,D,src_gss,A,-0.36558943771212987,-0.3948668657811245,-0.292106243646973,5,0,extratrees-ridge
DCT_32_64_PC2,D,src_gss,C,-0.2937020034298863,-0.3283620773687426,-0.22349017520022407,5,0,extratrees-ridge
DCT_32_64_PC2,D,src_gss,R,-0.3408523743155548,-0.3870020176052837,-0.11741644133069791,5,1,extratrees-ridge
DCT_32_64_PC3,D,proc_gkf,A,-0.4545932385733198,-0.607649728071442,-0.23887576941222521,5,1,extratrees-ridge
DCT_32_64_PC3,D,proc_gkf,C,-0.5208581023290115,-0.597933391428533,-0.5144105487223778,5,1,extratrees-ridge
DCT_32_64_PC3,D,proc_gkf,R,-0.7339044561644044,-0.7987297768304815,-0.2054263454781508,5,0,extratrees-ridge
DCT_32_64_PC3,D,proc_gss,A,-0.2932049864354304,-1.074521348034356,-0.1618271379191411,5,1,extratrees-ridge
DCT_32_64_PC3,D,proc_gss,C,-0.3273904004543813,-0.7308881252951711,-0.2276213774519156,5,0,extratrees-ridge
DCT_32_64_PC3,D,proc_gss,R,-0.40546683516450926,-0.46369502404668067,-0.36018666372729863,5,0,extratrees-ridge
DCT_32_64_PC3,D,src_gkf,A,-0.2775460373707886,-0.3226825771203284,-0.040732400412030606,5,0,extratrees-ridge
DCT_32_64_PC3,D,src_gkf,C,-0.23303562827031016,-0.5993275414903739,-0.2181341952590309,5,0,extratrees-ridge
DCT_32_64_PC3,D,src_gkf,R,-0.5432359169955552,-1.293881119086234,-0.0935214056972454,5,0,extratrees-ridge
DCT_32_64_PC3,D,src_gss,A,-0.8032916754468655,-0.854643010478991,-0.49550777237832827,5,0,extratrees-ridge
DCT_32_64_PC3,D,src_gss,C,-0.7596453326502319,-1.0843631322245395,-0.6834826272477599,5,1,extratrees-ridge
DCT_32_64_PC3,D,src_gss,R,-0.4962691391731525,-0.5356637567751454,-0.1382033583000633,5,0,extratrees-ridge
DCT_64_inf_PC1,D,proc_gkf,A,-0.08794623163466958,-0.26568777292855,0.001709938195652294,5,2,extratrees-ridge
DCT_64_inf_PC1,D,proc_gkf,C,-0.0878783250594623,-0.3524956500557404,0.00830999623963552,5,2,extratrees-ridge
DCT_64_inf_PC1,D,proc_gkf,R,-0.5123116007583775,-0.5891177831235793,-0.3362587714642682,5,0,extratrees-ridge
DCT_64_inf_PC1,D,proc_gss,A,-1.7478344190897566,-3.075680394438262,-0.01687396135676611,5,1,extratrees-ridge
DCT_64_inf_PC1,D,proc_gss,C,-1.6574062401927045,-1.6699947104986936,-0.007591408243958098,5,1,extratrees-ridge
DCT_64_inf_PC1,D,proc_gss,R,-0.8206439476552099,-1.9249603472747518,-0.055653666797397,5,1,extratrees-ridge
DCT_64_inf_PC1,D,src_gkf,A,-0.3633557166496134,-0.4338618665009531,-0.012490098493156396,5,1,extratrees-ridge
DCT_64_inf_PC1,D,src_gkf,C,-0.20283179250253208,-0.32668837627199426,-0.03712714734306881,5,1,extratrees-ridge
DCT_64_inf_PC1,D,src_gkf,R,-0.38183553879955184,-0.5576434476926273,0.1263307887238474,5,2,extratrees-ridge
DCT_64_inf_PC1,D,src_gss,A,0.060419329931557186,-0.006102068919680001,0.13920960127231188,5,3,extratrees-ridge
DCT_64_inf_PC1,D,src_gss,C,0.11142514612161081,0.054946953726472895,0.11473314355051162,5,4,extratrees-ridge
DCT_64_inf_PC1,D,src_gss,R,-0.19926678742995807,-0.3266323981198855,0.0994928711447578,5,2,extratrees-ridge
DCT_64_inf_PC2,D,proc_gkf,A,0.0057684331282478,-0.0878384679821312,0.21959319432813712,5,3,extratrees-ridge
DCT_64_inf_PC2,D,proc_gkf,C,0.1493592743542752,0.032374975226324695,0.1682624003925195,5,4,extratrees-ridge
DCT_64_inf_PC2,D,proc_gkf,R,-0.032322315636455094,-0.1072526700550709,0.137050539379781,5,2,extratrees-ridge
DCT_64_inf_PC2,D,proc_gss,A,-0.0057750185828809,-2.208266561129903,0.1141503082745654,5,2,extratrees-ridge
DCT_64_inf_PC2,D,proc_gss,C,-0.0255176019369154,-1.6572817484817484,0.0017588004086541986,5,2,extratrees-ridge
DCT_64_inf_PC2,D,proc_gss,R,-0.03729956117327161,-1.365113892490527,0.049015124611790195,5,2,extratrees-ridge
DCT_64_inf_PC2,D,src_gkf,A,-0.08510523545672,-0.11803189693753069,0.1983047734587625,5,2,extratrees-ridge
DCT_64_inf_PC2,D,src_gkf,C,0.1221251913361051,-0.09753726911187449,0.17819933445687247,5,3,extratrees-ridge
DCT_64_inf_PC2,D,src_gkf,R,0.177410694171837,-0.08952004071280431,0.3949061917654206,5,3,extratrees-ridge
DCT_64_inf_PC2,D,src_gss,A,-0.0615585877401997,-0.4567162106389182,0.021713740292167702,5,2,extratrees-ridge
DCT_64_inf_PC2,D,src_gss,C,0.1011305873832384,0.0471160361453777,0.1715735240097317,5,4,extratrees-ridge
DCT_64_inf_PC2,D,src_gss,R,0.1954014152212362,-0.010884981660687099,0.27027445000390493,5,3,extratrees-ridge
DCT_64_inf_PC3,D,proc_gkf,A,-0.1646758523495587,-0.5551205385276259,-0.15809396132323222,5,0,extratrees-ridge
DCT_64_inf_PC3,D,proc_gkf,C,-0.05328245352283201,-0.13840288169920278,-0.05198563134772116,5,0,extratrees-ridge
DCT_64_inf_PC3,D,proc_gkf,R,-0.0431348727989298,-0.1565162607674761,0.1493140011675194,5,2,extratrees-ridge
DCT_64_inf_PC3,D,proc_gss,A,-0.4267231411749542,-0.4563281089557048,-0.1593949615885188,5,0,extratrees-ridge
DCT_64_inf_PC3,D,proc_gss,C,-0.1680311394320005,-0.5213835598662403,-0.0692643390288726,5,0,extratrees-ridge
DCT_64_inf_PC3,D,proc_gss,R,-0.1709825891081247,-0.32343815201653814,-0.10137754176912628,5,0,extratrees-ridge
DCT_64_inf_PC3,D,src_gkf,A,-0.1929311091674933,-0.2351571781929187,-0.17014567145216192,5,0,extratrees-ridge
DCT_64_inf_PC3,D,src_gkf,C,-0.1272540237594436,-0.189081871836672,-0.0525072844524233,5,1,extratrees-ridge
DCT_64_inf_PC3,D,src_gkf,R,-0.0965897864764673,-0.09938620979579829,-0.0412813524319465,5,1,extratrees-ridge
DCT_64_inf_PC3,D,src_gss,A,-0.26235218908804087,-0.28030161675834653,-0.0455560002486382,5,0,extratrees-ridge
DCT_64_inf_PC3,D,src_gss,C,-0.2422009293730376,-0.4958350869346582,0.0007870502741081087,5,2,extratrees-ridge
DCT_64_inf_PC3,D,src_gss,R,-0.16221827196025468,-0.2935591351543807,-0.05645164363215889,5,1,extratrees-ridge
DCT_8_16_PC1,D,proc_gkf,A,-0.0888092960357155,-0.2300648880395949,0.038641102226640606,5,2,extratrees-ridge
DCT_8_16_PC1,D,proc_gkf,C,0.0362881750502839,-0.3881581590586801,0.1002216758495319,5,3,extratrees-ridge
DCT_8_16_PC1,D,proc_gkf,R,-0.2275499360590203,-0.3506489867941292,-0.2033391484514496,5,0,extratrees-ridge
DCT_8_16_PC1,D,proc_gss,A,-0.0163380740667481,-0.09283157165510819,0.0615794405732899,5,2,extratrees-ridge
DCT_8_16_PC1,D,proc_gss,C,-0.13781560781838142,-0.192898712214762,-0.02587844703117459,5,1,extratrees-ridge
DCT_8_16_PC1,D,proc_gss,R,-0.28147482819921865,-0.4453522023156438,-0.015044782369875102,5,1,extratrees-ridge
DCT_8_16_PC1,D,src_gkf,A,-0.1322430455833111,-0.3043889736196547,-0.1007383047842175,5,1,extratrees-ridge
DCT_8_16_PC1,D,src_gkf,C,-0.2339503901143738,-0.3961998752431693,-0.08924398094535149,5,1,extratrees-ridge
DCT_8_16_PC1,D,src_gkf,R,-0.26219834911966866,-0.3418833149085675,-0.2332158242555336,5,0,extratrees-ridge
DCT_8_16_PC1,D,src_gss,A,-0.07614616610182162,-0.6979501120947038,0.1286998989105818,5,2,extratrees-ridge
DCT_8_16_PC1,D,src_gss,C,-0.2781087427547244,-0.6204594994699033,0.020337739941478902,5,2,extratrees-ridge
DCT_8_16_PC1,D,src_gss,R,-0.2376739362041467,-0.239330363334912,-0.1051127163208363,5,0,extratrees-ridge
DCT_8_16_PC2,D,proc_gkf,A,-1.243701729425215,-5.979356671089412,-0.1390406862400526,5,0,extratrees-ridge
DCT_8_16_PC2,D,proc_gkf,C,-1.416307905463128,-2.087501407791428,-1.1907250998429422,5,1,extratrees-ridge
DCT_8_16_PC2,D,proc_gkf,R,-1.285622754944516,-2.065243756593095,-0.5343105103321893,5,0,extratrees-ridge
DCT_8_16_PC2,D,proc_gss,A,-0.1477096355648928,-0.29867421818629963,-0.0938687191096015,5,1,extratrees-ridge
DCT_8_16_PC2,D,proc_gss,C,0.1326827536159576,0.044782891623659504,0.1645294413678082,5,4,extratrees-ridge
DCT_8_16_PC2,D,proc_gss,R,-0.45125699409820347,-1.006920723983536,-0.18723174431691852,5,1,extratrees-ridge
DCT_8_16_PC2,D,src_gkf,A,-0.4753536810053224,-0.5032582281972933,-0.2030532188347236,5,1,extratrees-ridge
DCT_8_16_PC2,D,src_gkf,C,-0.3712530075475183,-1.0538780869946132,-0.275473535167834,5,1,extratrees-ridge
DCT_8_16_PC2,D,src_gkf,R,-0.6397068719252608,-2.164549344426554,-0.3090767196216635,5,0,extratrees-ridge
DCT_8_16_PC2,D,src_gss,A,-0.44894347116388145,-3.0569669855260324,-0.01601717248801779,5,1,extratrees-ridge
DCT_8_16_PC2,D,src_gss,C,-0.40544080704581176,-0.470636174833856,0.09753487655357511,5,2,extratrees-ridge
DCT_8_16_PC2,D,src_gss,R,-1.5451778706921764,-2.8684949784545113,-0.7643925248818619,5,0,extratrees-ridge
DCT_8_16_PC3,D,proc_gkf,A,-0.14754591282128926,-0.4689795091428859,0.2087520892051005,5,2,extratrees-ridge
DCT_8_16_PC3,D,proc_gkf,C,-0.16676322869698468,-0.3929711906576579,0.2360978878117797,5,2,extratrees-ridge
DCT_8_16_PC3,D,proc_gkf,R,-0.8111605019428852,-1.104574015295331,-0.8031885592463225,5,0,extratrees-ridge
DCT_8_16_PC3,D,proc_gss,A,-1.6484908428572758,-1.8991770774721404,-0.024194974291094802,5,1,extratrees-ridge
DCT_8_16_PC3,D,proc_gss,C,-0.905525435590079,-2.381826423105857,0.02693117667062679,5,2,extratrees-ridge
DCT_8_16_PC3,D,proc_gss,R,-0.41012482649084847,-1.794738509165609,-0.3007057505247942,5,1,extratrees-ridge
DCT_8_16_PC3,D,src_gkf,A,-0.6514030757968193,-1.2699802086755247,-0.6097687482548507,5,0,extratrees-ridge
DCT_8_16_PC3,D,src_gkf,C,-0.6002540713282971,-1.0450759827948624,-0.31763567547871063,5,0,extratrees-ridge
DCT_8_16_PC3,D,src_gkf,R,-0.24998665371938578,-1.0015342573595714,-0.1605972665603364,5,0,extratrees-ridge
DCT_8_16_PC3,D,src_gss,A,-0.2118691900700953,-1.0063177841651059,-0.1803482610387578,5,0,extratrees-ridge
DCT_8_16_PC3,D,src_gss,C,-0.259429179587576,-0.9332370769965243,-0.2522119465646473,5,0,extratrees-ridge
DCT_8_16_PC3,D,src_gss,R,-0.560356867696949,-0.6291173286810525,-0.5449328892766957,5,0,extratrees-ridge
E_DCT_16_32_frac,C,proc_gkf,A,0.1299728619039143,0.12316393825924221,0.30549405898146587,5,5,extratrees-ridge
E_DCT_16_32_frac,C,proc_gkf,C,0.0922488495663234,0.089401716677305,0.09731196419938959,5,5,extratrees-ridge
E_DCT_16_32_frac,C,proc_gkf,R,-0.03207941949477319,-0.045225830808584694,0.016058450159181697,5,2,extratrees-ridge
E_DCT_16_32_frac,C,proc_gss,A,0.1320958229548819,-0.002205554100080595,0.29574157575204696,5,3,extratrees-ridge
E_DCT_16_32_frac,C,proc_gss,C,0.1145278684614606,-0.031773401338035384,0.1681365525525308,5,3,extratrees-ridge
E_DCT_16_32_frac,C,proc_gss,R,-0.0577998429792948,-0.2278336214248022,-0.009317923888016999,5,1,extratrees-ridge
E_DCT_16_32_frac,C,src_gkf,A,0.1744098311735828,0.16451524146444188,0.21881241138230934,5,5,extratrees-ridge
E_DCT_16_32_frac,C,src_gkf,C,0.0014617805902334968,-0.00034800313674540617,0.12558420430842918,5,3,extratrees-ridge
E_DCT_16_32_frac,C,src_gkf,R,0.10548482183390731,-0.1725251660142527,0.12890375932142367,5,3,extratrees-ridge
E_DCT_16_32_frac,C,src_gss,A,0.1728279787767936,-0.017864151206680598,0.23999639311516222,5,3,extratrees-ridge
E_DCT_16_32_frac,C,src_gss,C,0.07888337225983799,-0.2804589172334503,0.10035503027979897,5,3,extratrees-ridge
E_DCT_16_32_frac,C,src_gss,R,-0.06977215612053499,-0.09625854034676021,0.057367412289198894,5,2,extratrees-ridge
E_DCT_32_64_frac,C,proc_gkf,A,0.004957641718710909,-0.11780626625344731,0.022514122344951898,5,3,extratrees-ridge
E_DCT_32_64_frac,C,proc_gkf,C,-0.103405938416787,-0.14201219582254973,0.012155879627172503,5,2,extratrees-ridge
E_DCT_32_64_frac,C,proc_gkf,R,-0.15042035541733267,-0.1569429023074509,-0.06531222020970232,5,1,extratrees-ridge
E_DCT_32_64_frac,C,proc_gss,A,-0.051626295477506634,-0.16364817627977402,-0.025516534985186197,5,1,extratrees-ridge
E_DCT_32_64_frac,C,proc_gss,C,-0.07686098249361173,-0.13760297295177928,-0.0498322609826298,5,1,extratrees-ridge
E_DCT_32_64_frac,C,proc_gss,R,-0.1309517876591467,-0.172710300142983,-0.04160640568527829,5,0,extratrees-ridge
E_DCT_32_64_frac,C,src_gkf,A,-0.039296381378074396,-0.23899208766042138,0.005185545060329394,5,2,extratrees-ridge
E_DCT_32_64_frac,C,src_gkf,C,-0.18681463276716578,-0.2743742237293837,0.004271352722987315,5,2,extratrees-ridge
E_DCT_32_64_frac,C,src_gkf,R,-0.24766594830127253,-0.27827755444694696,-0.0790415054042772,5,1,extratrees-ridge
E_DCT_32_64_frac,C,src_gss,A,-0.10895903826018588,-0.1784959873036402,0.03957967435738463,5,2,extratrees-ridge
E_DCT_32_64_frac,C,src_gss,C,-0.0954349701927823,-0.1788716637302019,-0.07616306235560061,5,0,extratrees-ridge
E_DCT_32_64_frac,C,src_gss,R,-0.14670450658597312,-0.15546174306447802,-0.1442228461992053,5,0,extratrees-ridge
E_DCT_64_inf_frac,C,proc_gkf,A,-0.17505457970348118,-0.21655622304586258,-0.1334396227904612,5,0,extratrees-ridge
E_DCT_64_inf_frac,C,proc_gkf,C,-0.0726522646997342,-0.1235186258413647,-0.03364732165386117,5,1,extratrees-ridge
E_DCT_64_inf_frac,C,proc_gkf,R,0.10776689114172,0.0762384134002223,0.11388626695134296,5,4,extratrees-ridge
E_DCT_64_inf_frac,C,proc_gss,A,-0.1176966172105255,-0.1342007867682254,-0.1107065131273787,5,0,extratrees-ridge
E_DCT_64_inf_frac,C,proc_gss,C,0.026211740810952178,-0.06338079742389052,0.0634663006205165,5,3,extratrees-ridge
E_DCT_64_inf_frac,C,proc_gss,R,0.1185008005052503,0.017326243242215295,0.1228569248770277,5,4,extratrees-ridge
E_DCT_64_inf_frac,C,src_gkf,A,0.03728970307245999,-0.04417234728716429,0.09503788846319511,5,3,extratrees-ridge
E_DCT_64_inf_frac,C,src_gkf,C,0.01660163302859552,0.007507175289960477,0.10327777625100248,5,4,extratrees-ridge
E_DCT_64_inf_frac,C,src_gkf,R,0.1760708958177944,0.1452556921722249,0.24048226427756708,5,5,extratrees-ridge
E_DCT_64_inf_frac,C,src_gss,A,0.0608479387822827,0.028037156160275467,0.1823637153561984,5,5,extratrees-ridge
E_DCT_64_inf_frac,C,src_gss,C,0.21238708342294368,0.1305376057395205,0.23217127799721887,5,5,extratrees-ridge
E_DCT_64_inf_frac,C,src_gss,R,0.2986615003261815,0.2503769449242501,0.3290737887456838,5,5,extratrees-ridge
E_DCT_8_16_frac,C,proc_gkf,A,0.14941453680606567,0.02539034901193221,0.1611494603182559,5,4,extratrees-ridge
E_DCT_8_16_frac,C,proc_gkf,C,0.20004922336978204,0.049175014254837585,0.25164968779885966,5,4,extratrees-ridge
E_DCT_8_16_frac,C,proc_gkf,R,0.3063164205190739,0.29906203684758925,0.3508158239618855,5,5,extratrees-ridge
E_DCT_8_16_frac,C,proc_gss,A,0.0913920867551436,-0.02219344014308683,0.12506876545156953,5,3,extratrees-ridge
E_DCT_8_16_frac,C,proc_gss,C,0.09214312511238526,0.0049486642373148815,0.26722303658294905,5,4,extratrees-ridge
E_DCT_8_16_frac,C,proc_gss,R,0.27568560573092693,0.1090723637852602,0.3282611402062541,5,4,extratrees-ridge
E_DCT_8_16_frac,C,src_gkf,A,0.19344937197190487,0.08635449336180345,0.2088513900765459,5,5,extratrees-ridge
E_DCT_8_16_frac,C,src_gkf,C,0.17109194584969406,0.1556792270187105,0.22021330853089954,5,5,extratrees-ridge
E_DCT_8_16_frac,C,src_gkf,R,0.37603242258411296,0.2619763977319493,0.47952986920196317,5,5,extratrees-ridge
E_DCT_8_16_frac,C,src_gss,A,0.2655924321403341,0.19995187525916075,0.2728589166479859,5,5,extratrees-ridge
E_DCT_8_16_frac,C,src_gss,C,0.26880466080162757,0.22265277680848222,0.2959652318368621,5,5,extratrees-ridge
E_DCT_8_16_frac,C,src_gss,R,0.24362593402437602,0.21322273213762358,0.43406834443413717,5,5,extratrees-ridge
Sa_um,B,proc_gkf,A,-0.08869765043231717,-0.12087508555255669,-0.02664222545684719,5,1,extratrees-ridge
Sa_um,B,proc_gkf,C,-0.034242350650101505,-0.0667679563620487,-0.010996893237115585,5,1,extratrees-ridge
Sa_um,B,proc_gkf,R,0.012623136011768593,-0.1950145792101215,0.03366885765079258,5,3,extratrees-ridge
Sa_um,B,proc_gss,A,-0.030644204992981802,-0.24203539302597252,0.014291316150086102,5,2,extratrees-ridge
Sa_um,B,proc_gss,C,0.008420951924201586,-0.1740953841495793,0.008562471495071805,5,3,extratrees-ridge
Sa_um,B,proc_gss,R,7.491762112249445e-05,-0.08664399935468539,0.00788250596394989,5,3,extratrees-ridge
Sa_um,B,src_gkf,A,-0.09312251854671472,-0.1941419172213992,-0.07216122979202111,5,1,extratrees-ridge
Sa_um,B,src_gkf,C,-0.07675354109880181,-0.0817013885110946,-0.0767199010434535,5,0,extratrees-ridge
Sa_um,B,src_gkf,R,-0.09749300604444211,-0.1591940160135075,-0.08874239068011071,5,1,extratrees-ridge
Sa_um,B,src_gss,A,-0.0945179448163161,-0.2228417876945262,-0.0826206855873631,5,1,extratrees-ridge
Sa_um,B,src_gss,C,-0.07023121517305839,-0.07571664954642382,-0.0322917778781759,5,1,extratrees-ridge
Sa_um,B,src_gss,R,-0.050251116991146094,-0.09224926754248641,-0.028830224376636404,5,1,extratrees-ridge
Sq_um,B,proc_gkf,A,-0.08700767718830961,-0.11080318149965168,-0.0616428343933772,5,1,extratrees-ridge
Sq_um,B,proc_gkf,C,-0.062810451766321,-0.0803515386557601,-0.061708657046814885,5,0,extratrees-ridge
Sq_um,B,proc_gkf,R,-0.03477777892654109,-0.38076620598896893,-0.001251336666394598,5,1,extratrees-ridge
Sq_um,B,proc_gss,A,-0.17768583922487677,-0.5173989953100168,-0.0863035797107578,5,0,extratrees-ridge
Sq_um,B,proc_gss,C,-0.13834893734231168,-0.25463785991055277,-0.0440703052210418,5,0,extratrees-ridge
Sq_um,B,proc_gss,R,-0.0501167723391372,-0.1909345737271143,0.012746797704946009,5,2,extratrees-ridge
Sq_um,B,src_gkf,A,-0.10668420199689459,-0.11379978665814061,-0.016650245707394096,5,1,extratrees-ridge
Sq_um,B,src_gkf,C,0.0011015056779307003,-0.1620410278725162,0.011833578493452623,5,3,extratrees-ridge
Sq_um,B,src_gkf,R,-0.07565322937153302,-0.1350518946043418,-0.008298809391818623,5,1,extratrees-ridge
Sq_um,B,src_gss,A,-0.0879979260755112,-0.1839014781162296,-0.029756555533187096,5,1,extratrees-ridge
Sq_um,B,src_gss,C,-0.1308127789390985,-0.1459995794700508,-0.0469000309453005,5,1,extratrees-ridge
Sq_um,B,src_gss,R,-0.0840439826174749,-0.1418426123886367,0.0224618567967573,5,2,extratrees-ridge
Ssk_skewness,B,proc_gkf,A,0.0230695550788019,-3.061652759719924e-05,0.05659449711849751,5,3,extratrees-ridge
Ssk_skewness,B,proc_gkf,C,0.0323738031415493,-0.121866382374312,0.039950672000782006,5,3,extratrees-ridge
Ssk_skewness,B,proc_gkf,R,0.04093772531904588,-0.06053066592134761,0.0646753621274392,5,3,extratrees-ridge
Ssk_skewness,B,proc_gss,A,0.071288787926758,0.027404444737079404,0.0928383426664003,5,4,extratrees-ridge
Ssk_skewness,B,proc_gss,C,-0.08562947915264259,-0.12435384255135731,0.0176280793019456,5,2,extratrees-ridge
Ssk_skewness,B,proc_gss,R,-0.1252809870503847,-0.1415705517830843,0.038581585866497736,5,2,extratrees-ridge
Ssk_skewness,B,src_gkf,A,0.0316220480052032,-0.019245425666389298,0.0718913933538613,5,3,extratrees-ridge
Ssk_skewness,B,src_gkf,C,-0.0178483158339708,-0.05797690521334889,0.01468134195287761,5,2,extratrees-ridge
Ssk_skewness,B,src_gkf,R,-0.1332304394079138,-0.13903748616310585,0.009556920463959784,5,2,extratrees-ridge
Ssk_skewness,B,src_gss,A,0.016139990759114514,-0.05851859361584941,0.1083371900377815,5,3,extratrees-ridge
Ssk_skewness,B,src_gss,C,-0.1711075445494645,-0.2216728436615396,-0.0887909887562041,5,0,extratrees-ridge
Ssk_skewness,B,src_gss,R,-0.06583382749317893,-0.1304099456142258,0.03984355183396159,5,2,extratrees-ridge
acf_e_fold_lag_um,B,proc_gkf,A,0.010312792903090506,-0.046568180319524394,0.033438882744183496,5,3,extratrees-ridge
acf_e_fold_lag_um,B,proc_gkf,C,0.08505443815958619,0.0758708896710045,0.1212378911670697,5,4,extratrees-ridge
acf_e_fold_lag_um,B,proc_gkf,R,-0.0613500990111515,-0.138016505214506,0.1171005410761997,5,2,extratrees-ridge
acf_e_fold_lag_um,B,proc_gss,A,-0.09981596564422321,-0.1534511376297262,0.0761011160625796,5,2,extratrees-ridge
acf_e_fold_lag_um,B,proc_gss,C,0.04762854557424881,-0.07358037532752801,0.1175236817029261,5,3,extratrees-ridge
acf_e_fold_lag_um,B,proc_gss,R,-0.10817383273188219,-0.1224530119670295,-0.0005387410539793025,5,1,extratrees-ridge
acf_e_fold_lag_um,B,src_gkf,A,0.1362447540973982,0.05495184062555458,0.13949955932728259,5,4,extratrees-ridge
acf_e_fold_lag_um,B,src_gkf,C,0.18163874063137073,0.10718550467827398,0.18921636759536112,5,4,extratrees-ridge
acf_e_fold_lag_um,B,src_gkf,R,-0.007645854363071289,-0.028896597544815994,0.08553139041915861,5,2,extratrees-ridge
acf_e_fold_lag_um,B,src_gss,A,0.017936692338833993,-0.05133955707083049,0.08102795808933488,5,3,extratrees-ridge
acf_e_fold_lag_um,B,src_gss,C,0.0326736959370712,-0.012108731664167996,0.07107494151394048,5,3,extratrees-ridge
acf_e_fold_lag_um,B,src_gss,R,-0.01491821477183533,-0.218544864215724,0.07042099554842413,5,2,extratrees-ridge
aniso_gradx_over_y,B,proc_gkf,A,0.11229358100726058,0.03513793400828946,0.21734679278758096,5,4,extratrees-ridge
aniso_gradx_over_y,B,proc_gkf,C,0.09751534172151081,0.0364312600565081,0.2020551008852785,5,4,extratrees-ridge
aniso_gradx_over_y,B,proc_gkf,R,0.2720370833737682,0.1807689782368676,0.2940240513078478,5,5,extratrees-ridge
aniso_gradx_over_y,B,proc_gss,A,0.0034055370104384974,-0.21523144097497843,0.1410503682075259,5,3,extratrees-ridge
aniso_gradx_over_y,B,proc_gss,C,0.015768720574690087,-0.19330100166887315,0.2432085578069319,5,3,extratrees-ridge
aniso_gradx_over_y,B,proc_gss,R,0.2378470492884333,0.2093872720567494,0.24534838809253498,5,5,extratrees-ridge
aniso_gradx_over_y,B,src_gkf,A,0.1819404047304799,0.10081685508507976,0.19501913851315467,5,4,extratrees-ridge
aniso_gradx_over_y,B,src_gkf,C,0.12445764732175713,0.08650299009166132,0.1490317557043555,5,5,extratrees-ridge
aniso_gradx_over_y,B,src_gkf,R,0.2319353946050268,0.20992588926318542,0.32409785352109277,5,5,extratrees-ridge
aniso_gradx_over_y,B,src_gss,A,0.14762303706654156,-0.040160074491931305,0.17824547576589095,5,3,extratrees-ridge
aniso_gradx_over_y,B,src_gss,C,0.19088888866891052,0.004052579661294409,0.2029902794073689,5,4,extratrees-ridge
aniso_gradx_over_y,B,src_gss,R,0.1427423373720414,0.11808875427075968,0.22572046113579458,5,5,extratrees-ridge
deepest_negative_residual_um,B,proc_gkf,A,-0.019146562657567506,-0.08679593109438419,-0.0027426617377099005,5,1,extratrees-ridge
deepest_negative_residual_um,B,proc_gkf,C,0.00886470167989209,-0.03015053833438959,0.1783457611442491,5,3,extratrees-ridge
deepest_negative_residual_um,B,proc_gkf,R,0.036170383804356096,0.013511615067502605,0.1694544882865993,5,4,extratrees-ridge
deepest_negative_residual_um,B,proc_gss,A,0.0497970944475028,-0.2337282130162045,0.0658932109731526,5,3,extratrees-ridge
deepest_negative_residual_um,B,proc_gss,C,0.025549286203584202,-0.2310719361707946,0.030741367233442302,5,3,extratrees-ridge
deepest_negative_residual_um,B,proc_gss,R,0.0013737199618135132,-0.1567579406908626,0.016903595951088802,5,3,extratrees-ridge
deepest_negative_residual_um,B,src_gkf,A,-0.2417808514130685,-0.2902957387717392,0.031469700968996595,5,2,extratrees-ridge
deepest_negative_residual_um,B,src_gkf,C,-0.1839444145927845,-0.30242444749409697,-0.018337630350899997,5,1,extratrees-ridge
deepest_negative_residual_um,B,src_gkf,R,-0.0894700336131893,-0.1606610876875415,0.0028565329721390864,5,2,extratrees-ridge
deepest_negative_residual_um,B,src_gss,A,-0.2658516758175012,-0.40662119753743897,-0.1599100551073248,5,1,extratrees-ridge
deepest_negative_residual_um,B,src_gss,C,-0.19547908669038438,-0.3961838754961325,-0.1897513425470938,5,1,extratrees-ridge
deepest_negative_residual_um,B,src_gss,R,-0.0829787773232055,-0.35046831748952667,-0.004565779937617906,5,1,extratrees-ridge
grad_rms_um_per_um,B,proc_gkf,A,-0.04875498346432959,-0.17872883702342718,0.10700713715756659,5,2,extratrees-ridge
grad_rms_um_per_um,B,proc_gkf,C,-0.05473471209781769,-0.07132180324123222,0.07929208987085169,5,2,extratrees-ridge
grad_rms_um_per_um,B,proc_gkf,R,0.071812683502366,0.0511722379725362,0.0862684916188777,5,4,extratrees-ridge
grad_rms_um_per_um,B,proc_gss,A,-0.1399397323565237,-0.2154103683114436,-0.055900629947625013,5,1,extratrees-ridge
grad_rms_um_per_um,B,proc_gss,C,0.026154298199647708,-0.0855925256421301,0.0765087695351091,5,3,extratrees-ridge
grad_rms_um_per_um,B,proc_gss,R,0.013549840709824207,-0.0093744875584761,0.05678224683137001,5,3,extratrees-ridge
grad_rms_um_per_um,B,src_gkf,A,-0.027911628964253803,-0.3208096532246271,0.0569207593365285,5,2,extratrees-ridge
grad_rms_um_per_um,B,src_gkf,C,0.01665113000063581,-0.3121200501739744,0.020658936464522104,5,3,extratrees-ridge
grad_rms_um_per_um,B,src_gkf,R,0.020639496088392703,-0.08337473147368771,0.04050485465849621,5,3,extratrees-ridge
grad_rms_um_per_um,B,src_gss,A,0.027993330460616694,-0.19817603089936028,0.10200886162094219,5,3,extratrees-ridge
grad_rms_um_per_um,B,src_gss,C,0.030389399247931714,0.015438001940886598,0.04114605208363262,5,4,extratrees-ridge
grad_rms_um_per_um,B,src_gss,R,-0.04210146122701258,-0.1294182552640011,0.17630502332225598,5,2,extratrees-ridge
kurtosis_excess_fisher,B,proc_gkf,A,-0.360254495248807,-0.38841426406395757,-0.247869012410902,5,1,extratrees-ridge
kurtosis_excess_fisher,B,proc_gkf,C,-0.2960358296154383,-0.4239036898093642,-0.2344998108681946,5,1,extratrees-ridge
kurtosis_excess_fisher,B,proc_gkf,R,-0.09776459113014141,-0.268151673106288,0.054500088727268414,5,2,extratrees-ridge
kurtosis_excess_fisher,B,proc_gss,A,-0.7202612422074681,-1.1508300296243874,-0.25247563725101063,5,1,extratrees-ridge
kurtosis_excess_fisher,B,proc_gss,C,-0.5092091993730533,-0.954159530398738,-0.11512745110308753,5,0,extratrees-ridge
kurtosis_excess_fisher,B,proc_gss,R,-0.3363736303416751,-0.4944178799357793,-0.08779174125618,5,1,extratrees-ridge
kurtosis_excess_fisher,B,src_gkf,A,-0.014537944699078903,-0.0430590584367605,0.05708030190305009,5,2,extratrees-ridge
kurtosis_excess_fisher,B,src_gkf,C,0.027574254430282608,0.003404515421620097,0.052961042829856794,5,4,extratrees-ridge
kurtosis_excess_fisher,B,src_gkf,R,-0.08289206209750072,-0.08976417611582058,0.1928947045333318,5,2,extratrees-ridge
kurtosis_excess_fisher,B,src_gss,A,-0.026029376762746602,-0.0639869651721225,0.0966084362958817,5,2,extratrees-ridge
kurtosis_excess_fisher,B,src_gss,C,-0.3122769347353776,-0.409055512201158,-0.020526488317650193,5,1,extratrees-ridge
kurtosis_excess_fisher,B,src_gss,R,-0.0993911562926944,-0.42827309441633643,0.026472765542402965,5,2,extratrees-ridge
lap_rms_um_per_px2,B,proc_gkf,A,-0.0748748888258387,-0.5140861047961836,-0.0289228968635137,5,1,extratrees-ridge
lap_rms_um_per_px2,B,proc_gkf,C,-0.02164436238272059,-0.1769119227000767,0.0937492830485724,5,2,extratrees-ridge
lap_rms_um_per_px2,B,proc_gkf,R,0.0655220571546567,0.0525437371378335,0.11335570697909339,5,4,extratrees-ridge
lap_rms_um_per_px2,B,proc_gss,A,-0.1566528135094105,-0.26308308590720975,-0.1015226756712214,5,1,extratrees-ridge
lap_rms_um_per_px2,B,proc_gss,C,-0.06081070643902,-0.19901330035679468,-0.009483604973079804,5,1,extratrees-ridge
lap_rms_um_per_px2,B,proc_gss,R,0.0216845572363209,-0.144831753562086,0.1050299062824251,5,3,extratrees-ridge
lap_rms_um_per_px2,B,src_gkf,A,-0.16510083432131317,-0.32020388410430484,0.0006668538744881002,5,2,extratrees-ridge
lap_rms_um_per_px2,B,src_gkf,C,-0.10558510125244039,-0.1767599590016132,-0.0140325771154267,5,1,extratrees-ridge
lap_rms_um_per_px2,B,src_gkf,R,0.050140651588366794,-0.06406288096870388,0.064419212798424,5,3,extratrees-ridge
lap_rms_um_per_px2,B,src_gss,A,-0.0219156763465441,-0.1440489852619856,0.09886862239321398,5,2,extratrees-ridge
lap_rms_um_per_px2,B,src_gss,C,0.13931040405230738,-0.0975926651093311,0.1412102134094772,5,3,extratrees-ridge
lap_rms_um_per_px2,B,src_gss,R,0.061174504170676894,-0.044371351367972996,0.1226828935611125,5,3,extratrees-ridge
median_depth_um,A,proc_gkf,A,0.3942408745373127,0.3053488473533751,0.4132110553859053,5,5,extratrees-ridge
median_depth_um,A,proc_gkf,C,0.14977889844197145,0.1422834046120638,0.20733673465329172,5,5,extratrees-ridge
median_depth_um,A,proc_gkf,R,0.20393277890953854,0.20204296184711829,0.25380611084588867,5,5,extratrees-ridge
median_depth_um,A,proc_gss,A,0.35306694279799966,0.259184523866795,0.3619508341289138,5,5,extratrees-ridge
median_depth_um,A,proc_gss,C,0.16013769076591222,0.08966856952382041,0.17133645655639684,5,5,extratrees-ridge
median_depth_um,A,proc_gss,R,0.24555125882037032,0.22621791644077394,0.32632619335426294,5,5,extratrees-ridge
median_depth_um,A,src_gkf,A,0.3648730067185245,0.3371534666374112,0.3678366360766646,5,5,extratrees-ridge
median_depth_um,A,src_gkf,C,0.13664038737431927,0.13434196864176395,0.15557639911439303,5,5,extratrees-ridge
median_depth_um,A,src_gkf,R,0.20178014225524554,0.1873546188900137,0.22706241946463712,5,5,extratrees-ridge
median_depth_um,A,src_gss,A,0.27351088244821364,0.2554570179603871,0.35946106091901864,5,5,extratrees-ridge
median_depth_um,A,src_gss,C,0.11877615707689748,0.1126545932104247,0.13943758779055182,5,5,extratrees-ridge
median_depth_um,A,src_gss,R,0.27419750957895683,0.25255387191533574,0.28084958308417673,5,5,extratrees-ridge
peak_to_valley_p98p2_um,B,proc_gkf,A,-0.1564923844034531,-0.20298408636610119,-0.03886923325178879,5,1,extratrees-ridge
peak_to_valley_p98p2_um,B,proc_gkf,C,-0.12146956453458391,-0.12235237960787748,-0.0660180433173044,5,1,extratrees-ridge
peak_to_valley_p98p2_um,B,proc_gkf,R,-0.04127846182869521,-0.15506350280183923,0.017788709165414585,5,2,extratrees-ridge
peak_to_valley_p98p2_um,B,proc_gss,A,-0.0892753175613528,-0.5042190079786049,-0.0811214108420204,5,0,extratrees-ridge
peak_to_valley_p98p2_um,B,proc_gss,C,-0.1066905442398643,-0.1976333873635797,-0.0498162926819956,5,1,extratrees-ridge
peak_to_valley_p98p2_um,B,proc_gss,R,-0.01594400903969541,-0.044717760547254876,0.1994864029386489,5,2,extratrees-ridge
peak_to_valley_p98p2_um,B,src_gkf,A,-0.16127559964248578,-0.25438748132640576,-0.005317814665314724,5,1,extratrees-ridge
peak_to_valley_p98p2_um,B,src_gkf,C,0.007124947160296186,-0.2678725183369602,0.0240457484915764,5,3,extratrees-ridge
peak_to_valley_p98p2_um,B,src_gkf,R,-0.032412142759628795,-0.2929056822250114,0.0035186092101577027,5,2,extratrees-ridge
peak_to_valley_p98p2_um,B,src_gss,A,-0.0145877588035693,-0.1023724172637745,-0.00525287376648409,5,1,extratrees-ridge
peak_to_valley_p98p2_um,B,src_gss,C,-0.07760842710284582,-0.16721005672480518,-0.042842180463959594,5,1,extratrees-ridge
peak_to_valley_p98p2_um,B,src_gss,R,-0.13752817835284048,-0.15540027473014048,-0.1331414215498997,5,1,extratrees-ridge
pit_density_per_Mpx,B,proc_gkf,A,-0.0547029644803336,-0.3138002757778004,-0.041463229773425196,5,0,extratrees-ridge
pit_density_per_Mpx,B,proc_gkf,C,-0.12299653405604001,-0.6223985250578854,-0.0008119065995721986,5,1,extratrees-ridge
pit_density_per_Mpx,B,proc_gkf,R,0.027137441213082897,-0.3733869598235827,0.0272570623896912,5,3,extratrees-ridge
pit_density_per_Mpx,B,proc_gss,A,-0.4112200992631545,-1.3858126601520988,-0.3086144485601389,5,0,extratrees-ridge
pit_density_per_Mpx,B,proc_gss,C,-0.6123976314318773,-1.735430065491613,-0.5990933129796492,5,0,extratrees-ridge
pit_density_per_Mpx,B,proc_gss,R,-0.356906899742533,-2.2170831315697495,0.0115216022137256,5,2,extratrees-ridge
pit_density_per_Mpx,B,src_gkf,A,-0.5425925799782293,-2.152307766138762,-0.2045467864794885,5,0,extratrees-ridge
pit_density_per_Mpx,B,src_gkf,C,-0.7753530004802618,-2.8336951050657024,-0.2158532865376562,5,0,extratrees-ridge
pit_density_per_Mpx,B,src_gkf,R,-0.3124254861528247,-1.4409765175911518,-0.14768842716501718,5,0,extratrees-ridge
pit_density_per_Mpx,B,src_gss,A,-0.8983112109078875,-1.2311626416119201,-0.613724271716988,5,1,extratrees-ridge
pit_density_per_Mpx,B,src_gss,C,-0.8321693396827254,-1.2142179597892344,-0.7589570596343602,5,1,extratrees-ridge
pit_density_per_Mpx,B,src_gss,R,-0.7973594726508946,-1.0875472251363523,0.0943999369538039,5,2,extratrees-ridge
pit_depth_um,B,proc_gkf,A,-0.019146562657567506,-0.08679593109438419,-0.0027426617377099005,5,1,extratrees-ridge
pit_depth_um,B,proc_gkf,C,0.008864701679891979,-0.03015053833438959,0.17834576114424938,5,3,extratrees-ridge
pit_depth_um,B,proc_gkf,R,0.036170383804356096,0.013511615067502605,0.1694544882865993,5,4,extratrees-ridge
pit_depth_um,B,proc_gss,A,0.0497970944475028,-0.2337282130162045,0.06589321097315282,5,3,extratrees-ridge
pit_depth_um,B,proc_gss,C,0.025549286203584202,-0.2310719361707946,0.030741367233441997,5,3,extratrees-ridge
pit_depth_um,B,proc_gss,R,0.0013737199618135965,-0.1567579406908626,0.016903595951088802,5,3,extratrees-ridge
pit_depth_um,B,src_gkf,A,-0.2417808514130685,-0.2902957387717394,0.031469700968996595,5,2,extratrees-ridge
pit_depth_um,B,src_gkf,C,-0.1839444145927845,-0.30242444749409697,-0.018337630350899997,5,1,extratrees-ridge
pit_depth_um,B,src_gkf,R,-0.08947003361318949,-0.1606610876875415,0.002856532972138795,5,2,extratrees-ridge
pit_depth_um,B,src_gss,A,-0.2658516758175012,-0.40662119753743897,-0.1599100551073248,5,1,extratrees-ridge
pit_depth_um,B,src_gss,C,-0.19547908669038438,-0.3961838754961327,-0.189751342547094,5,1,extratrees-ridge
pit_depth_um,B,src_gss,R,-0.08297877732320572,-0.35046831748952667,-0.004565779937617601,5,1,extratrees-ridge
rms_DCT_16_32_um,C,proc_gkf,A,-0.09524839668725411,-0.1021365387774,-0.0025718074318356043,5,1,extratrees-ridge
rms_DCT_16_32_um,C,proc_gkf,C,-0.04222573941033861,-0.08590778122647502,0.0802147533692932,5,2,extratrees-ridge
rms_DCT_16_32_um,C,proc_gkf,R,0.05836826663653499,0.05370065435418814,0.10408289145431582,5,4,extratrees-ridge
rms_DCT_16_32_um,C,proc_gss,A,-0.10724878082095307,-0.3167146356992085,-0.02020121494194352,5,1,extratrees-ridge
rms_DCT_16_32_um,C,proc_gss,C,-0.0790422406301445,-0.09373432432474721,-0.006733850489257731,5,1,extratrees-ridge
rms_DCT_16_32_um,C,proc_gss,R,0.12947215243264878,0.07289546879883674,0.1608836717710024,5,4,extratrees-ridge
rms_DCT_16_32_um,C,src_gkf,A,-0.07616051377875921,-0.27285461553039203,0.03892712913407689,5,2,extratrees-ridge
rms_DCT_16_32_um,C,src_gkf,C,0.003669580976006309,-0.2671428855558445,0.010810390361129185,5,3,extratrees-ridge
rms_DCT_16_32_um,C,src_gkf,R,0.0811538918250044,-0.1054167082838808,0.09625074462742511,5,3,extratrees-ridge
rms_DCT_16_32_um,C,src_gss,A,-0.1206270007917381,-0.25252161395773287,0.03572080796163621,5,2,extratrees-ridge
rms_DCT_16_32_um,C,src_gss,C,-0.05640560488023011,-0.12183202900724072,-0.042771744676983914,5,1,extratrees-ridge
rms_DCT_16_32_um,C,src_gss,R,-0.027218096216748783,-0.0362044812223703,0.12215124514309372,5,2,extratrees-ridge
rms_DCT_32_64_um,C,proc_gkf,A,-0.05033717137575727,-0.10607072157415101,-0.027692347499374687,5,0,extratrees-ridge
rms_DCT_32_64_um,C,proc_gkf,C,-0.03956199648371339,-0.1575175060617416,-0.023112871736499285,5,0,extratrees-ridge
rms_DCT_32_64_um,C,proc_gkf,R,-0.11468185638225542,-0.19189885415164737,0.011418514373663202,5,2,extratrees-ridge
rms_DCT_32_64_um,C,proc_gss,A,-0.0661477244331049,-0.3787843050291201,-0.04619164026471349,5,0,extratrees-ridge
rms_DCT_32_64_um,C,proc_gss,C,-0.1388248043144179,-0.2163091968904182,-0.0924932490257772,5,1,extratrees-ridge
rms_DCT_32_64_um,C,proc_gss,R,-0.047213808984458885,-0.07198736713040182,0.023623466907062907,5,2,extratrees-ridge
rms_DCT_32_64_um,C,src_gkf,A,-0.1540875266686996,-0.1743688385580294,-0.0729629079705918,5,0,extratrees-ridge
rms_DCT_32_64_um,C,src_gkf,C,-0.08370039204548779,-0.2371083573803823,-0.038058037786549405,5,1,extratrees-ridge
rms_DCT_32_64_um,C,src_gkf,R,-0.007958742542510389,-0.305437432204412,0.0414675789332258,5,2,extratrees-ridge
rms_DCT_32_64_um,C,src_gss,A,-0.1292746448615838,-0.170636488245787,-0.010975055446035692,5,1,extratrees-ridge
rms_DCT_32_64_um,C,src_gss,C,-0.03819334966616689,-0.15842982218569468,-0.024304156638838795,5,1,extratrees-ridge
rms_DCT_32_64_um,C,src_gss,R,-0.013898023892116806,-0.24642264681558188,0.05625243338096761,5,2,extratrees-ridge
rms_DCT_64_inf_um,C,proc_gkf,A,-0.1009499288796443,-0.1254916887586682,-0.09402646655887589,5,0,extratrees-ridge
rms_DCT_64_inf_um,C,proc_gkf,C,-0.0790788003910801,-0.3252470545399949,-0.0694628703998738,5,0,extratrees-ridge
rms_DCT_64_inf_um,C,proc_gkf,R,-0.0285046563342152,-0.5965416868723439,-0.0062182355700484,5,1,extratrees-ridge
rms_DCT_64_inf_um,C,proc_gss,A,-0.3213366065034771,-0.4770981414594264,-0.1522768993097193,5,0,extratrees-ridge
rms_DCT_64_inf_um,C,proc_gss,C,-0.33506105810460496,-0.3672470507666802,-0.2532503322171866,5,0,extratrees-ridge
rms_DCT_64_inf_um,C,proc_gss,R,-0.2698908317416161,-0.28692093098592697,-0.0195956569019911,5,1,extratrees-ridge
rms_DCT_64_inf_um,C,src_gkf,A,-0.13801952362809689,-0.163243045234807,-0.027730358233679586,5,0,extratrees-ridge
rms_DCT_64_inf_um,C,src_gkf,C,-0.030090309902339907,-0.0926375733923488,0.0115348959899218,5,2,extratrees-ridge
rms_DCT_64_inf_um,C,src_gkf,R,-0.16649399072422005,-0.1828717003637898,-0.06387075821678459,5,0,extratrees-ridge
rms_DCT_64_inf_um,C,src_gss,A,-0.0475035091288218,-0.201104598675079,-0.0185318821647341,5,1,extratrees-ridge
rms_DCT_64_inf_um,C,src_gss,C,-0.08447072714616599,-0.16247156328681778,-0.0733744981404842,5,1,extratrees-ridge
rms_DCT_64_inf_um,C,src_gss,R,-0.13691247176709148,-0.1853981242860949,-0.0867412354596333,5,1,extratrees-ridge
rms_DCT_8_16_um,C,proc_gkf,A,0.1044232797832978,0.0831395144983087,0.2721810097510373,5,4,extratrees-ridge
rms_DCT_8_16_um,C,proc_gkf,C,0.16607391679343209,0.09955402896486482,0.2230292688285829,5,4,extratrees-ridge
rms_DCT_8_16_um,C,proc_gkf,R,0.09863386166464522,0.08382011721560662,0.1024513225114197,5,4,extratrees-ridge
rms_DCT_8_16_um,C,proc_gss,A,0.1492992623162329,-0.1980697040544706,0.1832832950262036,5,3,extratrees-ridge
rms_DCT_8_16_um,C,proc_gss,C,0.2451168396078462,-0.036498698622046216,0.28353349841336195,5,3,extratrees-ridge
rms_DCT_8_16_um,C,proc_gss,R,0.003355497239273697,-0.0178396341087477,0.13903644335212306,5,3,extratrees-ridge
rms_DCT_8_16_um,C,src_gkf,A,0.15354169718788052,-0.0691172165969088,0.1759558148952508,5,3,extratrees-ridge
rms_DCT_8_16_um,C,src_gkf,C,0.07265351638848422,0.022691578499808407,0.14427240041309958,5,4,extratrees-ridge
rms_DCT_8_16_um,C,src_gkf,R,0.0353436399693883,-0.07792876003096709,0.09565018241220119,5,3,extratrees-ridge
rms_DCT_8_16_um,C,src_gss,A,0.22797703693749966,0.1400184645145186,0.2470105616371282,5,5,extratrees-ridge
rms_DCT_8_16_um,C,src_gss,C,0.2166911143718499,0.1899501885471268,0.22091921343897347,5,5,extratrees-ridge
rms_DCT_8_16_um,C,src_gss,R,0.01157928413449752,0.005536501683578332,0.1310605018363693,5,4,extratrees-ridge
