target_id,family,input_set,model,R2_median,R2_q10,R2_q25,R2_q75,R2_q90,n_folds
DCT_16_32_PC1,D,A,dummy,-0.0479323970921192,-0.10254830684283751,-0.0862452148613093,-0.0116033355218816,-0.004642753686552341,5
DCT_16_32_PC1,D,A,extratrees,-0.9113278085281002,-2.019958989357632,-0.9570728351922512,-0.7990021371185498,-0.4585705693365393,5
DCT_16_32_PC1,D,A,ridge,-0.1277040831765392,-0.6033306957913027,-0.2182077507814559,-0.0406526654134218,-0.02692462236397908,5
DCT_16_32_PC1,D,C,dummy,-0.0479323970921192,-0.10254830684283751,-0.0862452148613093,-0.0116033355218816,-0.004642753686552341,5
DCT_16_32_PC1,D,C,extratrees,-0.716099294663791,-1.9553074255593488,-1.288638901781372,-0.4625762069239636,-0.32740398734758824,5
DCT_16_32_PC1,D,C,ridge,-0.1953591509410492,-0.40783678038622445,-0.2282315152696339,-0.0568140723128556,-0.041108954125456496,5
DCT_16_32_PC1,D,R,dummy,-0.0479323970921192,-0.10254830684283751,-0.0862452148613093,-0.0116033355218816,-0.004642753686552341,5
DCT_16_32_PC1,D,R,extratrees,-0.1473336384047048,-2.233797423645284,-1.5647915996283484,-0.1134685158025476,0.006138456159906311,5
DCT_16_32_PC1,D,R,ridge,-0.1027793016426306,-0.3061736902327442,-0.1368004492745187,-0.065382925391404,-0.03817262766430486,5
DCT_16_32_PC2,D,A,dummy,-0.0191429117039367,-0.10127853252204655,-0.0203993443545837,-0.0105740002158669,-0.00475840227887124,5
DCT_16_32_PC2,D,A,extratrees,-0.9352630919001864,-3.139352948880254,-2.865872313981703,-0.2810654392245615,-0.21697507264534174,5
DCT_16_32_PC2,D,A,ridge,-0.0353078456143407,-1.0179155305767136,-0.4018147140182013,-0.0199652517718069,-0.006460508142882518,5
DCT_16_32_PC2,D,C,dummy,-0.0191429117039367,-0.10127853252204655,-0.0203993443545837,-0.0105740002158669,-0.00475840227887124,5
DCT_16_32_PC2,D,C,extratrees,-0.2274333100057308,-2.9571575788619007,-2.7613258049068934,-0.1071410250634028,-0.05120008298463433,5
DCT_16_32_PC2,D,C,ridge,-0.0016567150346986,-0.636299815300486,-0.6156380806242403,0.0069989089191917,0.07002695087447727,5
DCT_16_32_PC2,D,R,dummy,-0.0191429117039367,-0.10127853252204655,-0.0203993443545837,-0.0105740002158669,-0.00475840227887124,5
DCT_16_32_PC2,D,R,extratrees,-0.4691916164382641,-6.638354490102668,-4.6795079691979495,-0.1077491880926742,0.10554080257522414,5
DCT_16_32_PC2,D,R,ridge,0.0273357345777812,-1.2510933372195736,-0.6681754880569788,0.0653073662602449,0.08452394465532816,5
DCT_16_32_PC3,D,A,dummy,-0.0019370820872102,-0.029405067807614642,-0.0104703617105703,-0.0012337985395025,-0.000496213161081835,5
DCT_16_32_PC3,D,A,extratrees,-0.676706939944175,-1.259016658297128,-0.8234164889622335,-0.3191610848217261,-0.30422651896027475,5
DCT_16_32_PC3,D,A,ridge,0.002510100701048,-0.02927448221492158,-0.025283403893527,0.0345541114506434,0.08438909856102836,5
DCT_16_32_PC3,D,C,dummy,-0.0019370820872102,-0.029405067807614642,-0.0104703617105703,-0.0012337985395025,-0.000496213161081835,5
DCT_16_32_PC3,D,C,extratrees,-0.2435125527696771,-1.039629754704068,-0.4863050905881454,-0.1762409044550148,-0.15199177572093564,5
DCT_16_32_PC3,D,C,ridge,0.0006658773193208,-0.034124844656130277,-0.0103658323356199,0.0417684746113159,0.08565142586542097,5
DCT_16_32_PC3,D,R,dummy,-0.0019370820872102,-0.029405067807614642,-0.0104703617105703,-0.0012337985395025,-0.000496213161081835,5
DCT_16_32_PC3,D,R,extratrees,-0.3160859306502916,-0.9684044658590184,-0.4272274575921886,0.0966844388503789,0.21509756879947745,5
DCT_16_32_PC3,D,R,ridge,0.0542302418032891,-0.04433068052552286,0.0098444452394256,0.0804525159212704,0.09110185036186462,5
DCT_32_64_PC1,D,A,dummy,-0.0280923382293929,-0.1818785604547289,-0.0575312532511242,-0.0116710064928615,-0.005253919645526758,5
DCT_32_64_PC1,D,A,extratrees,-0.0192427833125858,-2.893199044086749,-0.4593651047258351,0.1978850500704547,0.26742625147860966,5
DCT_32_64_PC1,D,A,ridge,0.0726444185828638,-0.7099928528033619,-0.0061899259465401,0.118175590253362,0.12790245589035112,5
DCT_32_64_PC1,D,C,dummy,-0.0280923382293929,-0.1818785604547289,-0.0575312532511242,-0.0116710064928615,-0.005253919645526758,5
DCT_32_64_PC1,D,C,extratrees,-0.0352785210813577,-2.7658594656661517,-0.311624529585347,0.2193030617666208,0.3523640968765295,5
DCT_32_64_PC1,D,C,ridge,0.015872482046821,-0.581671496046134,-0.0006919774148701,0.1103871452275283,0.11270357619890913,5
DCT_32_64_PC1,D,R,dummy,-0.0280923382293929,-0.1818785604547289,-0.0575312532511242,-0.0116710064928615,-0.005253919645526758,5
DCT_32_64_PC1,D,R,extratrees,-0.0922881164329778,-1.646648288205089,-1.2549355597193983,-0.0147905688613969,0.1848844921308742,5
DCT_32_64_PC1,D,R,ridge,-0.0090530490285283,-0.8035035139999723,-0.020928987020119,0.0153051962512708,0.05445163103901611,5
DCT_32_64_PC2,D,A,dummy,-0.1495776340513015,-0.25927403541063815,-0.2319204473019929,-0.0048207456436335,-0.00397106563006542,5
DCT_32_64_PC2,D,A,extratrees,-1.3017991857583389,-1.940712291671979,-1.3822666200454452,-0.8587477987756078,-0.47442755438206935,5
DCT_32_64_PC2,D,A,ridge,-0.1914498412175826,-0.43272560853384684,-0.3769314016770109,-0.0575274732731831,0.019820211847501074,5
DCT_32_64_PC2,D,C,dummy,-0.1495776340513015,-0.25927403541063815,-0.2319204473019929,-0.0048207456436335,-0.00397106563006542,5
DCT_32_64_PC2,D,C,extratrees,-1.2024823315295117,-2.5954416858842446,-1.549458023590094,-0.9497658437645786,-0.3843314445091186,5
DCT_32_64_PC2,D,C,ridge,-0.3550758512307179,-0.7995144987431073,-0.4484822108562849,-0.0521777900301017,0.0259856760416821,5
DCT_32_64_PC2,D,R,dummy,-0.1495776340513015,-0.25927403541063815,-0.2319204473019929,-0.0048207456436335,-0.00397106563006542,5
DCT_32_64_PC2,D,R,extratrees,-1.5308761180072263,-2.3961220395489895,-1.7358453745040574,-0.5326057211607147,-0.22769944389131438,5
DCT_32_64_PC2,D,R,ridge,-0.2950616688478606,-1.069163108628738,-0.93308004312366,-0.0058532835556059,0.020661697490606763,5
DCT_32_64_PC3,D,A,dummy,-0.0353134390232072,-0.07437023954623838,-0.0479655646719503,-0.0136688016350545,-0.012157590075158979,5
DCT_32_64_PC3,D,A,extratrees,-0.3137968486604932,-1.1110481636216607,-0.4442556020594919,-0.0407931397487866,-0.018680100331540418,5
DCT_32_64_PC3,D,A,ridge,-0.0362508112897046,-0.44836320460312595,-0.1215730249391635,-0.0148073214658626,0.01615366722884755,5
DCT_32_64_PC3,D,C,dummy,-0.0353134390232072,-0.07437023954623838,-0.0479655646719503,-0.0136688016350545,-0.012157590075158979,5
DCT_32_64_PC3,D,C,extratrees,-0.5161107747713736,-1.273630711867502,-0.6350296277513141,-0.1940449327520632,-0.18287914152130497,5
DCT_32_64_PC3,D,C,ridge,-0.0362658979149468,-0.3106642865640739,-0.2830751465010634,-0.0357020862609402,0.011338514230562771,5
DCT_32_64_PC3,D,R,dummy,-0.0353134390232072,-0.07437023954623838,-0.0479655646719503,-0.0136688016350545,-0.012157590075158979,5
DCT_32_64_PC3,D,R,extratrees,-0.6700517481965287,-1.7540021149378815,-1.295558629456099,-0.1120130329181308,-0.1071812656352548,5
DCT_32_64_PC3,D,R,ridge,-0.0355271593315218,-0.19704393388274008,-0.1268158312009735,-0.0184916272208854,-0.0084031571102731,5
DCT_64_inf_PC1,D,A,dummy,-0.029158736159182,-0.11139105810356764,-0.0730452415372453,-0.0179879318441498,-0.017168824619044818,5
DCT_64_inf_PC1,D,A,extratrees,-0.3282488720023184,-0.8592334190090792,-0.4855073435071682,-0.09306521990797,-0.084859748039002,5
DCT_64_inf_PC1,D,A,ridge,-0.0516454770062151,-0.2721071395282517,-0.0805751214148136,0.0258675249636688,0.03141111677384452,5
DCT_64_inf_PC1,D,C,dummy,-0.029158736159182,-0.11139105810356764,-0.0730452415372453,-0.0179879318441498,-0.017168824619044818,5
DCT_64_inf_PC1,D,C,extratrees,-0.272539972186463,-1.0947045143803218,-0.2834930619537699,-0.1241188838054681,-0.122937054020684,5
DCT_64_inf_PC1,D,C,ridge,-0.0697081796839309,-0.32408533391511785,-0.0850220201544258,0.0057908206363037,0.028233516845456122,5
DCT_64_inf_PC1,D,R,dummy,-0.029158736159182,-0.11139105810356764,-0.0730452415372453,-0.0179879318441498,-0.017168824619044818,5
DCT_64_inf_PC1,D,R,extratrees,-0.4595801751510977,-1.2076274994531617,-0.5564190934399003,-0.4243526143039469,-0.12859884630639634,5
DCT_64_inf_PC1,D,R,ridge,-0.0677167725266822,-0.4163019850708993,-0.0777446363515459,-0.0577604563652101,-0.022369569994447835,5
DCT_64_inf_PC2,D,A,dummy,-0.0149311730555945,-0.06795532342256626,-0.0482159459946514,-0.003885604460637,-0.0017927628144948596,5
DCT_64_inf_PC2,D,A,extratrees,-0.0177016114131016,-0.45476877033582697,-0.1618561094838717,0.2349923911424027,0.29895380656806936,5
DCT_64_inf_PC2,D,A,ridge,0.0366876176836402,-0.24028915621897184,-0.043824212546341,0.0674036240436184,0.09515836708134394,5
DCT_64_inf_PC2,D,C,dummy,-0.0149311730555945,-0.06795532342256626,-0.0482159459946514,-0.003885604460637,-0.0017927628144948596,5
DCT_64_inf_PC2,D,C,extratrees,0.1884176869427327,-0.3683322996159172,-0.1368344738410125,0.2130485584738611,0.2391978673060483,5
DCT_64_inf_PC2,D,C,ridge,0.0324278704819969,-0.20089800139430453,-0.039297204729138,0.0662924956066276,0.07357584148503142,5
DCT_64_inf_PC2,D,R,dummy,-0.0149311730555945,-0.06795532342256626,-0.0482159459946514,-0.003885604460637,-0.0017927628144948596,5
DCT_64_inf_PC2,D,R,extratrees,0.156309365992063,-0.19644405839210727,-0.0992410050112657,0.2992654022625267,0.4219126641262313,5
DCT_64_inf_PC2,D,R,ridge,-0.021101328179774,-0.11449768153655736,-0.0956407895028939,-0.0097209642984614,0.023800915605113264,5
DCT_64_inf_PC3,D,A,dummy,-0.0036969656331558,-0.08604374628153662,-0.0475905693384077,-0.002108279995489,-0.00131356797067576,5
DCT_64_inf_PC3,D,A,extratrees,-0.1848757920021864,-0.2854062463846824,-0.2004277577311568,-0.1231388118417078,-0.07714334990866842,5
DCT_64_inf_PC3,D,A,ridge,0.0080553171653069,-0.03445342885932022,-0.01169402862331,0.0347294204617619,0.04209588395097722,5
DCT_64_inf_PC3,D,C,dummy,-0.0036969656331558,-0.08604374628153662,-0.0475905693384077,-0.002108279995489,-0.00131356797067576,5
DCT_64_inf_PC3,D,C,extratrees,-0.096705149128508,-0.323100137857032,-0.1806844092848492,-0.0400535808256203,-0.02395271598778248,5
DCT_64_inf_PC3,D,C,ridge,0.0083974625518228,-0.10241167514995508,-0.0147449210495138,0.012453703626803,0.02331080622928256,5
DCT_64_inf_PC3,D,R,dummy,-0.0036969656331558,-0.08604374628153662,-0.0475905693384077,-0.002108279995489,-0.00131356797067576,5
DCT_64_inf_PC3,D,R,extratrees,-0.0860074180271912,-0.32366416530489395,-0.1315140437472222,-0.033361971445448,0.00041752030874350407,5
DCT_64_inf_PC3,D,R,ridge,-0.0218595499163924,-0.12496952113832797,-0.0321278339514239,0.0079193809864985,0.00951717346416506,5
DCT_8_16_PC1,D,A,dummy,-0.0119508341669687,-0.09409904755790938,-0.0532994192865052,-0.0078691948888609,-0.0056251842553590396,5
DCT_8_16_PC1,D,A,extratrees,-0.136470881208691,-0.5799678593393882,-0.2812645434144587,-0.0857894695957197,0.0074228880100561945,5
DCT_8_16_PC1,D,A,ridge,-0.0042278356253799,-0.29888073942730825,-0.2982426876877599,0.0149488351884978,0.01985419219851672,5
DCT_8_16_PC1,D,C,dummy,-0.0119508341669687,-0.09409904755790938,-0.0532994192865052,-0.0078691948888609,-0.0056251842553590396,5
DCT_8_16_PC1,D,C,extratrees,-0.2380006160621672,-0.8113630103622222,-0.3770563229499744,-0.0950975398482834,-0.08867194713418812,5
DCT_8_16_PC1,D,C,ridge,-0.0040502259477934,-0.3255319692091287,-0.3144501725077664,0.0048557622872269,0.013428436290807701,5
DCT_8_16_PC1,D,R,dummy,-0.0119508341669687,-0.09409904755790938,-0.0532994192865052,-0.0078691948888609,-0.0056251842553590396,5
DCT_8_16_PC1,D,R,extratrees,-0.3434776206342667,-0.8482496384602605,-0.4085374066610878,-0.2346381192939464,-0.19183216186799187,5
DCT_8_16_PC1,D,R,ridge,-0.0086402043591859,-0.16434796292797735,-0.1463390575414191,-0.0015943057256992,-0.00149109931332736,5
DCT_8_16_PC2,D,A,dummy,-0.1442040713709087,-0.1738692440624779,-0.1515041732476121,-0.0316518379058585,-0.013648166210429177,5
DCT_8_16_PC2,D,A,extratrees,-0.7813187330869826,-2.601783687158613,-0.886114128369285,-0.6309414123959749,-0.5964859501438203,5
DCT_8_16_PC2,D,A,ridge,-0.3828559001719918,-0.7716990318283918,-0.4278881935612513,-0.0981619609703949,-0.06424483423444571,5
DCT_8_16_PC2,D,C,dummy,-0.1442040713709087,-0.1738692440624779,-0.1515041732476121,-0.0316518379058585,-0.013648166210429177,5
DCT_8_16_PC2,D,C,extratrees,-1.1559924779774091,-1.308542616685251,-1.1956051861994497,-0.7772210464676317,-0.5636810295418309,5
DCT_8_16_PC2,D,C,ridge,-0.4059680389201134,-0.7516648389400321,-0.4989646208026568,-0.1021143909827959,-0.0834935347390975,5
DCT_8_16_PC2,D,R,dummy,-0.1442040713709087,-0.1738692440624779,-0.1515041732476121,-0.0316518379058585,-0.013648166210429177,5
DCT_8_16_PC2,D,R,extratrees,-0.7760250879676389,-2.7663295543331414,-2.459646864011664,-0.7027761608802301,-0.41267881279212704,5
DCT_8_16_PC2,D,R,ridge,-0.2950975195851102,-0.41139431050991226,-0.3936994412585666,-0.1363182160423781,-0.04864654036425696,5
DCT_8_16_PC3,D,A,dummy,-0.017230095171139,-0.15420553393593356,-0.0600384926031154,-0.0160068278418641,-0.006609647927286559,5
DCT_8_16_PC3,D,A,extratrees,-0.5998439170526204,-1.6836983831725871,-1.5911721346692551,-0.5684096199713204,-0.44803261336144307,5
DCT_8_16_PC3,D,A,ridge,-0.1281652482231405,-0.28427431651930707,-0.2288979023076722,0.0413591282835303,0.04747914655993146,5
DCT_8_16_PC3,D,C,dummy,-0.017230095171139,-0.15420553393593356,-0.0600384926031154,-0.0160068278418641,-0.006609647927286559,5
DCT_8_16_PC3,D,C,extratrees,-0.5554934792778088,-1.547350201823426,-1.3445308589164968,-0.3491477940405332,-0.29896963171343893,5
DCT_8_16_PC3,D,C,ridge,-0.2994548761216344,-0.32356980809717234,-0.3150446211913664,0.0447605920504883,0.04917512801019602,5
DCT_8_16_PC3,D,R,dummy,-0.017230095171139,-0.15420553393593356,-0.0600384926031154,-0.0160068278418641,-0.006609647927286559,5
DCT_8_16_PC3,D,R,extratrees,-0.3382221365305782,-1.5508138183962887,-1.4550772770056368,-0.2793084066420248,-0.1733568666783643,5
DCT_8_16_PC3,D,R,ridge,-0.1776248699702418,-0.37953594792572515,-0.2685253403452148,-0.029321752922639,-0.002978729611927456,5
E_DCT_16_32_frac,C,A,dummy,-0.0018569921133479,-0.020345309120463,-0.0171371482264455,-0.0001355756044578,-5.941727393052234e-05,5
E_DCT_16_32_frac,C,A,extratrees,0.345989438215008,0.1096640769863397,0.2201355831958881,0.38440588406911,0.44203699867078694,5
E_DCT_16_32_frac,C,A,ridge,0.1655934726868007,-0.020273308687254826,0.1420649812085646,0.1715796070414252,0.18969283817939878,5
E_DCT_16_32_frac,C,C,dummy,-0.0018569921133479,-0.020345309120463,-0.0171371482264455,-0.0001355756044578,-5.941727393052234e-05,5
E_DCT_16_32_frac,C,C,extratrees,0.3325191001475756,0.10784936590348199,0.204368955235063,0.3486488208370074,0.424430928821209,5
E_DCT_16_32_frac,C,C,ridge,0.2230646165285782,0.1100152031234803,0.2047169583718084,0.2552864209895362,0.30074896013021973,5
E_DCT_16_32_frac,C,R,dummy,-0.0018569921133479,-0.020345309120463,-0.0171371482264455,-0.0001355756044578,-5.941727393052234e-05,5
E_DCT_16_32_frac,C,R,extratrees,0.2150619242838766,-0.08250727849048493,0.0468223926028602,0.280595431621767,0.36470079912308573,5
E_DCT_16_32_frac,C,R,ridge,0.1516916723003433,0.04610970505691032,0.1095771024499693,0.2518225908880364,0.3142519087985092,5
E_DCT_32_64_frac,C,A,dummy,-0.0036700291633111,-0.03196627601651286,-0.0260304979665348,-0.0036278584517093,-0.00352592145919958,5
E_DCT_32_64_frac,C,A,extratrees,0.1295165550320431,-0.06209072627324646,-0.0517237533603123,0.1676811859532829,0.18798542806713775,5
E_DCT_32_64_frac,C,A,ridge,0.1243310099717137,0.03004363801641155,0.1196675852967211,0.3575505529305373,0.4073284274542923,5
E_DCT_32_64_frac,C,C,dummy,-0.0036700291633111,-0.03196627601651286,-0.0260304979665348,-0.0036278584517093,-0.00352592145919958,5
E_DCT_32_64_frac,C,C,extratrees,0.1637642934586625,0.028863954051397234,0.1147176892789642,0.1732966730461032,0.17420607086186263,5
E_DCT_32_64_frac,C,C,ridge,0.1705409833493816,0.15327704714159704,0.1584427633335184,0.3890919130083479,0.43029662112179096,5
E_DCT_32_64_frac,C,R,dummy,-0.0036700291633111,-0.03196627601651286,-0.0260304979665348,-0.0036278584517093,-0.00352592145919958,5
E_DCT_32_64_frac,C,R,extratrees,0.0615971336183088,-0.03399218656706538,0.0392133916433844,0.119816529971617,0.1341625776492256,5
E_DCT_32_64_frac,C,R,ridge,0.1988580353758942,0.1250731700893505,0.1648700429272406,0.3398746880652558,0.35391364123736,5
E_DCT_64_inf_frac,C,A,dummy,-0.0038683137844206,-0.07349336337905818,-0.0495586789558639,-0.0036987601963194,-0.0033117215814623398,5
E_DCT_64_inf_frac,C,A,extratrees,0.264536155766085,0.24167395092486235,0.2436135388246799,0.3364123761667097,0.40423861174629494,5
E_DCT_64_inf_frac,C,A,ridge,0.2845532396121483,0.2203440965327378,0.2413744877035146,0.3348097952526196,0.3364093226846764,5
E_DCT_64_inf_frac,C,C,dummy,-0.0038683137844206,-0.07349336337905818,-0.0495586789558639,-0.0036987601963194,-0.0033117215814623398,5
E_DCT_64_inf_frac,C,C,extratrees,0.2884586213788801,0.2397815878623749,0.2819418090923855,0.3536436707832212,0.4181283631405442,5
E_DCT_64_inf_frac,C,C,ridge,0.274434633802425,0.21719024222115088,0.2503658945322187,0.3565600677841456,0.366848165899306,5
E_DCT_64_inf_frac,C,R,dummy,-0.0038683137844206,-0.07349336337905818,-0.0495586789558639,-0.0036987601963194,-0.0033117215814623398,5
E_DCT_64_inf_frac,C,R,extratrees,0.2360309400969868,0.09371525191181765,0.1364317665486148,0.2611823386489689,0.29743648330838846,5
E_DCT_64_inf_frac,C,R,ridge,0.0207000743714018,-0.0751663547684351,-0.0678887118936797,0.086166877209277,0.12178776124183505,5
E_DCT_8_16_frac,C,A,dummy,-0.0473521384953739,-0.10854802715722706,-0.0509776818002951,-0.0143245967220044,-0.01361763806626874,5
E_DCT_8_16_frac,C,A,extratrees,0.626451115117141,0.49039094236390895,0.5745542305807854,0.6284154459236502,0.6703515263757102,5
E_DCT_8_16_frac,C,A,ridge,0.4175997250405951,0.3999081677113347,0.4042058462057809,0.4349660739517453,0.4669062719120873,5
E_DCT_8_16_frac,C,C,dummy,-0.0473521384953739,-0.10854802715722706,-0.0509776818002951,-0.0143245967220044,-0.01361763806626874,5
E_DCT_8_16_frac,C,C,extratrees,0.6388511185514935,0.51793710557739,0.6251052564527343,0.6468459240343082,0.6622816920947148,5
E_DCT_8_16_frac,C,C,ridge,0.4523588956040862,0.39718666447162454,0.4217081931525923,0.4677591727017994,0.4818036872900784,5
E_DCT_8_16_frac,C,R,dummy,-0.0473521384953739,-0.10854802715722706,-0.0509776818002951,-0.0143245967220044,-0.01361763806626874,5
E_DCT_8_16_frac,C,R,extratrees,0.3657456608505888,0.3128688589175354,0.3347291299766086,0.415425606117406,0.41542891529497034,5
E_DCT_8_16_frac,C,R,ridge,0.036318947146204,-0.10236273318885619,-0.0852305204450789,0.039393183533293,0.11644307945765794,5
Sa_um,B,A,dummy,-0.0023935004141069,-0.021206164662358102,-0.0190991471064725,-0.0022193878807594,-0.0010469768064214598,5
Sa_um,B,A,extratrees,0.058578150409008,-0.2822551622922119,-0.1423639359561979,0.1126586070868155,0.18164063015739984,5
Sa_um,B,A,ridge,0.1517006689557227,-0.0242390047960283,0.0517779812652013,0.1799717685061023,0.1828806095297429,5
Sa_um,B,C,dummy,-0.0023935004141069,-0.021206164662358102,-0.0190991471064725,-0.0022193878807594,-0.0010469768064214598,5
Sa_um,B,C,extratrees,0.0392600654046374,-0.3079230916312162,-0.0324369787439875,0.1274073769274268,0.20365281002437685,5
Sa_um,B,C,ridge,0.1160136065034392,0.01767337312236706,0.0492644097671071,0.2041272779708803,0.23472122218830557,5
Sa_um,B,R,dummy,-0.0023935004141069,-0.021206164662358102,-0.0190991471064725,-0.0022193878807594,-0.0010469768064214598,5
Sa_um,B,R,extratrees,-0.0073439936338404,-0.18678829742399544,-0.0488342731489119,0.1457932723439002,0.2793436947354378,5
Sa_um,B,R,ridge,0.1103597428645956,0.04873082565847618,0.0813983970462703,0.2432862783883423,0.25285121518720893,5
Sq_um,B,A,dummy,-0.0141835659035964,-0.03355889554293238,-0.0186905615507149,-0.0057710792569347,-0.0025033472339795397,5
Sq_um,B,A,extratrees,0.0338103240026558,-0.6247354694201885,-0.1910016924853999,0.1248609043906532,0.17739577003333454,5
Sq_um,B,A,ridge,0.0778926063823471,-0.13815938754090107,-0.0843174904885053,0.1476101106607964,0.1964855999658283,5
Sq_um,B,C,dummy,-0.0141835659035964,-0.03355889554293238,-0.0186905615507149,-0.0057710792569347,-0.0025033472339795397,5
Sq_um,B,C,extratrees,-0.0161264155046516,-0.7019865369558442,-0.0206635745256595,0.1453593151061023,0.2531070424579853,5
Sq_um,B,C,ridge,0.1335257366126497,-0.04557226450258796,-0.0217650802035902,0.1459146123678646,0.22520412134689427,5
Sq_um,B,R,dummy,-0.0141835659035964,-0.03355889554293238,-0.0186905615507149,-0.0057710792569347,-0.0025033472339795397,5
Sq_um,B,R,extratrees,0.0511181356604431,-0.33271386362914646,-0.0377701114467472,0.1447806042674183,0.24578727261131714,5
Sq_um,B,R,ridge,0.1267713650319761,-0.09541685409515929,0.0972817831575946,0.1530794136592369,0.21882629783346016,5
Ssk_skewness,B,A,dummy,-0.0651423960574626,-0.11391085067991916,-0.1091058631777528,-0.036825570011215,-0.015662719574179057,5
Ssk_skewness,B,A,extratrees,0.0563411312194034,-0.042445780327077,-0.0178246577464731,0.1569220872424536,0.2013337396925009,5
Ssk_skewness,B,A,ridge,0.0521598777945498,-0.0537208388636432,0.0014207679199162,0.0850306938885923,0.1384409623738611,5
Ssk_skewness,B,C,dummy,-0.0651423960574626,-0.11391085067991916,-0.1091058631777528,-0.036825570011215,-0.015662719574179057,5
Ssk_skewness,B,C,extratrees,0.1030971349398084,-0.27333960389304934,-0.0481293222121372,0.1374942677771744,0.23705495923195757,5
Ssk_skewness,B,C,ridge,0.0884157929869308,-0.09494866302692012,-0.0302810063781664,0.1954711729905233,0.21980284224211988,5
Ssk_skewness,B,R,dummy,-0.0651423960574626,-0.11391085067991916,-0.1091058631777528,-0.036825570011215,-0.015662719574179057,5
Ssk_skewness,B,R,extratrees,0.0960930053019317,-0.3876611571420837,-0.1877440128073586,0.2010470784652958,0.2420370445189837,5
Ssk_skewness,B,R,ridge,0.0680456598314616,-0.2289322956522262,0.0005219116726263,0.2293234447098455,0.2476134387384277,5
acf_e_fold_lag_um,B,A,dummy,-0.0139682463506252,-0.01571717468196688,-0.0149898662342926,-0.0123333076296161,-0.00530793090037958,5
acf_e_fold_lag_um,B,A,extratrees,0.3007429746967092,0.05999737059712111,0.2794222430717028,0.3128024419661862,0.31516808780597416,5
acf_e_fold_lag_um,B,A,ridge,0.1733028826389036,0.08728640472475005,0.1675704742878127,0.1805004309351013,0.2196748528167333,5
acf_e_fold_lag_um,B,C,dummy,-0.0139682463506252,-0.01571717468196688,-0.0149898662342926,-0.0123333076296161,-0.00530793090037958,5
acf_e_fold_lag_um,B,C,extratrees,0.3357153840594467,0.1507363273535422,0.2597758398000778,0.3668049992087533,0.4078898057302581,5
acf_e_fold_lag_um,B,C,ridge,0.1525903351218038,0.04119446569562374,0.1405048439421148,0.1851662585773826,0.22170448892049313,5
acf_e_fold_lag_um,B,R,dummy,-0.0139682463506252,-0.01571717468196688,-0.0149898662342926,-0.0123333076296161,-0.00530793090037958,5
acf_e_fold_lag_um,B,R,extratrees,0.1268781218712112,0.05919686642456306,0.0711514666837322,0.2642506287862038,0.3096138485298821,5
acf_e_fold_lag_um,B,R,ridge,0.1557747194160272,0.09425972681227514,0.1174533354604826,0.1787192383670452,0.2214482096372934,5
aniso_gradx_over_y,B,A,dummy,-0.0205057822306926,-0.1793614380310878,-0.1050520806263768,-0.008403421603917,-0.005574753476068619,5
aniso_gradx_over_y,B,A,extratrees,0.570914051453076,0.20412552027686381,0.2729492838967891,0.5894921493802099,0.6349056036686165,5
aniso_gradx_over_y,B,A,ridge,0.3758949129399214,0.13744896599778855,0.2770226277296288,0.4832408351304077,0.4865015106292412,5
aniso_gradx_over_y,B,C,dummy,-0.0205057822306926,-0.1793614380310878,-0.1050520806263768,-0.008403421603917,-0.005574753476068619,5
aniso_gradx_over_y,B,C,extratrees,0.53794885428325,0.2796702012597982,0.2834083248307492,0.5740989270830972,0.585772658658861,5
aniso_gradx_over_y,B,C,ridge,0.3889170985788945,0.10551242870035633,0.1906751287875029,0.4690974990542798,0.48495306920103565,5
aniso_gradx_over_y,B,R,dummy,-0.0205057822306926,-0.1793614380310878,-0.1050520806263768,-0.008403421603917,-0.005574753476068619,5
aniso_gradx_over_y,B,R,extratrees,0.2019626241080363,0.11392663557127936,0.1565936852384296,0.3782140153916077,0.42705845743297255,5
aniso_gradx_over_y,B,R,ridge,0.0777219702610834,-0.29828274778321834,-0.0079632651551491,0.1355235652727896,0.1419765985810644,5
deepest_negative_residual_um,B,A,dummy,-0.0109231376336209,-0.03576952349564746,-0.0111038493489847,-0.0042728658931616,-0.0033757262389992196,5
deepest_negative_residual_um,B,A,extratrees,-0.0563926523074056,-0.34557256788481755,-0.3362024055058654,0.0952797315430563,0.18452160150394994,5
deepest_negative_residual_um,B,A,ridge,0.0638100305740597,-0.015762251361990318,0.0528797776435939,0.1194174855343879,0.1589999136771529,5
deepest_negative_residual_um,B,C,dummy,-0.0109231376336209,-0.03576952349564746,-0.0111038493489847,-0.0042728658931616,-0.0033757262389992196,5
deepest_negative_residual_um,B,C,extratrees,-0.2155563238376581,-0.272546643659125,-0.2583293737098249,0.1183506643189201,0.18651084514489763,5
deepest_negative_residual_um,B,C,ridge,0.1366882946698201,-0.04121021590581552,0.0440950737842721,0.1658097229186289,0.18971874872946015,5
deepest_negative_residual_um,B,R,dummy,-0.0109231376336209,-0.03576952349564746,-0.0111038493489847,-0.0042728658931616,-0.0033757262389992196,5
deepest_negative_residual_um,B,R,extratrees,-0.1210289276890834,-0.2707005662855044,-0.1633787875985677,0.0781227460852204,0.15833829413881156,5
deepest_negative_residual_um,B,R,ridge,0.0752662131130813,-0.028492388391843794,0.0396321599984581,0.1054664245904696,0.1750513518721831,5
grad_rms_um_per_um,B,A,dummy,-0.0127313475716086,-0.06960385755263002,-0.0308243548485229,-0.0121994847818904,-0.005014412231756338,5
grad_rms_um_per_um,B,A,extratrees,-0.0281572232377453,-0.2881124004318718,-0.2711003793145072,0.1047881827713016,0.2470385377093985,5
grad_rms_um_per_um,B,A,ridge,0.0497092739101199,0.018999612809814343,0.0478674234347731,0.1258461282303068,0.19240312038200763,5
grad_rms_um_per_um,B,C,dummy,-0.0127313475716086,-0.06960385755263002,-0.0308243548485229,-0.0121994847818904,-0.005014412231756338,5
grad_rms_um_per_um,B,C,extratrees,0.1028795820861364,-0.2077778359347789,-0.1865639696923018,0.110880961954868,0.3303032566900076,5
grad_rms_um_per_um,B,C,ridge,0.0942298319542322,0.0854122420706529,0.0901996367442108,0.1568278065051506,0.20866407744912674,5
grad_rms_um_per_um,B,R,dummy,-0.0127313475716086,-0.06960385755263002,-0.0308243548485229,-0.0121994847818904,-0.005014412231756338,5
grad_rms_um_per_um,B,R,extratrees,0.11557228299466,-0.1465717820223283,-0.1235879801050312,0.1356911530029542,0.38348718576306845,5
grad_rms_um_per_um,B,R,ridge,0.0750674283361638,0.005668646155808102,0.0744914883365355,0.1150516569145615,0.17244060467798908,5
kurtosis_excess_fisher,B,A,dummy,-0.0249652372439204,-0.15326443651052105,-0.0363000786372706,-0.0030679139790827,-0.0012334143651823466,5
kurtosis_excess_fisher,B,A,extratrees,0.0198046532142786,-1.0145029679271933,-0.0878697935049386,0.0257793588014954,0.15273398213856537,5
kurtosis_excess_fisher,B,A,ridge,0.0403173035005743,-0.19135057537028827,-0.1449500954079887,0.0628637116510391,0.07309135066618964,5
kurtosis_excess_fisher,B,C,dummy,-0.0249652372439204,-0.15326443651052105,-0.0363000786372706,-0.0030679139790827,-0.0012334143651823466,5
kurtosis_excess_fisher,B,C,extratrees,0.1214688894910482,-3.6275344132291063,0.1039115770186007,0.130376468156414,0.21236256373641482,5
kurtosis_excess_fisher,B,C,ridge,0.0509505341887439,-1.5718908900202833,-0.0883607099213887,0.1269719527347939,0.19445620490959722,5
kurtosis_excess_fisher,B,R,dummy,-0.0249652372439204,-0.15326443651052105,-0.0363000786372706,-0.0030679139790827,-0.0012334143651823466,5
kurtosis_excess_fisher,B,R,extratrees,0.1937893554191317,-3.6636728702691217,0.1621144763432082,0.197468947495882,0.2223309636337357,5
kurtosis_excess_fisher,B,R,ridge,0.0071029789588902,-1.5216496332330258,0.0045742429625502,0.2450065384407089,0.26813473429725493,5
lap_rms_um_per_px2,B,A,dummy,-0.0281173640114773,-0.06508885882383528,-0.036081157496181,-0.0169716420126391,-0.00745755819373288,5
lap_rms_um_per_px2,B,A,extratrees,-0.2682368098359942,-0.32065115766457253,-0.2933913505463088,0.01166382760878,0.12861262737801776,5
lap_rms_um_per_px2,B,A,ridge,0.026812533557996,-0.09983532735954434,0.0109969737342919,0.1192495640299414,0.12308780371762347,5
lap_rms_um_per_px2,B,C,dummy,-0.0281173640114773,-0.06508885882383528,-0.036081157496181,-0.0169716420126391,-0.00745755819373288,5
lap_rms_um_per_px2,B,C,extratrees,-0.0888993543560294,-0.1971925430926487,-0.193394393279874,0.0163953249579354,0.1792559277468534,5
lap_rms_um_per_px2,B,C,ridge,0.0304279020733621,-0.05405402859635808,0.0060742410821919,0.0878606046455838,0.09636798087203388,5
lap_rms_um_per_px2,B,R,dummy,-0.0281173640114773,-0.06508885882383528,-0.036081157496181,-0.0169716420126391,-0.00745755819373288,5
lap_rms_um_per_px2,B,R,extratrees,-0.0123290461247738,-0.1159978962201495,-0.0412027677956643,0.0673244498944212,0.27455915703314404,5
lap_rms_um_per_px2,B,R,ridge,0.0171837983060544,-0.09177836408994056,-0.0767482589231978,0.0459041540631687,0.05221653066216318,5
median_depth_um,A,A,dummy,-0.003091015205499,-0.00979524879519394,-0.0036502055156413,-0.0012249129911765,-0.0010945873585381399,5
median_depth_um,A,A,extratrees,0.9100104991988768,0.8840694930999274,0.9022556569912644,0.9335281667934394,0.9511578386477267,5
median_depth_um,A,A,ridge,0.5421738631222122,0.5160421854423394,0.5294968979250811,0.5963747001560282,0.6808553694213673,5
median_depth_um,A,C,dummy,-0.003091015205499,-0.00979524879519394,-0.0036502055156413,-0.0012249129911765,-0.0010945873585381399,5
median_depth_um,A,C,extratrees,0.929522857262613,0.9066654926982118,0.9273686250562224,0.9452614679437488,0.9589182170978076,5
median_depth_um,A,C,ridge,0.7930266564144585,0.7677451219356821,0.7739464581482199,0.7964841193424723,0.8037662960786466,5
median_depth_um,A,R,dummy,-0.003091015205499,-0.00979524879519394,-0.0036502055156413,-0.0012249129911765,-0.0010945873585381399,5
median_depth_um,A,R,extratrees,0.8201221052431125,0.7470576668317471,0.8063172257985961,0.852790495524608,0.8744827770889444,5
median_depth_um,A,R,ridge,0.6045370835433506,0.47533119265855067,0.5511736153427806,0.6618818786671983,0.6640142774476359,5
peak_to_valley_p98p2_um,B,A,dummy,-0.0583100756449928,-0.06732674008035933,-0.0595699832613854,-0.0003983558726172,-0.00017562118905127113,5
peak_to_valley_p98p2_um,B,A,extratrees,-0.1243288869733718,-0.7771155173775037,-0.1764561880092539,0.1351875381500318,0.18387792775813885,5
peak_to_valley_p98p2_um,B,A,ridge,0.07674782715086,-0.13186658444156685,-0.0151805883667681,0.130058594353034,0.18501703903852856,5
peak_to_valley_p98p2_um,B,C,dummy,-0.0583100756449928,-0.06732674008035933,-0.0595699832613854,-0.0003983558726172,-0.00017562118905127113,5
peak_to_valley_p98p2_um,B,C,extratrees,0.0498664743227479,-1.1160098687221882,-0.185447885387942,0.1501771255609066,0.259817070119435,5
peak_to_valley_p98p2_um,B,C,ridge,0.0824246329490182,-0.03383389213767834,0.0258207258311715,0.1430521784006104,0.2068889858364234,5
peak_to_valley_p98p2_um,B,R,dummy,-0.0583100756449928,-0.06732674008035933,-0.0595699832613854,-0.0003983558726172,-0.00017562118905127113,5
peak_to_valley_p98p2_um,B,R,extratrees,0.1031653889621121,-1.040034246737707,-0.2513475609303801,0.1856778138348198,0.3047022287573623,5
peak_to_valley_p98p2_um,B,R,ridge,0.1355775317217409,-0.27208269118287687,0.0415581212946313,0.1821592046246621,0.22501256941664907,5
pit_density_per_Mpx,B,A,dummy,-0.0215805707719463,-0.38565374274413583,-0.0960882276523322,-0.002331307635129,-0.00144449235344658,5
pit_density_per_Mpx,B,A,extratrees,-0.5305375521318407,-3.4731083833942664,-2.6020171974152952,-0.230348616337491,-0.10947211142359126,5
pit_density_per_Mpx,B,A,ridge,-0.0258018298580025,-0.8098023828188678,-0.449709431276533,-0.009697174709303,0.0033541468241119615,5
pit_density_per_Mpx,B,C,dummy,-0.0215805707719463,-0.38565374274413583,-0.0960882276523322,-0.002331307635129,-0.00144449235344658,5
pit_density_per_Mpx,B,C,extratrees,-0.8058978314118803,-4.1662777837837845,-3.327803740495388,-0.2691703712210578,-0.12601690440011726,5
pit_density_per_Mpx,B,C,ridge,-0.0533170846834016,-0.8615020279736554,-0.4941086354296853,-0.0305448309316185,-0.021556668497201517,5
pit_density_per_Mpx,B,R,dummy,-0.0215805707719463,-0.38565374274413583,-0.0960882276523322,-0.002331307635129,-0.00144449235344658,5
pit_density_per_Mpx,B,R,extratrees,-0.2836014496333805,-4.107639499128574,-1.728154313036994,-0.1850121506702944,-0.1006065449288536,5
pit_density_per_Mpx,B,R,ridge,-0.0373237235052772,-0.432071395885143,-0.2871777954458423,-0.0226820932063847,0.008221584629112644,5
pit_depth_um,B,A,dummy,-0.0109231376336209,-0.03576952349564746,-0.0111038493489847,-0.0042728658931616,-0.0033757262389992196,5
pit_depth_um,B,A,extratrees,-0.0563926523074056,-0.34557256788481766,-0.3362024055058654,0.0952797315430563,0.18452160150394994,5
pit_depth_um,B,A,ridge,0.0638100305740597,-0.015762251361990318,0.0528797776435939,0.1194174855343879,0.1589999136771529,5
pit_depth_um,B,C,dummy,-0.0109231376336209,-0.03576952349564746,-0.0111038493489847,-0.0042728658931616,-0.0033757262389992196,5
pit_depth_um,B,C,extratrees,-0.2155563238376581,-0.272546643659125,-0.2583293737098249,0.1183506643189201,0.18651084514489744,5
pit_depth_um,B,C,ridge,0.1366882946698201,-0.04121021590581552,0.0440950737842721,0.1658097229186289,0.18971874872946015,5
pit_depth_um,B,R,dummy,-0.0109231376336209,-0.03576952349564746,-0.0111038493489847,-0.0042728658931616,-0.0033757262389992196,5
pit_depth_um,B,R,extratrees,-0.1210289276890834,-0.27070056628550443,-0.1633787875985679,0.0781227460852201,0.15833829413881145,5
pit_depth_um,B,R,ridge,0.0752662131130813,-0.028492388391843794,0.0396321599984581,0.1054664245904696,0.1750513518721831,5
rms_DCT_16_32_um,C,A,dummy,-0.0060080392471923,-0.07086463870045616,-0.0484744646638031,-0.0010085608819605,-0.0004594204564763574,5
rms_DCT_16_32_um,C,A,extratrees,0.1637306424576169,-0.1766571482651716,-0.0053667926044975,0.1844707694352969,0.3562506204614333,5
rms_DCT_16_32_um,C,A,ridge,0.2398911562363761,0.07090068267689176,0.14554364030122,0.2674878229258945,0.3419352964079203,5
rms_DCT_16_32_um,C,C,dummy,-0.0060080392471923,-0.07086463870045616,-0.0484744646638031,-0.0010085608819605,-0.0004594204564763574,5
rms_DCT_16_32_um,C,C,extratrees,0.169879204696468,-0.17561941160777614,-0.0763426701090685,0.3066887677821314,0.4648606232547779,5
rms_DCT_16_32_um,C,C,ridge,0.2687348316203806,0.08168723725754265,0.1662096237204617,0.2958783774210022,0.3240429753220133,5
rms_DCT_16_32_um,C,R,dummy,-0.0060080392471923,-0.07086463870045616,-0.0484744646638031,-0.0010085608819605,-0.0004594204564763574,5
rms_DCT_16_32_um,C,R,extratrees,0.218373562682492,-0.0254535511306861,-0.0228742155715642,0.3663890290433784,0.5341168397667275,5
rms_DCT_16_32_um,C,R,ridge,0.1494297166872662,0.1018340284112631,0.1372196708574876,0.2132752601728934,0.24739307471872932,5
rms_DCT_32_64_um,C,A,dummy,-0.0613044942932032,-0.07446341249634342,-0.0659504545087497,-0.0066549920431031,-0.0027159645054624744,5
rms_DCT_32_64_um,C,A,extratrees,0.0119470581581343,-0.5629722608635787,-0.0509439336982378,0.0725025823422081,0.2005975576788318,5
rms_DCT_32_64_um,C,A,ridge,0.1234249048597916,0.01997596358910974,0.0869859523121897,0.1660345848268339,0.2817881034550372,5
rms_DCT_32_64_um,C,C,dummy,-0.0613044942932032,-0.07446341249634342,-0.0659504545087497,-0.0066549920431031,-0.0027159645054624744,5
rms_DCT_32_64_um,C,C,extratrees,0.0514345072050199,-0.6989934099777895,-0.0593850554675354,0.0649025673447666,0.29818648004343473,5
rms_DCT_32_64_um,C,C,ridge,0.1486029593902544,-0.012069078446897752,0.0894925449915693,0.1777233019128469,0.25564186053661825,5
rms_DCT_32_64_um,C,R,dummy,-0.0613044942932032,-0.07446341249634342,-0.0659504545087497,-0.0066549920431031,-0.0027159645054624744,5
rms_DCT_32_64_um,C,R,extratrees,0.1015709065978965,-0.3994969763180003,-0.2190442903031959,0.1561505436909972,0.35310704604114534,5
rms_DCT_32_64_um,C,R,ridge,0.0975975255048507,0.07061925335928886,0.0863931419012161,0.1641092862335076,0.18419121309049014,5
rms_DCT_64_inf_um,C,A,dummy,-0.0024033832803322,-0.04752348679309428,-0.0459733170688749,-0.0009231360908661,-0.00044479431347003995,5
rms_DCT_64_inf_um,C,A,extratrees,0.0472470943349828,-0.6966013828314462,-0.2858944733308683,0.1373905424810462,0.13780353261084394,5
rms_DCT_64_inf_um,C,A,ridge,0.1564429080510354,-0.16277217482900103,-0.1226514280960613,0.1651209007147258,0.17720833106373812,5
rms_DCT_64_inf_um,C,C,dummy,-0.0024033832803322,-0.04752348679309428,-0.0459733170688749,-0.0009231360908661,-0.00044479431347003995,5
rms_DCT_64_inf_um,C,C,extratrees,0.0380979785302604,-0.6788862224904473,-0.0365597392607615,0.1603110108559773,0.17336661302051418,5
rms_DCT_64_inf_um,C,C,ridge,0.1307355519226092,-0.12277909101912587,-0.0882279698106598,0.1487761148660555,0.1868068405659494,5
rms_DCT_64_inf_um,C,R,dummy,-0.0024033832803322,-0.04752348679309428,-0.0459733170688749,-0.0009231360908661,-0.00044479431347003995,5
rms_DCT_64_inf_um,C,R,extratrees,0.0204642548039835,-0.3636704458979647,-0.1262779959563145,0.0545830101605858,0.10594045850962719,5
rms_DCT_64_inf_um,C,R,ridge,0.0843350130207681,-0.18087283828125195,0.0809750369991374,0.151085366874464,0.20290697306441097,5
rms_DCT_8_16_um,C,A,dummy,-0.0304132580205893,-0.06783259042477494,-0.0367409442566637,-0.0120200175733646,-0.0084312625668446,5
rms_DCT_8_16_um,C,A,extratrees,0.2385589956380076,-0.08866938232964633,0.0987385170876408,0.2499660171400082,0.35465157026039984,5
rms_DCT_8_16_um,C,A,ridge,0.1678557336845496,0.07613163642650517,0.0964243199521277,0.1868322834032252,0.19699611957837013,5
rms_DCT_8_16_um,C,C,dummy,-0.0304132580205893,-0.06783259042477494,-0.0367409442566637,-0.0120200175733646,-0.0084312625668446,5
rms_DCT_8_16_um,C,C,extratrees,0.2440662616298651,0.0036286958488854354,0.1921740542916571,0.2452844551820092,0.4119555118952196,5
rms_DCT_8_16_um,C,C,ridge,0.1694824757918487,0.12760228519529584,0.1674876308348752,0.1714127452413809,0.25394171674628396,5
rms_DCT_8_16_um,C,R,dummy,-0.0304132580205893,-0.06783259042477494,-0.0367409442566637,-0.0120200175733646,-0.0084312625668446,5
rms_DCT_8_16_um,C,R,extratrees,0.1768523485485581,-0.15550697056171336,-0.0118135088959412,0.1778590524410956,0.4431159478318951,5
rms_DCT_8_16_um,C,R,ridge,0.0822088700288944,0.06715026018598533,0.0687027737624245,0.1415087085791698,0.2164092798286332,5
